INSERT  INTO ASSET (ID,ASSET_TYPE_ID,CREATED_BY) values (400018,100,'dr2_test_data');
INSERT  INTO ASSET (ID,ASSET_TYPE_ID,CREATED_BY) values (400019,100,'dr2_test_data');
INSERT  INTO ASSET (ID,ASSET_TYPE_ID,CREATED_BY) values (400020,100,'dr2_test_data');
INSERT  INTO ASSET (ID,ASSET_TYPE_ID,CREATED_BY) values (400021,100,'dr2_test_data');
INSERT  INTO ASSET (ID,ASSET_TYPE_ID,CREATED_BY) values (400022,100,'dr2_test_data');
INSERT  INTO ASSET (ID,ASSET_TYPE_ID,CREATED_BY) values (400023,100,'dr2_test_data');
INSERT  INTO ASSET (ID,ASSET_TYPE_ID,CREATED_BY) values (400024,100,'dr2_test_data');
INSERT  INTO ASSET (ID,ASSET_TYPE_ID,CREATED_BY) values (400025,100,'dr2_test_data');
INSERT  INTO ASSET (ID,ASSET_TYPE_ID,CREATED_BY) values (400026,100,'dr2_test_data');
INSERT  INTO ASSET (ID,ASSET_TYPE_ID,CREATED_BY) values (400027,100,'dr2_test_data');
INSERT  INTO ASSET (ID,ASSET_TYPE_ID,CREATED_BY) values (400028,100,'dr2_test_data');
INSERT  INTO ASSET (ID,ASSET_TYPE_ID,CREATED_BY) values (400029,100,'dr2_test_data');
INSERT  INTO ASSET (ID,ASSET_TYPE_ID,CREATED_BY) values (400030,100,'dr2_test_data');
INSERT  INTO ASSET (ID,ASSET_TYPE_ID,CREATED_BY) values (400031,100,'dr2_test_data');
INSERT  INTO ASSET (ID,ASSET_TYPE_ID,CREATED_BY) values (400032,100,'dr2_test_data');
INSERT  INTO ASSET (ID,ASSET_TYPE_ID,CREATED_BY) values (400033,100,'dr2_test_data');
INSERT  INTO ASSET (ID,ASSET_TYPE_ID,CREATED_BY) values (400034,100,'dr2_test_data');
INSERT  INTO ASSET (ID,ASSET_TYPE_ID,CREATED_BY) values (400035,100,'dr2_test_data');
INSERT  INTO ASSET (ID,ASSET_TYPE_ID,CREATED_BY) values (400036,100,'dr2_test_data');
INSERT  INTO ASSET (ID,ASSET_TYPE_ID,CREATED_BY) values (400037,100,'dr2_test_data');

INSERT  INTO LRM_POSITION (ID, LINK_ID, VVH_ID, MML_ID, START_MEASURE, END_MEASURE, SIDE_CODE) VALUES (50000000, '620586a6-2159-49e6-85fd-ac3f2bcc7e94:1', 1611713, 362956839, 0.000, 17.064, 1);
INSERT  INTO LRM_POSITION (ID, LINK_ID, VVH_ID, MML_ID, START_MEASURE, END_MEASURE, SIDE_CODE) VALUES (50000001, 'ad38f031-e25a-4440-9b6a-3ba696ae2105:1', 1611601, 1088834634, 0.000, 133.287, 1);
INSERT  INTO LRM_POSITION (ID, LINK_ID, VVH_ID, MML_ID, START_MEASURE, END_MEASURE, SIDE_CODE) VALUES (50000002, '01d6269b-79f0-4e6f-bcea-cbc87995b230:1', 1611749, 939545922, 0.000, 367.384, 1);
INSERT  INTO LRM_POSITION (ID, LINK_ID, VVH_ID, MML_ID, START_MEASURE, END_MEASURE, SIDE_CODE) VALUES (50000004, '64d5441d-938e-4872-8400-4f3e063498dd:1', 1611696, 362956821, 0.000, 821.811, 1);
INSERT  INTO LRM_POSITION (ID, LINK_ID, VVH_ID, MML_ID, START_MEASURE, END_MEASURE, SIDE_CODE) VALUES (50000006, null, null, 388570156, 0.000, 131.601, 1);
INSERT  INTO LRM_POSITION (ID, LINK_ID, VVH_ID, MML_ID, START_MEASURE, END_MEASURE, SIDE_CODE) VALUES (50000007, '42449862-1f54-4b17-9b5f-469b1baf6219:1', 1611002, 1055797442, 0.000, 80.282, 1);
INSERT  INTO LRM_POSITION (ID, LINK_ID, VVH_ID, MML_ID, START_MEASURE, END_MEASURE, SIDE_CODE) VALUES (50000008, null, null, 388564669, 0.000, 300.485, 1);
INSERT  INTO LRM_POSITION (ID, LINK_ID, VVH_ID, MML_ID, START_MEASURE, END_MEASURE, SIDE_CODE) VALUES (50000009, 'c3f65569-4c71-4d14-ae1c-8ea32af0650b:1', 1611008, 1055797466, 0.000, 5.218, 1);
INSERT  INTO LRM_POSITION (ID, LINK_ID, VVH_ID, MML_ID, START_MEASURE, END_MEASURE, SIDE_CODE) VALUES (50000010, 'd38e857b-3b1e-4f0b-ae09-fb3173b663df:1', 1611004, 1055797430, 0.000, 79.721, 1);
INSERT  INTO LRM_POSITION (ID, LINK_ID, VVH_ID, MML_ID, START_MEASURE, END_MEASURE, SIDE_CODE) VALUES (50000011, '4b4bf9cc-2a97-4084-9a33-5a4d10d4114a:1', 1611605, 1088834689, 0.000, 300.291, 1);
INSERT  INTO LRM_POSITION (ID, LINK_ID, VVH_ID, MML_ID, START_MEASURE, END_MEASURE, SIDE_CODE) VALUES (50000012, '3eb3d199-dd6c-4cc7-ae59-930aa3b713b1:1', 1611007, 1570723303, 0.000, 87.044, 1);
INSERT  INTO LRM_POSITION (ID, LINK_ID, VVH_ID, MML_ID, START_MEASURE, END_MEASURE, SIDE_CODE) VALUES (50000013, 'b902e10f-348f-4706-a16b-0e893f1a2072:1', 1611707, 362956833, 0.000, 122.543, 1);
INSERT  INTO LRM_POSITION (ID, LINK_ID, VVH_ID, MML_ID, START_MEASURE, END_MEASURE, SIDE_CODE) VALUES (50000014, 'ee581bb2-fd3d-4e8b-9f42-16db74eccd82:1', 1611009, 1055797454, 0.000, 5.312, 1);
INSERT  INTO LRM_POSITION (ID, LINK_ID, VVH_ID, MML_ID, START_MEASURE, END_MEASURE, SIDE_CODE) VALUES (50000017, '00c37430-75fb-410c-a89d-cb1596406787:1', 1611711, 362956827, 0.000, 16.785, 1);
INSERT  INTO LRM_POSITION (ID, LINK_ID, VVH_ID, MML_ID, START_MEASURE, END_MEASURE, SIDE_CODE) VALUES (50000018, '8a05d409-4ccd-4ce6-989a-e7e85ae4ec4b:1', 1611418, 388569412, 0.000, 41.141, 1);
INSERT  INTO LRM_POSITION (ID, LINK_ID, VVH_ID, MML_ID, START_MEASURE, END_MEASURE, SIDE_CODE) VALUES (50000019, 'b6d439e7-ef9a-4ec4-94d1-476e2d2f5c8c:1', 1611699, 362961921, 0.000, 266.650, 1);
INSERT  INTO LRM_POSITION (ID, LINK_ID, VVH_ID, MML_ID, START_MEASURE, END_MEASURE, SIDE_CODE) VALUES (50000015, 'b3c7cbaa-5e57-4039-9881-ef8d3920ecad:1', 1611700, 362966333, 0.000, 236.820, 1);
INSERT  INTO LRM_POSITION (ID, LINK_ID, VVH_ID, MML_ID, START_MEASURE, END_MEASURE, SIDE_CODE) VALUES (50000003, '39a9cb55-4f30-43aa-b3d8-542613c668a3:1', 1611420, 388569406, 0.000, 23.214, 1);
INSERT  INTO LRM_POSITION (ID, LINK_ID, VVH_ID, MML_ID, START_MEASURE, END_MEASURE, SIDE_CODE) VALUES (50000005, 'be5348fa-d7f4-49cb-bc3f-21d08d2827cb:1', 6837733, 362957739, 0.000, 497.390, 1);
INSERT  INTO LRM_POSITION (ID, LINK_ID, VVH_ID, MML_ID, START_MEASURE, END_MEASURE, SIDE_CODE) VALUES (50000016, '413ce872-0127-4943-82e3-850caa91cb8e:1', 1611748, 362955423, 0.000, 319.551, 1);
INSERT  INTO ASSET_LINK (ASSET_ID,POSITION_ID) values (400018,50000000);
INSERT  INTO ASSET_LINK (ASSET_ID,POSITION_ID) values (400019,50000001);
INSERT  INTO ASSET_LINK (ASSET_ID,POSITION_ID) values (400020,50000002);
INSERT  INTO ASSET_LINK (ASSET_ID,POSITION_ID) values (400021,50000003);
INSERT  INTO ASSET_LINK (ASSET_ID,POSITION_ID) values (400022,50000004);
INSERT  INTO ASSET_LINK (ASSET_ID,POSITION_ID) values (400023,50000005);
INSERT  INTO ASSET_LINK (ASSET_ID,POSITION_ID) values (400024,50000006);
INSERT  INTO ASSET_LINK (ASSET_ID,POSITION_ID) values (400025,50000007);
INSERT  INTO ASSET_LINK (ASSET_ID,POSITION_ID) values (400026,50000008);
INSERT  INTO ASSET_LINK (ASSET_ID,POSITION_ID) values (400027,50000009);
INSERT  INTO ASSET_LINK (ASSET_ID,POSITION_ID) values (400028,50000010);
INSERT  INTO ASSET_LINK (ASSET_ID,POSITION_ID) values (400029,50000011);
INSERT  INTO ASSET_LINK (ASSET_ID,POSITION_ID) values (400030,50000012);
INSERT  INTO ASSET_LINK (ASSET_ID,POSITION_ID) values (400031,50000013);
INSERT  INTO ASSET_LINK (ASSET_ID,POSITION_ID) values (400032,50000014);
INSERT  INTO ASSET_LINK (ASSET_ID,POSITION_ID) values (400033,50000015);
INSERT  INTO ASSET_LINK (ASSET_ID,POSITION_ID) values (400034,50000016);
INSERT  INTO ASSET_LINK (ASSET_ID,POSITION_ID) values (400035,50000017);
INSERT  INTO ASSET_LINK (ASSET_ID,POSITION_ID) values (400036,50000018);
INSERT  INTO ASSET_LINK (ASSET_ID,POSITION_ID) values (400037,50000019);

INSERT  INTO NUMBER_PROPERTY_VALUE (ID,ASSET_ID,PROPERTY_ID,VALUE) values (882726,400030,(SELECT ID FROM property WHERE public_id = 'mittarajoitus'),1);
INSERT  INTO NUMBER_PROPERTY_VALUE (ID,ASSET_ID,PROPERTY_ID,VALUE) values (882727,400018,(SELECT ID FROM property WHERE public_id = 'mittarajoitus'),1);
INSERT  INTO NUMBER_PROPERTY_VALUE (ID,ASSET_ID,PROPERTY_ID,VALUE) values (882728,400035,(SELECT ID FROM property WHERE public_id = 'mittarajoitus'),1);
INSERT  INTO NUMBER_PROPERTY_VALUE (ID,ASSET_ID,PROPERTY_ID,VALUE) values (882729,400021,(SELECT ID FROM property WHERE public_id = 'mittarajoitus'),1);
INSERT  INTO NUMBER_PROPERTY_VALUE (ID,ASSET_ID,PROPERTY_ID,VALUE) values (882730,400023,(SELECT ID FROM property WHERE public_id = 'mittarajoitus'),1);
INSERT  INTO NUMBER_PROPERTY_VALUE (ID,ASSET_ID,PROPERTY_ID,VALUE) values (882731,400033,(SELECT ID FROM property WHERE public_id = 'mittarajoitus'),1);
INSERT  INTO NUMBER_PROPERTY_VALUE (ID,ASSET_ID,PROPERTY_ID,VALUE) values (882732,400024,(SELECT ID FROM property WHERE public_id = 'mittarajoitus'),1);
INSERT  INTO NUMBER_PROPERTY_VALUE (ID,ASSET_ID,PROPERTY_ID,VALUE) values (882733,400019,(SELECT ID FROM property WHERE public_id = 'mittarajoitus'),1);
INSERT  INTO NUMBER_PROPERTY_VALUE (ID,ASSET_ID,PROPERTY_ID,VALUE) values (882734,400037,(SELECT ID FROM property WHERE public_id = 'mittarajoitus'),1);
INSERT  INTO NUMBER_PROPERTY_VALUE (ID,ASSET_ID,PROPERTY_ID,VALUE) values (882735,400025,(SELECT ID FROM property WHERE public_id = 'mittarajoitus'),1);
INSERT  INTO NUMBER_PROPERTY_VALUE (ID,ASSET_ID,PROPERTY_ID,VALUE) values (882736,400020,(SELECT ID FROM property WHERE public_id = 'mittarajoitus'),1);
INSERT  INTO NUMBER_PROPERTY_VALUE (ID,ASSET_ID,PROPERTY_ID,VALUE) values (882737,400022,(SELECT ID FROM property WHERE public_id = 'mittarajoitus'),1);
INSERT  INTO NUMBER_PROPERTY_VALUE (ID,ASSET_ID,PROPERTY_ID,VALUE) values (882738,400036,(SELECT ID FROM property WHERE public_id = 'mittarajoitus'),1);
INSERT  INTO NUMBER_PROPERTY_VALUE (ID,ASSET_ID,PROPERTY_ID,VALUE) values (882739,400032,(SELECT ID FROM property WHERE public_id = 'mittarajoitus'),1);
INSERT  INTO NUMBER_PROPERTY_VALUE (ID,ASSET_ID,PROPERTY_ID,VALUE) values (882740,400026,(SELECT ID FROM property WHERE public_id = 'mittarajoitus'),1);
INSERT  INTO NUMBER_PROPERTY_VALUE (ID,ASSET_ID,PROPERTY_ID,VALUE) values (882741,400028,(SELECT ID FROM property WHERE public_id = 'mittarajoitus'),1);
INSERT  INTO NUMBER_PROPERTY_VALUE (ID,ASSET_ID,PROPERTY_ID,VALUE) values (882742,400027,(SELECT ID FROM property WHERE public_id = 'mittarajoitus'),1);
INSERT  INTO NUMBER_PROPERTY_VALUE (ID,ASSET_ID,PROPERTY_ID,VALUE) values (882743,400029,(SELECT ID FROM property WHERE public_id = 'mittarajoitus'),1);
INSERT  INTO NUMBER_PROPERTY_VALUE (ID,ASSET_ID,PROPERTY_ID,VALUE) values (882744,400031,(SELECT ID FROM property WHERE public_id = 'mittarajoitus'),1);
INSERT  INTO NUMBER_PROPERTY_VALUE (ID,ASSET_ID,PROPERTY_ID,VALUE) values (882745,400034,(SELECT ID FROM property WHERE public_id = 'mittarajoitus'),1);