INSERT  INTO MANOEUVRE (ID,TYPE,ADDITIONAL_INFO,CREATED_DATE,CREATED_BY) values (97666,2,'Yksityisalue!',to_timestamp('24-FEB-15','DD-MON-RR'),'dr1_conversion');
INSERT  INTO MANOEUVRE (ID,TYPE,ADDITIONAL_INFO,CREATED_DATE,CREATED_BY) values (97665,2,'Kielletään kaikki!',to_timestamp('24-FEB-15','DD-MON-RR'),'dr1_conversion');
INSERT  INTO MANOEUVRE (ID,TYPE,ADDITIONAL_INFO,CREATED_DATE,CREATED_BY) values (39560,2,null,to_timestamp('24-FEB-15','DD-MON-RR'),'dr1_conversion');
INSERT  INTO MANOEUVRE (ID,TYPE,ADDITIONAL_INFO,CREATED_DATE,CREATED_BY) values (39559,2,null,to_timestamp('24-FEB-15','DD-MON-RR'),'dr1_conversion');
INSERT  INTO MANOEUVRE (ID,TYPE,ADDITIONAL_INFO,CREATED_DATE,CREATED_BY) values (39564,2,'Ei mitään asiaa tänne!',to_timestamp('24-FEB-15','DD-MON-RR'),'dr1_conversion');
INSERT  INTO MANOEUVRE (ID,TYPE,ADDITIONAL_INFO,CREATED_DATE,CREATED_BY) values (39561,2,'Täällä ei ole mitään nähtävää',to_timestamp('24-FEB-15','DD-MON-RR'),'dr1_conversion');
INSERT  INTO MANOEUVRE (ID,TYPE,ADDITIONAL_INFO,CREATED_DATE,CREATED_BY) values (39558,2,null,to_timestamp('24-FEB-15','DD-MON-RR'),'dr1_conversion');
INSERT  INTO MANOEUVRE (ID,TYPE,ADDITIONAL_INFO,CREATED_DATE,CREATED_BY) values (39563,2,'Seis!',to_timestamp('24-FEB-15','DD-MON-RR'),'dr1_conversion');
INSERT  INTO MANOEUVRE (ID,TYPE,ADDITIONAL_INFO,CREATED_DATE,CREATED_BY) values (39562,2,'This is a local road for local people',to_timestamp('24-FEB-15','DD-MON-RR'),'dr1_conversion');
INSERT  INTO MANOEUVRE (ID,TYPE,ADDITIONAL_INFO,CREATED_DATE,CREATED_BY) values (97667,2,'Manoeuvre chain test!',to_timestamp('24-FEB-15','DD-MON-RR'),'testfixture');
INSERT  INTO MANOEUVRE (ID,TYPE,ADDITIONAL_INFO,CREATED_DATE,CREATED_BY) values (97668,2,'U turn',to_timestamp('24-FEB-15','DD-MON-RR'),'testfixture');

INSERT  INTO MANOEUVRE_ELEMENT (MANOEUVRE_ID,ELEMENT_TYPE,MML_ID,LINK_ID,VVH_ID) values (97666,3,388569418,'74a00083-c652-4f91-bb38-8a0bbd972d22:1',1611410);
INSERT  INTO MANOEUVRE_ELEMENT (MANOEUVRE_ID,ELEMENT_TYPE,MML_ID,LINK_ID,VVH_ID) values (97665,3,388570174,'a1b6659b-41ac-4cc7-9367-e742d7f9216f:1',1611411);
INSERT  INTO MANOEUVRE_ELEMENT (MANOEUVRE_ID,ELEMENT_TYPE,MML_ID,LINK_ID,DEST_LINK_ID,VVH_ID,DEST_VVH_ID) values (97666,1,388569430,'8c455954-16fe-4f99-93c4-41a25edc47ba:1','74a00083-c652-4f91-bb38-8a0bbd972d22:1',1611412,1611410);
INSERT  INTO MANOEUVRE_ELEMENT (MANOEUVRE_ID,ELEMENT_TYPE,MML_ID,LINK_ID,DEST_LINK_ID,VVH_ID,DEST_VVH_ID) values (97665,1,388569430,'8c455954-16fe-4f99-93c4-41a25edc47ba:1','a1b6659b-41ac-4cc7-9367-e742d7f9216f:1',1611412,1611411);
INSERT  INTO MANOEUVRE_ELEMENT (MANOEUVRE_ID,ELEMENT_TYPE,MML_ID,LINK_ID,DEST_LINK_ID,VVH_ID,DEST_VVH_ID) values (39560,1,388569400,'97751eef-d4e2-4c89-9232-c13e4d56bcfa:1','7d262122-f026-4c41-984c-cf5452275c34:1',1611428,1611427);
INSERT  INTO MANOEUVRE_ELEMENT (MANOEUVRE_ID,ELEMENT_TYPE,MML_ID,LINK_ID,VVH_ID) values (39559,3,388562354,'',1611425);
INSERT  INTO MANOEUVRE_ELEMENT (MANOEUVRE_ID,ELEMENT_TYPE,MML_ID,LINK_ID,DEST_LINK_ID,VVH_ID,DEST_VVH_ID) values (39564,1,388569436,'2267a75b-2927-4330-8041-f2663befc550:1','f853ac63-2d56-4a20-bed3-25ad1239da44:1',1611421,1611417);
INSERT  INTO MANOEUVRE_ELEMENT (MANOEUVRE_ID,ELEMENT_TYPE,MML_ID,LINK_ID,VVH_ID) values (39561,3,388569406,'39a9cb55-4f30-43aa-b3d8-542613c668a3:1',1611420);
INSERT  INTO MANOEUVRE_ELEMENT (MANOEUVRE_ID,ELEMENT_TYPE,MML_ID,LINK_ID,DEST_LINK_ID,VVH_ID,DEST_VVH_ID) values (39558,1,388562348,'6ce4585f-230d-4189-8e63-49dabea38d73:1','2267a75b-2927-4330-8041-f2663befc550:1',1611423,1611421);
INSERT  INTO MANOEUVRE_ELEMENT (MANOEUVRE_ID,ELEMENT_TYPE,MML_ID,LINK_ID,DEST_LINK_ID,VVH_ID,DEST_VVH_ID) values (39559,1,388569442,'af6ae762-e51d-4be3-a425-20e624bc390d:1','38617164-f6c7-402f-994a-98b1117be5ea:1',1611424,1611425);
INSERT  INTO MANOEUVRE_ELEMENT (MANOEUVRE_ID,ELEMENT_TYPE,MML_ID,LINK_ID,VVH_ID) values (39560,3,391203450,'7d262122-f026-4c41-984c-cf5452275c34:1',1611427);
INSERT  INTO MANOEUVRE_ELEMENT (MANOEUVRE_ID,ELEMENT_TYPE,MML_ID,LINK_ID,DEST_LINK_ID,VVH_ID,DEST_VVH_ID) values (39563,1,388569412,'8a05d409-4ccd-4ce6-989a-e7e85ae4ec4b:1','f853ac63-2d56-4a20-bed3-25ad1239da44:1',1611418,1611417);
INSERT  INTO MANOEUVRE_ELEMENT (MANOEUVRE_ID,ELEMENT_TYPE,MML_ID,LINK_ID,VVH_ID) values (39558,3,388569436,'2267a75b-2927-4330-8041-f2663befc550:1',1611421);
INSERT  INTO MANOEUVRE_ELEMENT (MANOEUVRE_ID,ELEMENT_TYPE,MML_ID,LINK_ID,DEST_LINK_ID,VVH_ID,DEST_VVH_ID) values (39561,1,388562342,'9d544f86-94f6-4b92-a5df-60d2086b0215:1','39a9cb55-4f30-43aa-b3d8-542613c668a3:1',1611419,1611420);
INSERT  INTO MANOEUVRE_ELEMENT (MANOEUVRE_ID,ELEMENT_TYPE,MML_ID,LINK_ID,DEST_LINK_ID,VVH_ID,DEST_VVH_ID) values (39562,1,388570174,'a1b6659b-41ac-4cc7-9367-e742d7f9216f:1','1e466dd0-66db-489d-a182-d7e08f61bc29:1',1611411,1611426);
INSERT  INTO MANOEUVRE_ELEMENT (MANOEUVRE_ID,ELEMENT_TYPE,MML_ID,LINK_ID,VVH_ID) values (39562,3,388569394,'1e466dd0-66db-489d-a182-d7e08f61bc29:1',1611426);
INSERT  INTO MANOEUVRE_ELEMENT (MANOEUVRE_ID,ELEMENT_TYPE,MML_ID,LINK_ID,VVH_ID) values (39564,3,388569424,'f853ac63-2d56-4a20-bed3-25ad1239da44:1',1611417);
INSERT  INTO MANOEUVRE_ELEMENT (MANOEUVRE_ID,ELEMENT_TYPE,MML_ID,LINK_ID,VVH_ID) values (39563,3,388569424,'f853ac63-2d56-4a20-bed3-25ad1239da44:1',1611417);

-- manoeuvre chain from 1611225 to 1611258 with one intermediate link 1611240

-- source
INSERT INTO MANOEUVRE_ELEMENT (MANOEUVRE_ID,ELEMENT_TYPE,MML_ID,LINK_ID,DEST_LINK_ID,VVH_ID,DEST_VVH_ID) values (97667,1,362955543,'0606e2d5-173d-41b5-a9d4-458d02b4050c:1','e4bc8f9a-f8aa-4e15-9fc4-e1151b5d2cfd:1',1611225,1611240);
-- intermediate
INSERT INTO MANOEUVRE_ELEMENT (MANOEUVRE_ID,ELEMENT_TYPE,MML_ID,LINK_ID,DEST_LINK_ID,VVH_ID,DEST_VVH_ID) values (97667,2,362955375,'e4bc8f9a-f8aa-4e15-9fc4-e1151b5d2cfd:1','7f14d33d-dd4e-4ef5-8641-2e5e687a35c4:1',1611240,1611258);
-- destination
INSERT  INTO MANOEUVRE_ELEMENT (MANOEUVRE_ID,ELEMENT_TYPE,MML_ID,LINK_ID,VVH_ID) values (97667,3,362955363,'7f14d33d-dd4e-4ef5-8641-2e5e687a35c4:1',1611258);

-- manoeuvre chain (u-turn)
-- source
INSERT INTO MANOEUVRE_ELEMENT (MANOEUVRE_ID,ELEMENT_TYPE,MML_ID,LINK_ID,DEST_LINK_ID,VVH_ID,DEST_VVH_ID) values (97668,1,12345,'11c0e7f3-7616-4d5f-9add-665b0bcca8aa:1','cda1fda7-5c87-4925-8b9d-6acdf4f34dc3:1',1611552,1611560);
-- intermediate
INSERT  INTO MANOEUVRE_ELEMENT (MANOEUVRE_ID,ELEMENT_TYPE,MML_ID,LINK_ID,DEST_LINK_ID,VVH_ID,DEST_VVH_ID) values (97668,2,12346,'cda1fda7-5c87-4925-8b9d-6acdf4f34dc3:1','ce3c65c1-b68c-43b4-87f3-ad65e85de28a:1',1611560,1611553);
-- destination
INSERT  INTO MANOEUVRE_ELEMENT (MANOEUVRE_ID,ELEMENT_TYPE,MML_ID,LINK_ID,VVH_ID) values (97668,3,12347,'ce3c65c1-b68c-43b4-87f3-ad65e85de28a:1',1611553);


-- Ajoneuvo sallittu poikkeussännöt:
-- 4 Kuorma-auto
-- 5 Linja-auto
-- 6 Pakettiauto
-- 7 Henkilöauto
-- 8 Taksi
-- 13 Ajoneuvoyhdistelmä
-- 14 Traktori tai maatalousajoneuvo
-- 15 Matkailuajoneuvo
-- 16 Jakeluauto
-- 18 Kimppakyytiajoneuvo
-- 19 Sotilasajoneuvo
-- 20 Vaarallista lastia kuljettava ajoneuvo
-- 21 Huoltoajo
-- 22 Tontille ajo

INSERT  INTO MANOEUVRE_EXCEPTIONS (MANOEUVRE_ID, EXCEPTION_TYPE) values (97666, 4);
INSERT  INTO MANOEUVRE_EXCEPTIONS (MANOEUVRE_ID, EXCEPTION_TYPE) values (97666, 5);
INSERT  INTO MANOEUVRE_EXCEPTIONS (MANOEUVRE_ID, EXCEPTION_TYPE) values (97665, 8);
INSERT  INTO MANOEUVRE_EXCEPTIONS (MANOEUVRE_ID, EXCEPTION_TYPE) values (97665, 16);
INSERT  INTO MANOEUVRE_EXCEPTIONS (MANOEUVRE_ID, EXCEPTION_TYPE) values (97665, 18);
INSERT  INTO MANOEUVRE_EXCEPTIONS (MANOEUVRE_ID, EXCEPTION_TYPE) values (97665, 19);
INSERT  INTO MANOEUVRE_EXCEPTIONS (MANOEUVRE_ID, EXCEPTION_TYPE) values (39558, 21);
INSERT  INTO MANOEUVRE_EXCEPTIONS (MANOEUVRE_ID, EXCEPTION_TYPE) values (39559, 21);
INSERT  INTO MANOEUVRE_EXCEPTIONS (MANOEUVRE_ID, EXCEPTION_TYPE) values (39560, 21);
INSERT  INTO MANOEUVRE_EXCEPTIONS (MANOEUVRE_ID, EXCEPTION_TYPE) values (39561, 19);
INSERT  INTO MANOEUVRE_EXCEPTIONS (MANOEUVRE_ID, EXCEPTION_TYPE) values (39561, 21);
INSERT  INTO MANOEUVRE_EXCEPTIONS (MANOEUVRE_ID, EXCEPTION_TYPE) values (39564, 8);
INSERT  INTO MANOEUVRE_EXCEPTIONS (MANOEUVRE_ID, EXCEPTION_TYPE) values (39564, 21);
INSERT  INTO MANOEUVRE_EXCEPTIONS (MANOEUVRE_ID, EXCEPTION_TYPE) values (39564, 22);
INSERT  INTO MANOEUVRE_EXCEPTIONS (MANOEUVRE_ID, EXCEPTION_TYPE) values (97667, 5);
INSERT  INTO MANOEUVRE_EXCEPTIONS (MANOEUVRE_ID, EXCEPTION_TYPE) values (97668, 8);

INSERT  INTO MANOEUVRE_VALIDITY_PERIOD (id, manoeuvre_id, type, START_HOUR, END_HOUR) values (600034, 97666, 1, 12, 16);
INSERT  INTO MANOEUVRE_VALIDITY_PERIOD (id, manoeuvre_id, type, START_HOUR, END_HOUR) values (600035, 97666, 2, 12, 16);
INSERT  INTO MANOEUVRE_VALIDITY_PERIOD (id, manoeuvre_id, type, START_HOUR, END_HOUR) values (600036, 97666, 3, 12, 16);
INSERT  INTO MANOEUVRE_VALIDITY_PERIOD (id, manoeuvre_id, type, START_HOUR, END_HOUR) values (600037, 97665, 1, 14, 20);
INSERT  INTO MANOEUVRE_VALIDITY_PERIOD (id, manoeuvre_id, type, START_HOUR, END_HOUR) values (600038, 39564, 1, 10, 16);
INSERT  INTO MANOEUVRE_VALIDITY_PERIOD (id, manoeuvre_id, type, START_HOUR, END_HOUR) values (600039, 39564, 2, 10, 16);
INSERT  INTO MANOEUVRE_VALIDITY_PERIOD (id, manoeuvre_id, type, START_HOUR, END_HOUR) values (600040, 39561, 3, 22, 8);
INSERT  INTO MANOEUVRE_VALIDITY_PERIOD (id, manoeuvre_id, type, START_HOUR, END_HOUR) values (600041, 97667, 1, 12, 16);
