Insert into ASSET (ID,ASSET_TYPE_ID,CREATED_BY) values (400018,100,'dr2_test_data');
Insert into ASSET (ID,ASSET_TYPE_ID,CREATED_BY) values (400019,100,'dr2_test_data');
Insert into ASSET (ID,ASSET_TYPE_ID,CREATED_BY) values (400020,100,'dr2_test_data');
Insert into ASSET (ID,ASSET_TYPE_ID,CREATED_BY) values (400021,100,'dr2_test_data');
Insert into ASSET (ID,ASSET_TYPE_ID,CREATED_BY) values (400022,100,'dr2_test_data');
Insert into ASSET (ID,ASSET_TYPE_ID,CREATED_BY) values (400023,100,'dr2_test_data');
Insert into ASSET (ID,ASSET_TYPE_ID,CREATED_BY) values (400024,100,'dr2_test_data');
Insert into ASSET (ID,ASSET_TYPE_ID,CREATED_BY) values (400025,100,'dr2_test_data');
Insert into ASSET (ID,ASSET_TYPE_ID,CREATED_BY) values (400026,100,'dr2_test_data');
Insert into ASSET (ID,ASSET_TYPE_ID,CREATED_BY) values (400027,100,'dr2_test_data');
Insert into ASSET (ID,ASSET_TYPE_ID,CREATED_BY) values (400028,100,'dr2_test_data');
Insert into ASSET (ID,ASSET_TYPE_ID,CREATED_BY) values (400029,100,'dr2_test_data');
Insert into ASSET (ID,ASSET_TYPE_ID,CREATED_BY) values (400030,100,'dr2_test_data');
Insert into ASSET (ID,ASSET_TYPE_ID,CREATED_BY) values (400031,100,'dr2_test_data');
Insert into ASSET (ID,ASSET_TYPE_ID,CREATED_BY) values (400032,100,'dr2_test_data');
Insert into ASSET (ID,ASSET_TYPE_ID,CREATED_BY) values (400033,100,'dr2_test_data');
Insert into ASSET (ID,ASSET_TYPE_ID,CREATED_BY) values (400034,100,'dr2_test_data');
Insert into ASSET (ID,ASSET_TYPE_ID,CREATED_BY) values (400035,100,'dr2_test_data');
Insert into ASSET (ID,ASSET_TYPE_ID,CREATED_BY) values (400036,100,'dr2_test_data');
Insert into ASSET (ID,ASSET_TYPE_ID,CREATED_BY) values (400037,100,'dr2_test_data');

Insert into LRM_POSITION (ID,ROAD_LINK_ID,MML_ID,START_MEASURE,END_MEASURE,SIDE_CODE) values (50000000,6786,362956839,0,17.064,1);
Insert into LRM_POSITION (ID,ROAD_LINK_ID,MML_ID,START_MEASURE,END_MEASURE,SIDE_CODE) values (50000001,8081531,1088834634,0,133.287,1);
Insert into LRM_POSITION (ID,ROAD_LINK_ID,MML_ID,START_MEASURE,END_MEASURE,SIDE_CODE) values (50000002,6531568,939545922,0,367.384,1);
Insert into LRM_POSITION (ID,ROAD_LINK_ID,MML_ID,START_MEASURE,END_MEASURE,SIDE_CODE) values (50000003,6725,388569406,0,23.214,1);
Insert into LRM_POSITION (ID,ROAD_LINK_ID,MML_ID,START_MEASURE,END_MEASURE,SIDE_CODE) values (50000004,7122,362956821,0,821.811,1);
Insert into LRM_POSITION (ID,ROAD_LINK_ID,MML_ID,START_MEASURE,END_MEASURE,SIDE_CODE) values (50000005,6610,362957739,0,497.39,1);
Insert into LRM_POSITION (ID,ROAD_LINK_ID,MML_ID,START_MEASURE,END_MEASURE,SIDE_CODE) values (50000006,7082,388570156,0,131.601,1);
Insert into LRM_POSITION (ID,ROAD_LINK_ID,MML_ID,START_MEASURE,END_MEASURE,SIDE_CODE) values (50000007,7778218,1055797442,0,80.282,1);
Insert into LRM_POSITION (ID,ROAD_LINK_ID,MML_ID,START_MEASURE,END_MEASURE,SIDE_CODE) values (50000008,7460,388564669,0,300.485,1);
Insert into LRM_POSITION (ID,ROAD_LINK_ID,MML_ID,START_MEASURE,END_MEASURE,SIDE_CODE) values (50000009,7778194,1055797466,0,5.218,1);
Insert into LRM_POSITION (ID,ROAD_LINK_ID,MML_ID,START_MEASURE,END_MEASURE,SIDE_CODE) values (50000010,7778192,1055797430,0,79.721,1);
Insert into LRM_POSITION (ID,ROAD_LINK_ID,MML_ID,START_MEASURE,END_MEASURE,SIDE_CODE) values (50000011,8141117,1088834689,0,300.291,1);
Insert into LRM_POSITION (ID,ROAD_LINK_ID,MML_ID,START_MEASURE,END_MEASURE,SIDE_CODE) values (50000012,14669068,1570723303,0,87.044,1);
Insert into LRM_POSITION (ID,ROAD_LINK_ID,MML_ID,START_MEASURE,END_MEASURE,SIDE_CODE) values (50000013,7374,362956833,0,122.543,1);
Insert into LRM_POSITION (ID,ROAD_LINK_ID,MML_ID,START_MEASURE,END_MEASURE,SIDE_CODE) values (50000014,7778210,1055797454,0,5.312,1);
Insert into LRM_POSITION (ID,ROAD_LINK_ID,MML_ID,START_MEASURE,END_MEASURE,SIDE_CODE) values (50000015,6920,362966333,0,236.82,1);
Insert into LRM_POSITION (ID,ROAD_LINK_ID,MML_ID,START_MEASURE,END_MEASURE,SIDE_CODE) values (50000016,6932,362955423,0,319.551,1);
Insert into LRM_POSITION (ID,ROAD_LINK_ID,MML_ID,START_MEASURE,END_MEASURE,SIDE_CODE) values (50000017,6618,362956827,0,16.785,1);
Insert into LRM_POSITION (ID,ROAD_LINK_ID,MML_ID,START_MEASURE,END_MEASURE,SIDE_CODE) values (50000018,6907,388569412,0,41.141,1);
Insert into LRM_POSITION (ID,ROAD_LINK_ID,MML_ID,START_MEASURE,END_MEASURE,SIDE_CODE) values (50000019,6687,362961921,0,266.65,1);

Insert into ASSET_LINK (ASSET_ID,POSITION_ID) values (400018,50000000);
Insert into ASSET_LINK (ASSET_ID,POSITION_ID) values (400019,50000001);
Insert into ASSET_LINK (ASSET_ID,POSITION_ID) values (400020,50000002);
Insert into ASSET_LINK (ASSET_ID,POSITION_ID) values (400021,50000003);
Insert into ASSET_LINK (ASSET_ID,POSITION_ID) values (400022,50000004);
Insert into ASSET_LINK (ASSET_ID,POSITION_ID) values (400023,50000005);
Insert into ASSET_LINK (ASSET_ID,POSITION_ID) values (400024,50000006);
Insert into ASSET_LINK (ASSET_ID,POSITION_ID) values (400025,50000007);
Insert into ASSET_LINK (ASSET_ID,POSITION_ID) values (400026,50000008);
Insert into ASSET_LINK (ASSET_ID,POSITION_ID) values (400027,50000009);
Insert into ASSET_LINK (ASSET_ID,POSITION_ID) values (400028,50000010);
Insert into ASSET_LINK (ASSET_ID,POSITION_ID) values (400029,50000011);
Insert into ASSET_LINK (ASSET_ID,POSITION_ID) values (400030,50000012);
Insert into ASSET_LINK (ASSET_ID,POSITION_ID) values (400031,50000013);
Insert into ASSET_LINK (ASSET_ID,POSITION_ID) values (400032,50000014);
Insert into ASSET_LINK (ASSET_ID,POSITION_ID) values (400033,50000015);
Insert into ASSET_LINK (ASSET_ID,POSITION_ID) values (400034,50000016);
Insert into ASSET_LINK (ASSET_ID,POSITION_ID) values (400035,50000017);
Insert into ASSET_LINK (ASSET_ID,POSITION_ID) values (400036,50000018);
Insert into ASSET_LINK (ASSET_ID,POSITION_ID) values (400037,50000019);
