Insert into LRM_POSITION (ID,ROAD_LINK_ID,EVENT_TYPE,LANE_CODE,SIDE_CODE,START_MEASURE,END_MEASURE) values (950111,2190513,null,null,null,0,102.288);
Insert into LRM_POSITION (ID,ROAD_LINK_ID,EVENT_TYPE,LANE_CODE,SIDE_CODE,START_MEASURE,END_MEASURE) values (962275,5939,null,null,null,0,18.84);
Insert into LRM_POSITION (ID,ROAD_LINK_ID,EVENT_TYPE,LANE_CODE,SIDE_CODE,START_MEASURE,END_MEASURE) values (962277,5694,null,null,null,0,13.482);
Insert into LRM_POSITION (ID,ROAD_LINK_ID,EVENT_TYPE,LANE_CODE,SIDE_CODE,START_MEASURE,END_MEASURE) values (962283,5733,null,null,null,0,14.845);
Insert into LRM_POSITION (ID,ROAD_LINK_ID,EVENT_TYPE,LANE_CODE,SIDE_CODE,START_MEASURE,END_MEASURE) values (962285,5946,null,null,null,0,21.306);
Insert into LRM_POSITION (ID,ROAD_LINK_ID,EVENT_TYPE,LANE_CODE,SIDE_CODE,START_MEASURE,END_MEASURE) values (959928,71442,null,null,null,0,36.109);
Insert into LRM_POSITION (ID,ROAD_LINK_ID,EVENT_TYPE,LANE_CODE,SIDE_CODE,START_MEASURE,END_MEASURE) values (983207,5790,null,null,null,0,76.373);
Insert into LRM_POSITION (ID,ROAD_LINK_ID,EVENT_TYPE,LANE_CODE,SIDE_CODE,START_MEASURE,END_MEASURE) values (983215,5628,null,null,null,0,49.148);
Insert into LRM_POSITION (ID,ROAD_LINK_ID,EVENT_TYPE,LANE_CODE,SIDE_CODE,START_MEASURE,END_MEASURE) values (983222,5852,null,null,null,0,91.469);
Insert into LRM_POSITION (ID,ROAD_LINK_ID,EVENT_TYPE,LANE_CODE,SIDE_CODE,START_MEASURE,END_MEASURE) values (969147,5704,null,null,null,164.301,237.18);
Insert into LRM_POSITION (ID,ROAD_LINK_ID,EVENT_TYPE,LANE_CODE,SIDE_CODE,START_MEASURE,END_MEASURE) values (982063,2414738,null,null,null,0,7.512);
Insert into LRM_POSITION (ID,ROAD_LINK_ID,EVENT_TYPE,LANE_CODE,SIDE_CODE,START_MEASURE,END_MEASURE) values (985663,5691,null,null,null,0,129.196);
Insert into LRM_POSITION (ID,ROAD_LINK_ID,EVENT_TYPE,LANE_CODE,SIDE_CODE,START_MEASURE,END_MEASURE) values (985671,5800,null,null,null,0,126.436);
Insert into LRM_POSITION (ID,ROAD_LINK_ID,EVENT_TYPE,LANE_CODE,SIDE_CODE,START_MEASURE,END_MEASURE) values (985679,5536,null,null,null,0,136.862);
Insert into LRM_POSITION (ID,ROAD_LINK_ID,EVENT_TYPE,LANE_CODE,SIDE_CODE,START_MEASURE,END_MEASURE) values (985682,5741,null,null,null,0,129.605);
Insert into LRM_POSITION (ID,ROAD_LINK_ID,EVENT_TYPE,LANE_CODE,SIDE_CODE,START_MEASURE,END_MEASURE) values (985691,5936,null,null,null,32.108,100.813);
Insert into LRM_POSITION (ID,ROAD_LINK_ID,EVENT_TYPE,LANE_CODE,SIDE_CODE,START_MEASURE,END_MEASURE) values (976621,5742,null,null,null,0,35.926);
Insert into LRM_POSITION (ID,ROAD_LINK_ID,EVENT_TYPE,LANE_CODE,SIDE_CODE,START_MEASURE,END_MEASURE) values (976627,2148037,null,null,null,0,113.747);
Insert into LRM_POSITION (ID,ROAD_LINK_ID,EVENT_TYPE,LANE_CODE,SIDE_CODE,START_MEASURE,END_MEASURE) values (976633,5745,null,null,null,0,189.673);
Insert into LRM_POSITION (ID,ROAD_LINK_ID,EVENT_TYPE,LANE_CODE,SIDE_CODE,START_MEASURE,END_MEASURE) values (976644,5706,null,null,null,0,82.116);
Insert into LRM_POSITION (ID,ROAD_LINK_ID,EVENT_TYPE,LANE_CODE,SIDE_CODE,START_MEASURE,END_MEASURE) values (976653,5903,null,null,null,0,36.918);
Insert into LRM_POSITION (ID,ROAD_LINK_ID,EVENT_TYPE,LANE_CODE,SIDE_CODE,START_MEASURE,END_MEASURE) values (976658,5550,null,null,null,0,13.808);
Insert into LRM_POSITION (ID,ROAD_LINK_ID,EVENT_TYPE,LANE_CODE,SIDE_CODE,START_MEASURE,END_MEASURE) values (976670,5992,null,null,null,0,67.747);
Insert into LRM_POSITION (ID,ROAD_LINK_ID,EVENT_TYPE,LANE_CODE,SIDE_CODE,START_MEASURE,END_MEASURE) values (976680,5691,null,null,null,129.196,179.394);
Insert into LRM_POSITION (ID,ROAD_LINK_ID,EVENT_TYPE,LANE_CODE,SIDE_CODE,START_MEASURE,END_MEASURE) values (976689,5940,null,null,null,0,192.87);
Insert into LRM_POSITION (ID,ROAD_LINK_ID,EVENT_TYPE,LANE_CODE,SIDE_CODE,START_MEASURE,END_MEASURE) values (976701,2414741,null,null,null,7.876,32.084);
Insert into LRM_POSITION (ID,ROAD_LINK_ID,EVENT_TYPE,LANE_CODE,SIDE_CODE,START_MEASURE,END_MEASURE) values (986486,5640,null,null,null,24.679,34.071);
Insert into LRM_POSITION (ID,ROAD_LINK_ID,EVENT_TYPE,LANE_CODE,SIDE_CODE,START_MEASURE,END_MEASURE) values (986491,5889,null,null,null,0,16.499);
Insert into LRM_POSITION (ID,ROAD_LINK_ID,EVENT_TYPE,LANE_CODE,SIDE_CODE,START_MEASURE,END_MEASURE) values (986494,5834,null,null,null,0,112.157);
Insert into LRM_POSITION (ID,ROAD_LINK_ID,EVENT_TYPE,LANE_CODE,SIDE_CODE,START_MEASURE,END_MEASURE) values (986498,2148033,null,null,null,0,214.01);
Insert into LRM_POSITION (ID,ROAD_LINK_ID,EVENT_TYPE,LANE_CODE,SIDE_CODE,START_MEASURE,END_MEASURE) values (986634,5909,null,null,null,0,67.883);
Insert into LRM_POSITION (ID,ROAD_LINK_ID,EVENT_TYPE,LANE_CODE,SIDE_CODE,START_MEASURE,END_MEASURE) values (986636,5751,null,null,null,0,208.951);
Insert into LRM_POSITION (ID,ROAD_LINK_ID,EVENT_TYPE,LANE_CODE,SIDE_CODE,START_MEASURE,END_MEASURE) values (986638,5703,null,null,null,0,17.118);
Insert into LRM_POSITION (ID,ROAD_LINK_ID,EVENT_TYPE,LANE_CODE,SIDE_CODE,START_MEASURE,END_MEASURE) values (986642,5730,null,null,null,0,85.324);
Insert into LRM_POSITION (ID,ROAD_LINK_ID,EVENT_TYPE,LANE_CODE,SIDE_CODE,START_MEASURE,END_MEASURE) values (986644,5541,null,null,null,0,10.419);
Insert into LRM_POSITION (ID,ROAD_LINK_ID,EVENT_TYPE,LANE_CODE,SIDE_CODE,START_MEASURE,END_MEASURE) values (986649,5615,null,null,null,0,144.476);
Insert into LRM_POSITION (ID,ROAD_LINK_ID,EVENT_TYPE,LANE_CODE,SIDE_CODE,START_MEASURE,END_MEASURE) values (988749,5870,null,null,null,0,71.567);
Insert into LRM_POSITION (ID,ROAD_LINK_ID,EVENT_TYPE,LANE_CODE,SIDE_CODE,START_MEASURE,END_MEASURE) values (988755,5876,null,null,null,0,148.586);
Insert into LRM_POSITION (ID,ROAD_LINK_ID,EVENT_TYPE,LANE_CODE,SIDE_CODE,START_MEASURE,END_MEASURE) values (992533,5750,null,null,null,0,18.499);
Insert into LRM_POSITION (ID,ROAD_LINK_ID,EVENT_TYPE,LANE_CODE,SIDE_CODE,START_MEASURE,END_MEASURE) values (1034866,2336512,null,null,null,0,26.851);
Insert into LRM_POSITION (ID,ROAD_LINK_ID,EVENT_TYPE,LANE_CODE,SIDE_CODE,START_MEASURE,END_MEASURE) values (1034869,2336515,null,null,null,0,7.815);
Insert into LRM_POSITION (ID,ROAD_LINK_ID,EVENT_TYPE,LANE_CODE,SIDE_CODE,START_MEASURE,END_MEASURE) values (1034873,5756,null,null,null,0,23.144);
Insert into LRM_POSITION (ID,ROAD_LINK_ID,EVENT_TYPE,LANE_CODE,SIDE_CODE,START_MEASURE,END_MEASURE) values (1010480,2499824,null,null,null,0,5.335);
Insert into LRM_POSITION (ID,ROAD_LINK_ID,EVENT_TYPE,LANE_CODE,SIDE_CODE,START_MEASURE,END_MEASURE) values (1010483,5655,null,null,null,0,52.265);
Insert into LRM_POSITION (ID,ROAD_LINK_ID,EVENT_TYPE,LANE_CODE,SIDE_CODE,START_MEASURE,END_MEASURE) values (1010491,5926,null,null,null,2.869,256.886);
Insert into LRM_POSITION (ID,ROAD_LINK_ID,EVENT_TYPE,LANE_CODE,SIDE_CODE,START_MEASURE,END_MEASURE) values (1010500,1913718,null,null,null,0,11.581);
Insert into LRM_POSITION (ID,ROAD_LINK_ID,EVENT_TYPE,LANE_CODE,SIDE_CODE,START_MEASURE,END_MEASURE) values (1010507,1913686,null,null,null,3.739,10.028);
Insert into LRM_POSITION (ID,ROAD_LINK_ID,EVENT_TYPE,LANE_CODE,SIDE_CODE,START_MEASURE,END_MEASURE) values (989592,2302468,null,null,null,0,154.27);
Insert into LRM_POSITION (ID,ROAD_LINK_ID,EVENT_TYPE,LANE_CODE,SIDE_CODE,START_MEASURE,END_MEASURE) values (989599,2302468,null,null,null,154.27,279.851);
Insert into LRM_POSITION (ID,ROAD_LINK_ID,EVENT_TYPE,LANE_CODE,SIDE_CODE,START_MEASURE,END_MEASURE) values (1022965,2446571,null,null,null,0,125.783);
Insert into LRM_POSITION (ID,ROAD_LINK_ID,EVENT_TYPE,LANE_CODE,SIDE_CODE,START_MEASURE,END_MEASURE) values (1023758,2446551,null,null,null,0,12.245);
Insert into LRM_POSITION (ID,ROAD_LINK_ID,EVENT_TYPE,LANE_CODE,SIDE_CODE,START_MEASURE,END_MEASURE) values (1023764,2446570,null,null,null,0,74.172);
Insert into LRM_POSITION (ID,ROAD_LINK_ID,EVENT_TYPE,LANE_CODE,SIDE_CODE,START_MEASURE,END_MEASURE) values (1023769,2446582,null,null,null,0,10.113);
Insert into LRM_POSITION (ID,ROAD_LINK_ID,EVENT_TYPE,LANE_CODE,SIDE_CODE,START_MEASURE,END_MEASURE) values (1023873,2446545,null,null,null,0,85.823);
Insert into LRM_POSITION (ID,ROAD_LINK_ID,EVENT_TYPE,LANE_CODE,SIDE_CODE,START_MEASURE,END_MEASURE) values (1023880,2092489,null,null,null,0,12.765);
Insert into LRM_POSITION (ID,ROAD_LINK_ID,EVENT_TYPE,LANE_CODE,SIDE_CODE,START_MEASURE,END_MEASURE) values (1023888,1913714,null,null,null,0,8.822);
Insert into LRM_POSITION (ID,ROAD_LINK_ID,EVENT_TYPE,LANE_CODE,SIDE_CODE,START_MEASURE,END_MEASURE) values (1023896,2446541,null,null,null,0,13.135);
Insert into LRM_POSITION (ID,ROAD_LINK_ID,EVENT_TYPE,LANE_CODE,SIDE_CODE,START_MEASURE,END_MEASURE) values (1023988,2446562,null,null,null,0,8.705);
Insert into LRM_POSITION (ID,ROAD_LINK_ID,EVENT_TYPE,LANE_CODE,SIDE_CODE,START_MEASURE,END_MEASURE) values (1023993,2446558,null,null,null,0,9.69);
Insert into LRM_POSITION (ID,ROAD_LINK_ID,EVENT_TYPE,LANE_CODE,SIDE_CODE,START_MEASURE,END_MEASURE) values (1023999,2446544,null,null,null,0,24.731);
Insert into LRM_POSITION (ID,ROAD_LINK_ID,EVENT_TYPE,LANE_CODE,SIDE_CODE,START_MEASURE,END_MEASURE) values (1024011,2446576,null,null,null,0,10.049);
Insert into LRM_POSITION (ID,ROAD_LINK_ID,EVENT_TYPE,LANE_CODE,SIDE_CODE,START_MEASURE,END_MEASURE) values (1024016,2446540,null,null,null,0,10.462);
Insert into LRM_POSITION (ID,ROAD_LINK_ID,EVENT_TYPE,LANE_CODE,SIDE_CODE,START_MEASURE,END_MEASURE) values (1024028,1913711,null,null,null,0,8.583);
Insert into LRM_POSITION (ID,ROAD_LINK_ID,EVENT_TYPE,LANE_CODE,SIDE_CODE,START_MEASURE,END_MEASURE) values (998782,5681,null,null,null,0,26.084);
Insert into LRM_POSITION (ID,ROAD_LINK_ID,EVENT_TYPE,LANE_CODE,SIDE_CODE,START_MEASURE,END_MEASURE) values (998788,5551,null,null,null,0,48.91);
Insert into LRM_POSITION (ID,ROAD_LINK_ID,EVENT_TYPE,LANE_CODE,SIDE_CODE,START_MEASURE,END_MEASURE) values (998794,5623,null,null,null,0,23.214);
Insert into LRM_POSITION (ID,ROAD_LINK_ID,EVENT_TYPE,LANE_CODE,SIDE_CODE,START_MEASURE,END_MEASURE) values (998799,5709,null,null,null,0,41.142);
Insert into LRM_POSITION (ID,ROAD_LINK_ID,EVENT_TYPE,LANE_CODE,SIDE_CODE,START_MEASURE,END_MEASURE) values (998805,5728,null,null,null,0,100.609);
Insert into LRM_POSITION (ID,ROAD_LINK_ID,EVENT_TYPE,LANE_CODE,SIDE_CODE,START_MEASURE,END_MEASURE) values (998810,5771,null,null,null,0,30.421);
Insert into LRM_POSITION (ID,ROAD_LINK_ID,EVENT_TYPE,LANE_CODE,SIDE_CODE,START_MEASURE,END_MEASURE) values (998816,5900,null,null,null,0,223.439);
Insert into LRM_POSITION (ID,ROAD_LINK_ID,EVENT_TYPE,LANE_CODE,SIDE_CODE,START_MEASURE,END_MEASURE) values (998822,5954,null,null,null,0,14.626);
Insert into LRM_POSITION (ID,ROAD_LINK_ID,EVENT_TYPE,LANE_CODE,SIDE_CODE,START_MEASURE,END_MEASURE) values (998824,2336501,null,null,null,0,51.768);
Insert into LRM_POSITION (ID,ROAD_LINK_ID,EVENT_TYPE,LANE_CODE,SIDE_CODE,START_MEASURE,END_MEASURE) values (998830,5864,null,null,null,2.599,15.077);
Insert into LRM_POSITION (ID,ROAD_LINK_ID,EVENT_TYPE,LANE_CODE,SIDE_CODE,START_MEASURE,END_MEASURE) values (998833,5785,null,null,null,0,16.332);
Insert into LRM_POSITION (ID,ROAD_LINK_ID,EVENT_TYPE,LANE_CODE,SIDE_CODE,START_MEASURE,END_MEASURE) values (998836,5760,null,null,null,0,115.022);
Insert into LRM_POSITION (ID,ROAD_LINK_ID,EVENT_TYPE,LANE_CODE,SIDE_CODE,START_MEASURE,END_MEASURE) values (998843,2148027,null,null,null,0,35.265);
Insert into LRM_POSITION (ID,ROAD_LINK_ID,EVENT_TYPE,LANE_CODE,SIDE_CODE,START_MEASURE,END_MEASURE) values (998858,2574341,null,null,null,0,7.019);
Insert into LRM_POSITION (ID,ROAD_LINK_ID,EVENT_TYPE,LANE_CODE,SIDE_CODE,START_MEASURE,END_MEASURE) values (998866,2574317,null,null,null,9.145,136.063);
Insert into LRM_POSITION (ID,ROAD_LINK_ID,EVENT_TYPE,LANE_CODE,SIDE_CODE,START_MEASURE,END_MEASURE) values (998874,2574342,null,null,null,0,107.455);
Insert into LRM_POSITION (ID,ROAD_LINK_ID,EVENT_TYPE,LANE_CODE,SIDE_CODE,START_MEASURE,END_MEASURE) values (998880,5890,null,null,null,0,139.693);
Insert into LRM_POSITION (ID,ROAD_LINK_ID,EVENT_TYPE,LANE_CODE,SIDE_CODE,START_MEASURE,END_MEASURE) values (998884,5552,null,null,null,0,141.841);
Insert into LRM_POSITION (ID,ROAD_LINK_ID,EVENT_TYPE,LANE_CODE,SIDE_CODE,START_MEASURE,END_MEASURE) values (1006259,2446555,null,null,null,0,101.299);
Insert into LRM_POSITION (ID,ROAD_LINK_ID,EVENT_TYPE,LANE_CODE,SIDE_CODE,START_MEASURE,END_MEASURE) values (1006266,2446547,null,null,null,0,126.943);
Insert into LRM_POSITION (ID,ROAD_LINK_ID,EVENT_TYPE,LANE_CODE,SIDE_CODE,START_MEASURE,END_MEASURE) values (994171,5559,null,null,null,5.065,16.283);
Insert into LRM_POSITION (ID,ROAD_LINK_ID,EVENT_TYPE,LANE_CODE,SIDE_CODE,START_MEASURE,END_MEASURE) values (994176,2574318,null,null,null,0,7.123);
Insert into LRM_POSITION (ID,ROAD_LINK_ID,EVENT_TYPE,LANE_CODE,SIDE_CODE,START_MEASURE,END_MEASURE) values (994186,5788,null,null,null,0,174.119);
Insert into LRM_POSITION (ID,ROAD_LINK_ID,EVENT_TYPE,LANE_CODE,SIDE_CODE,START_MEASURE,END_MEASURE) values (994190,2414744,null,null,null,0,237.315);
Insert into LRM_POSITION (ID,ROAD_LINK_ID,EVENT_TYPE,LANE_CODE,SIDE_CODE,START_MEASURE,END_MEASURE) values (994195,5769,null,null,null,0,44.093);
Insert into LRM_POSITION (ID,ROAD_LINK_ID,EVENT_TYPE,LANE_CODE,SIDE_CODE,START_MEASURE,END_MEASURE) values (994201,5801,null,null,null,0,34.379);
Insert into LRM_POSITION (ID,ROAD_LINK_ID,EVENT_TYPE,LANE_CODE,SIDE_CODE,START_MEASURE,END_MEASURE) values (994207,5770,null,null,null,0,60.575);
Insert into LRM_POSITION (ID,ROAD_LINK_ID,EVENT_TYPE,LANE_CODE,SIDE_CODE,START_MEASURE,END_MEASURE) values (994213,5853,null,null,null,0,13.476);
Insert into LRM_POSITION (ID,ROAD_LINK_ID,EVENT_TYPE,LANE_CODE,SIDE_CODE,START_MEASURE,END_MEASURE) values (994223,5901,null,null,null,0,7.772);
Insert into LRM_POSITION (ID,ROAD_LINK_ID,EVENT_TYPE,LANE_CODE,SIDE_CODE,START_MEASURE,END_MEASURE) values (994227,5989,null,null,null,0,10.308);
Insert into LRM_POSITION (ID,ROAD_LINK_ID,EVENT_TYPE,LANE_CODE,SIDE_CODE,START_MEASURE,END_MEASURE) values (994231,5836,null,null,null,0,29.387);
Insert into LRM_POSITION (ID,ROAD_LINK_ID,EVENT_TYPE,LANE_CODE,SIDE_CODE,START_MEASURE,END_MEASURE) values (994238,2499846,null,null,null,0,6.485);
Insert into LRM_POSITION (ID,ROAD_LINK_ID,EVENT_TYPE,LANE_CODE,SIDE_CODE,START_MEASURE,END_MEASURE) values (994246,2499851,null,null,null,0,7.666);
Insert into LRM_POSITION (ID,ROAD_LINK_ID,EVENT_TYPE,LANE_CODE,SIDE_CODE,START_MEASURE,END_MEASURE) values (994253,2499853,null,null,null,0.27,7.951);
Insert into LRM_POSITION (ID,ROAD_LINK_ID,EVENT_TYPE,LANE_CODE,SIDE_CODE,START_MEASURE,END_MEASURE) values (994265,2499842,null,null,null,0,4.304);
Insert into LRM_POSITION (ID,ROAD_LINK_ID,EVENT_TYPE,LANE_CODE,SIDE_CODE,START_MEASURE,END_MEASURE) values (994277,2499879,null,null,null,0,20.498);
Insert into LRM_POSITION (ID,ROAD_LINK_ID,EVENT_TYPE,LANE_CODE,SIDE_CODE,START_MEASURE,END_MEASURE) values (994288,2499834,null,null,null,0,7.39);
Insert into LRM_POSITION (ID,ROAD_LINK_ID,EVENT_TYPE,LANE_CODE,SIDE_CODE,START_MEASURE,END_MEASURE) values (994301,2499885,null,null,null,0,5.169);
Insert into LRM_POSITION (ID,ROAD_LINK_ID,EVENT_TYPE,LANE_CODE,SIDE_CODE,START_MEASURE,END_MEASURE) values (994311,2499827,null,null,null,0,14.623);
Insert into LRM_POSITION (ID,ROAD_LINK_ID,EVENT_TYPE,LANE_CODE,SIDE_CODE,START_MEASURE,END_MEASURE) values (994320,2499819,null,null,null,0,11.125);
Insert into LRM_POSITION (ID,ROAD_LINK_ID,EVENT_TYPE,LANE_CODE,SIDE_CODE,START_MEASURE,END_MEASURE) values (994332,5675,null,null,null,0,47.745);
Insert into LRM_POSITION (ID,ROAD_LINK_ID,EVENT_TYPE,LANE_CODE,SIDE_CODE,START_MEASURE,END_MEASURE) values (994335,2414739,null,null,null,0,86.123);
Insert into LRM_POSITION (ID,ROAD_LINK_ID,EVENT_TYPE,LANE_CODE,SIDE_CODE,START_MEASURE,END_MEASURE) values (994346,5724,null,null,null,0,56.829);
Insert into LRM_POSITION (ID,ROAD_LINK_ID,EVENT_TYPE,LANE_CODE,SIDE_CODE,START_MEASURE,END_MEASURE) values (994351,2414737,null,null,null,0,59.934);
Insert into LRM_POSITION (ID,ROAD_LINK_ID,EVENT_TYPE,LANE_CODE,SIDE_CODE,START_MEASURE,END_MEASURE) values (994357,5931,null,null,null,0,243.333);
Insert into LRM_POSITION (ID,ROAD_LINK_ID,EVENT_TYPE,LANE_CODE,SIDE_CODE,START_MEASURE,END_MEASURE) values (994361,5914,null,null,null,0,15.875);
Insert into LRM_POSITION (ID,ROAD_LINK_ID,EVENT_TYPE,LANE_CODE,SIDE_CODE,START_MEASURE,END_MEASURE) values (994369,5990,null,null,null,0,169.761);
Insert into LRM_POSITION (ID,ROAD_LINK_ID,EVENT_TYPE,LANE_CODE,SIDE_CODE,START_MEASURE,END_MEASURE) values (994372,5761,null,null,null,0,115.677);
Insert into LRM_POSITION (ID,ROAD_LINK_ID,EVENT_TYPE,LANE_CODE,SIDE_CODE,START_MEASURE,END_MEASURE) values (994378,5821,null,null,null,0,57.815);
Insert into LRM_POSITION (ID,ROAD_LINK_ID,EVENT_TYPE,LANE_CODE,SIDE_CODE,START_MEASURE,END_MEASURE) values (994385,5744,null,null,null,0,87.836);
Insert into LRM_POSITION (ID,ROAD_LINK_ID,EVENT_TYPE,LANE_CODE,SIDE_CODE,START_MEASURE,END_MEASURE) values (994393,5865,null,null,null,0,12.116);
Insert into LRM_POSITION (ID,ROAD_LINK_ID,EVENT_TYPE,LANE_CODE,SIDE_CODE,START_MEASURE,END_MEASURE) values (994398,5871,null,null,null,0,66.224);
Insert into LRM_POSITION (ID,ROAD_LINK_ID,EVENT_TYPE,LANE_CODE,SIDE_CODE,START_MEASURE,END_MEASURE) values (994401,2148048,null,null,null,0,29.972);
Insert into LRM_POSITION (ID,ROAD_LINK_ID,EVENT_TYPE,LANE_CODE,SIDE_CODE,START_MEASURE,END_MEASURE) values (994409,2499856,null,null,null,0,14.116);
Insert into LRM_POSITION (ID,ROAD_LINK_ID,EVENT_TYPE,LANE_CODE,SIDE_CODE,START_MEASURE,END_MEASURE) values (994418,2499829,null,null,null,0,7.128);
Insert into LRM_POSITION (ID,ROAD_LINK_ID,EVENT_TYPE,LANE_CODE,SIDE_CODE,START_MEASURE,END_MEASURE) values (1003452,2574322,null,null,null,0,188.675);
Insert into LRM_POSITION (ID,ROAD_LINK_ID,EVENT_TYPE,LANE_CODE,SIDE_CODE,START_MEASURE,END_MEASURE) values (1003463,2499881,null,null,null,1.955,141.406);
Insert into LRM_POSITION (ID,ROAD_LINK_ID,EVENT_TYPE,LANE_CODE,SIDE_CODE,START_MEASURE,END_MEASURE) values (990691,2497566,null,null,null,0,5.689);
Insert into LRM_POSITION (ID,ROAD_LINK_ID,EVENT_TYPE,LANE_CODE,SIDE_CODE,START_MEASURE,END_MEASURE) values (1053066,1913688,null,null,null,0,60.861);
Insert into LRM_POSITION (ID,ROAD_LINK_ID,EVENT_TYPE,LANE_CODE,SIDE_CODE,START_MEASURE,END_MEASURE) values (1053076,2148023,null,null,null,0,13.264);
Insert into LRM_POSITION (ID,ROAD_LINK_ID,EVENT_TYPE,LANE_CODE,SIDE_CODE,START_MEASURE,END_MEASURE) values (1052589,5677,null,null,null,0,13.157);
Insert into LRM_POSITION (ID,ROAD_LINK_ID,EVENT_TYPE,LANE_CODE,SIDE_CODE,START_MEASURE,END_MEASURE) values (1052598,5847,null,null,null,0,78.926);
Insert into LRM_POSITION (ID,ROAD_LINK_ID,EVENT_TYPE,LANE_CODE,SIDE_CODE,START_MEASURE,END_MEASURE) values (1052606,5723,null,null,null,0,99.086);
Insert into LRM_POSITION (ID,ROAD_LINK_ID,EVENT_TYPE,LANE_CODE,SIDE_CODE,START_MEASURE,END_MEASURE) values (1052614,2446559,null,null,null,0,56.499);
Insert into LRM_POSITION (ID,ROAD_LINK_ID,EVENT_TYPE,LANE_CODE,SIDE_CODE,START_MEASURE,END_MEASURE) values (1052617,2446567,null,null,null,0,8.103);
Insert into LRM_POSITION (ID,ROAD_LINK_ID,EVENT_TYPE,LANE_CODE,SIDE_CODE,START_MEASURE,END_MEASURE) values (1052620,2446542,null,null,null,0,36.703);
Insert into LRM_POSITION (ID,ROAD_LINK_ID,EVENT_TYPE,LANE_CODE,SIDE_CODE,START_MEASURE,END_MEASURE) values (1052624,2446579,null,null,null,0,42.942);
Insert into LRM_POSITION (ID,ROAD_LINK_ID,EVENT_TYPE,LANE_CODE,SIDE_CODE,START_MEASURE,END_MEASURE) values (1052626,2446549,null,null,null,0,111.096);
Insert into LRM_POSITION (ID,ROAD_LINK_ID,EVENT_TYPE,LANE_CODE,SIDE_CODE,START_MEASURE,END_MEASURE) values (1052629,5960,null,null,null,0,117.064);
Insert into LRM_POSITION (ID,ROAD_LINK_ID,EVENT_TYPE,LANE_CODE,SIDE_CODE,START_MEASURE,END_MEASURE) values (1052632,5835,null,null,null,0,58.576);
Insert into LRM_POSITION (ID,ROAD_LINK_ID,EVENT_TYPE,LANE_CODE,SIDE_CODE,START_MEASURE,END_MEASURE) values (1059453,1913712,null,null,null,0,8.42);
Insert into LRM_POSITION (ID,ROAD_LINK_ID,EVENT_TYPE,LANE_CODE,SIDE_CODE,START_MEASURE,END_MEASURE) values (1059459,5647,null,null,null,0,58.637);
Insert into LRM_POSITION (ID,ROAD_LINK_ID,EVENT_TYPE,LANE_CODE,SIDE_CODE,START_MEASURE,END_MEASURE) values (1059462,5715,null,null,null,0,163.244);
Insert into LRM_POSITION (ID,ROAD_LINK_ID,EVENT_TYPE,LANE_CODE,SIDE_CODE,START_MEASURE,END_MEASURE) values (1059464,5637,null,null,null,0,137.816);
Insert into LRM_POSITION (ID,ROAD_LINK_ID,EVENT_TYPE,LANE_CODE,SIDE_CODE,START_MEASURE,END_MEASURE) values (1059471,1913708,null,null,null,0,12.51);
Insert into LRM_POSITION (ID,ROAD_LINK_ID,EVENT_TYPE,LANE_CODE,SIDE_CODE,START_MEASURE,END_MEASURE) values (1059475,1913713,null,null,null,0,15.372);
Insert into LRM_POSITION (ID,ROAD_LINK_ID,EVENT_TYPE,LANE_CODE,SIDE_CODE,START_MEASURE,END_MEASURE) values (1099154,5731,null,null,null,0,120.963);
Insert into LRM_POSITION (ID,ROAD_LINK_ID,EVENT_TYPE,LANE_CODE,SIDE_CODE,START_MEASURE,END_MEASURE) values (1099159,5842,null,null,null,0,152.275);
Insert into LRM_POSITION (ID,ROAD_LINK_ID,EVENT_TYPE,LANE_CODE,SIDE_CODE,START_MEASURE,END_MEASURE) values (1099164,5856,null,null,null,0,28.097);
Insert into LRM_POSITION (ID,ROAD_LINK_ID,EVENT_TYPE,LANE_CODE,SIDE_CODE,START_MEASURE,END_MEASURE) values (1099169,2148032,null,null,null,0,166.332);
Insert into LRM_POSITION (ID,ROAD_LINK_ID,EVENT_TYPE,LANE_CODE,SIDE_CODE,START_MEASURE,END_MEASURE) values (1099177,5973,null,null,null,3.25,17.739);
Insert into LRM_POSITION (ID,ROAD_LINK_ID,EVENT_TYPE,LANE_CODE,SIDE_CODE,START_MEASURE,END_MEASURE) values (1099180,5764,null,null,null,0,99.986);
Insert into LRM_POSITION (ID,ROAD_LINK_ID,EVENT_TYPE,LANE_CODE,SIDE_CODE,START_MEASURE,END_MEASURE) values (1099188,5973,null,null,null,0,3.25);
Insert into LRM_POSITION (ID,ROAD_LINK_ID,EVENT_TYPE,LANE_CODE,SIDE_CODE,START_MEASURE,END_MEASURE) values (1122125,5907,null,null,null,82.772,142.592);
Insert into LRM_POSITION (ID,ROAD_LINK_ID,EVENT_TYPE,LANE_CODE,SIDE_CODE,START_MEASURE,END_MEASURE) values (1122135,5829,null,null,null,0,73.294);
Insert into LRM_POSITION (ID,ROAD_LINK_ID,EVENT_TYPE,LANE_CODE,SIDE_CODE,START_MEASURE,END_MEASURE) values (1122143,5712,null,null,null,5.2,7.109);
Insert into LRM_POSITION (ID,ROAD_LINK_ID,EVENT_TYPE,LANE_CODE,SIDE_CODE,START_MEASURE,END_MEASURE) values (1122148,5997,null,null,null,0,54.25);
Insert into LRM_POSITION (ID,ROAD_LINK_ID,EVENT_TYPE,LANE_CODE,SIDE_CODE,START_MEASURE,END_MEASURE) values (1122157,5712,null,null,null,1.93,5.2);
Insert into LRM_POSITION (ID,ROAD_LINK_ID,EVENT_TYPE,LANE_CODE,SIDE_CODE,START_MEASURE,END_MEASURE) values (1122163,5869,null,null,null,0,77.357);
Insert into LRM_POSITION (ID,ROAD_LINK_ID,EVENT_TYPE,LANE_CODE,SIDE_CODE,START_MEASURE,END_MEASURE) values (1122171,5967,null,null,null,0,38.598);
Insert into LRM_POSITION (ID,ROAD_LINK_ID,EVENT_TYPE,LANE_CODE,SIDE_CODE,START_MEASURE,END_MEASURE) values (1122179,5618,null,null,null,0,36.854);
Insert into LRM_POSITION (ID,ROAD_LINK_ID,EVENT_TYPE,LANE_CODE,SIDE_CODE,START_MEASURE,END_MEASURE) values (1122180,5911,null,null,null,0,27.365);
Insert into LRM_POSITION (ID,ROAD_LINK_ID,EVENT_TYPE,LANE_CODE,SIDE_CODE,START_MEASURE,END_MEASURE) values (1122188,5873,null,null,null,0,26.328);
Insert into LRM_POSITION (ID,ROAD_LINK_ID,EVENT_TYPE,LANE_CODE,SIDE_CODE,START_MEASURE,END_MEASURE) values (1122196,2414741,null,null,null,0,7.876);
Insert into LRM_POSITION (ID,ROAD_LINK_ID,EVENT_TYPE,LANE_CODE,SIDE_CODE,START_MEASURE,END_MEASURE) values (1122203,5841,null,null,null,0,19.661);
Insert into LRM_POSITION (ID,ROAD_LINK_ID,EVENT_TYPE,LANE_CODE,SIDE_CODE,START_MEASURE,END_MEASURE) values (1122204,5867,null,null,null,0,9.921);
Insert into LRM_POSITION (ID,ROAD_LINK_ID,EVENT_TYPE,LANE_CODE,SIDE_CODE,START_MEASURE,END_MEASURE) values (1122207,5575,null,null,null,0,117.318);
Insert into LRM_POSITION (ID,ROAD_LINK_ID,EVENT_TYPE,LANE_CODE,SIDE_CODE,START_MEASURE,END_MEASURE) values (1122213,5898,null,null,null,0,73.682);
Insert into LRM_POSITION (ID,ROAD_LINK_ID,EVENT_TYPE,LANE_CODE,SIDE_CODE,START_MEASURE,END_MEASURE) values (1122218,5897,null,null,null,0,103.525);
Insert into LRM_POSITION (ID,ROAD_LINK_ID,EVENT_TYPE,LANE_CODE,SIDE_CODE,START_MEASURE,END_MEASURE) values (1122224,5642,null,null,null,197.122,226.103);
Insert into LRM_POSITION (ID,ROAD_LINK_ID,EVENT_TYPE,LANE_CODE,SIDE_CODE,START_MEASURE,END_MEASURE) values (1122229,2336504,null,null,null,0,85.287);
Insert into LRM_POSITION (ID,ROAD_LINK_ID,EVENT_TYPE,LANE_CODE,SIDE_CODE,START_MEASURE,END_MEASURE) values (1122231,2336511,null,null,null,0,20.43);
Insert into LRM_POSITION (ID,ROAD_LINK_ID,EVENT_TYPE,LANE_CODE,SIDE_CODE,START_MEASURE,END_MEASURE) values (1122236,5928,null,null,null,51.515,385.367);
Insert into LRM_POSITION (ID,ROAD_LINK_ID,EVENT_TYPE,LANE_CODE,SIDE_CODE,START_MEASURE,END_MEASURE) values (1122239,5928,null,null,null,0,51.515);
Insert into LRM_POSITION (ID,ROAD_LINK_ID,EVENT_TYPE,LANE_CODE,SIDE_CODE,START_MEASURE,END_MEASURE) values (1122243,2414746,null,null,null,0,49.051);
Insert into LRM_POSITION (ID,ROAD_LINK_ID,EVENT_TYPE,LANE_CODE,SIDE_CODE,START_MEASURE,END_MEASURE) values (1122247,5936,null,null,null,8.957,32.108);
Insert into LRM_POSITION (ID,ROAD_LINK_ID,EVENT_TYPE,LANE_CODE,SIDE_CODE,START_MEASURE,END_MEASURE) values (1122252,2100079,null,null,null,0,119.187);
Insert into LRM_POSITION (ID,ROAD_LINK_ID,EVENT_TYPE,LANE_CODE,SIDE_CODE,START_MEASURE,END_MEASURE) values (1122255,2148049,null,null,null,51.35,78.973);
Insert into LRM_POSITION (ID,ROAD_LINK_ID,EVENT_TYPE,LANE_CODE,SIDE_CODE,START_MEASURE,END_MEASURE) values (1122260,5762,null,null,null,1.987,117.772);
Insert into LRM_POSITION (ID,ROAD_LINK_ID,EVENT_TYPE,LANE_CODE,SIDE_CODE,START_MEASURE,END_MEASURE) values (1122265,5762,null,null,null,0,1.987);
Insert into LRM_POSITION (ID,ROAD_LINK_ID,EVENT_TYPE,LANE_CODE,SIDE_CODE,START_MEASURE,END_MEASURE) values (1122268,5725,null,null,null,0,64.631);
Insert into LRM_POSITION (ID,ROAD_LINK_ID,EVENT_TYPE,LANE_CODE,SIDE_CODE,START_MEASURE,END_MEASURE) values (1122273,5777,null,null,null,0.56,43.317);
Insert into LRM_POSITION (ID,ROAD_LINK_ID,EVENT_TYPE,LANE_CODE,SIDE_CODE,START_MEASURE,END_MEASURE) values (1122276,5777,null,null,null,0,0.56);
Insert into LRM_POSITION (ID,ROAD_LINK_ID,EVENT_TYPE,LANE_CODE,SIDE_CODE,START_MEASURE,END_MEASURE) values (1122279,5981,null,null,null,0,278.875);
Insert into LRM_POSITION (ID,ROAD_LINK_ID,EVENT_TYPE,LANE_CODE,SIDE_CODE,START_MEASURE,END_MEASURE) values (1122283,5942,null,null,null,1.608,259.985);
Insert into LRM_POSITION (ID,ROAD_LINK_ID,EVENT_TYPE,LANE_CODE,SIDE_CODE,START_MEASURE,END_MEASURE) values (1122287,5942,null,null,null,0,1.608);
Insert into LRM_POSITION (ID,ROAD_LINK_ID,EVENT_TYPE,LANE_CODE,SIDE_CODE,START_MEASURE,END_MEASURE) values (1122292,5630,null,null,null,0,147.029);
Insert into LRM_POSITION (ID,ROAD_LINK_ID,EVENT_TYPE,LANE_CODE,SIDE_CODE,START_MEASURE,END_MEASURE) values (1122298,5796,null,null,null,0,11.672);
Insert into LRM_POSITION (ID,ROAD_LINK_ID,EVENT_TYPE,LANE_CODE,SIDE_CODE,START_MEASURE,END_MEASURE) values (1122305,5660,null,null,null,0,92.608);
Insert into LRM_POSITION (ID,ROAD_LINK_ID,EVENT_TYPE,LANE_CODE,SIDE_CODE,START_MEASURE,END_MEASURE) values (1122312,5988,null,null,null,0,66.947);
Insert into LRM_POSITION (ID,ROAD_LINK_ID,EVENT_TYPE,LANE_CODE,SIDE_CODE,START_MEASURE,END_MEASURE) values (1122320,5732,null,null,null,0,90.457);
Insert into LRM_POSITION (ID,ROAD_LINK_ID,EVENT_TYPE,LANE_CODE,SIDE_CODE,START_MEASURE,END_MEASURE) values (1122325,5678,null,null,null,0,65.119);
Insert into LRM_POSITION (ID,ROAD_LINK_ID,EVENT_TYPE,LANE_CODE,SIDE_CODE,START_MEASURE,END_MEASURE) values (1122331,5887,null,null,null,0,204.216);
Insert into LRM_POSITION (ID,ROAD_LINK_ID,EVENT_TYPE,LANE_CODE,SIDE_CODE,START_MEASURE,END_MEASURE) values (1122337,5558,null,null,null,0,282.63);
Insert into LRM_POSITION (ID,ROAD_LINK_ID,EVENT_TYPE,LANE_CODE,SIDE_CODE,START_MEASURE,END_MEASURE) values (1122341,5828,null,null,null,0,150.014);
Insert into LRM_POSITION (ID,ROAD_LINK_ID,EVENT_TYPE,LANE_CODE,SIDE_CODE,START_MEASURE,END_MEASURE) values (1122346,5974,null,null,null,0,173.242);
Insert into LRM_POSITION (ID,ROAD_LINK_ID,EVENT_TYPE,LANE_CODE,SIDE_CODE,START_MEASURE,END_MEASURE) values (1122354,5650,null,null,null,2.289,265.895);
Insert into LRM_POSITION (ID,ROAD_LINK_ID,EVENT_TYPE,LANE_CODE,SIDE_CODE,START_MEASURE,END_MEASURE) values (1122360,5650,null,null,null,0,2.289);
Insert into LRM_POSITION (ID,ROAD_LINK_ID,EVENT_TYPE,LANE_CODE,SIDE_CODE,START_MEASURE,END_MEASURE) values (1122368,5757,null,null,null,0,35.728);
Insert into LRM_POSITION (ID,ROAD_LINK_ID,EVENT_TYPE,LANE_CODE,SIDE_CODE,START_MEASURE,END_MEASURE) values (1122376,5757,null,null,null,35.728,36.928);
Insert into LRM_POSITION (ID,ROAD_LINK_ID,EVENT_TYPE,LANE_CODE,SIDE_CODE,START_MEASURE,END_MEASURE) values (1122385,5855,null,null,null,0,96.633);
Insert into LRM_POSITION (ID,ROAD_LINK_ID,EVENT_TYPE,LANE_CODE,SIDE_CODE,START_MEASURE,END_MEASURE) values (1122389,5838,null,null,null,0,25.246);
Insert into LRM_POSITION (ID,ROAD_LINK_ID,EVENT_TYPE,LANE_CODE,SIDE_CODE,START_MEASURE,END_MEASURE) values (1122397,5538,null,null,null,0,8.169);
Insert into LRM_POSITION (ID,ROAD_LINK_ID,EVENT_TYPE,LANE_CODE,SIDE_CODE,START_MEASURE,END_MEASURE) values (1122401,5921,null,null,null,0,202.997);
Insert into LRM_POSITION (ID,ROAD_LINK_ID,EVENT_TYPE,LANE_CODE,SIDE_CODE,START_MEASURE,END_MEASURE) values (1122410,5791,null,null,null,0,152.929);
Insert into LRM_POSITION (ID,ROAD_LINK_ID,EVENT_TYPE,LANE_CODE,SIDE_CODE,START_MEASURE,END_MEASURE) values (1122415,5772,null,null,null,0,34.786);
Insert into LRM_POSITION (ID,ROAD_LINK_ID,EVENT_TYPE,LANE_CODE,SIDE_CODE,START_MEASURE,END_MEASURE) values (1122426,5684,null,null,null,0,235.431);
Insert into LRM_POSITION (ID,ROAD_LINK_ID,EVENT_TYPE,LANE_CODE,SIDE_CODE,START_MEASURE,END_MEASURE) values (1122435,5702,null,null,null,0,207.784);
Insert into LRM_POSITION (ID,ROAD_LINK_ID,EVENT_TYPE,LANE_CODE,SIDE_CODE,START_MEASURE,END_MEASURE) values (1122443,2245188,null,null,null,0,87.104);
Insert into LRM_POSITION (ID,ROAD_LINK_ID,EVENT_TYPE,LANE_CODE,SIDE_CODE,START_MEASURE,END_MEASURE) values (1122445,5980,null,null,null,0,87.014);
Insert into LRM_POSITION (ID,ROAD_LINK_ID,EVENT_TYPE,LANE_CODE,SIDE_CODE,START_MEASURE,END_MEASURE) values (1122448,5586,null,null,null,0,75.744);
Insert into LRM_POSITION (ID,ROAD_LINK_ID,EVENT_TYPE,LANE_CODE,SIDE_CODE,START_MEASURE,END_MEASURE) values (1122455,5798,null,null,null,0,93.887);
Insert into LRM_POSITION (ID,ROAD_LINK_ID,EVENT_TYPE,LANE_CODE,SIDE_CODE,START_MEASURE,END_MEASURE) values (1122462,5699,null,null,null,0,68.882);
Insert into LRM_POSITION (ID,ROAD_LINK_ID,EVENT_TYPE,LANE_CODE,SIDE_CODE,START_MEASURE,END_MEASURE) values (1122466,5729,null,null,null,0,249.778);
Insert into LRM_POSITION (ID,ROAD_LINK_ID,EVENT_TYPE,LANE_CODE,SIDE_CODE,START_MEASURE,END_MEASURE) values (1122473,5664,null,null,null,0,30.391);
Insert into LRM_POSITION (ID,ROAD_LINK_ID,EVENT_TYPE,LANE_CODE,SIDE_CODE,START_MEASURE,END_MEASURE) values (1122477,5819,null,null,null,0,75.097);
Insert into LRM_POSITION (ID,ROAD_LINK_ID,EVENT_TYPE,LANE_CODE,SIDE_CODE,START_MEASURE,END_MEASURE) values (1122490,5819,null,null,null,75.097,75.407);
Insert into LRM_POSITION (ID,ROAD_LINK_ID,EVENT_TYPE,LANE_CODE,SIDE_CODE,START_MEASURE,END_MEASURE) values (1122500,5884,null,null,null,46.297,204.137);
Insert into LRM_POSITION (ID,ROAD_LINK_ID,EVENT_TYPE,LANE_CODE,SIDE_CODE,START_MEASURE,END_MEASURE) values (1122511,5966,null,null,null,0,115.93);
Insert into LRM_POSITION (ID,ROAD_LINK_ID,EVENT_TYPE,LANE_CODE,SIDE_CODE,START_MEASURE,END_MEASURE) values (1122515,5884,null,null,null,0,24.948);
Insert into LRM_POSITION (ID,ROAD_LINK_ID,EVENT_TYPE,LANE_CODE,SIDE_CODE,START_MEASURE,END_MEASURE) values (1122524,5817,null,null,null,0,6.964);
Insert into LRM_POSITION (ID,ROAD_LINK_ID,EVENT_TYPE,LANE_CODE,SIDE_CODE,START_MEASURE,END_MEASURE) values (1122531,5547,null,null,null,0,87.824);
Insert into LRM_POSITION (ID,ROAD_LINK_ID,EVENT_TYPE,LANE_CODE,SIDE_CODE,START_MEASURE,END_MEASURE) values (1122534,5854,null,null,null,0,93.315);
Insert into LRM_POSITION (ID,ROAD_LINK_ID,EVENT_TYPE,LANE_CODE,SIDE_CODE,START_MEASURE,END_MEASURE) values (1122536,5616,null,null,null,0,20.677);
Insert into LRM_POSITION (ID,ROAD_LINK_ID,EVENT_TYPE,LANE_CODE,SIDE_CODE,START_MEASURE,END_MEASURE) values (1122540,5781,null,null,null,0,231.124);
Insert into LRM_POSITION (ID,ROAD_LINK_ID,EVENT_TYPE,LANE_CODE,SIDE_CODE,START_MEASURE,END_MEASURE) values (1122548,5531,null,null,null,1.298,107.814);
Insert into LRM_POSITION (ID,ROAD_LINK_ID,EVENT_TYPE,LANE_CODE,SIDE_CODE,START_MEASURE,END_MEASURE) values (1122554,2148045,null,null,null,0,66.653);
Insert into LRM_POSITION (ID,ROAD_LINK_ID,EVENT_TYPE,LANE_CODE,SIDE_CODE,START_MEASURE,END_MEASURE) values (1122559,5717,null,null,null,0,66.331);
Insert into LRM_POSITION (ID,ROAD_LINK_ID,EVENT_TYPE,LANE_CODE,SIDE_CODE,START_MEASURE,END_MEASURE) values (1122562,5582,null,null,null,0,59.117);
Insert into LRM_POSITION (ID,ROAD_LINK_ID,EVENT_TYPE,LANE_CODE,SIDE_CODE,START_MEASURE,END_MEASURE) values (1122565,5654,null,null,null,0,81.877);
Insert into LRM_POSITION (ID,ROAD_LINK_ID,EVENT_TYPE,LANE_CODE,SIDE_CODE,START_MEASURE,END_MEASURE) values (1122569,5567,null,null,null,0,143.725);
Insert into LRM_POSITION (ID,ROAD_LINK_ID,EVENT_TYPE,LANE_CODE,SIDE_CODE,START_MEASURE,END_MEASURE) values (1122574,5986,null,null,null,36.647,195.996);
Insert into LRM_POSITION (ID,ROAD_LINK_ID,EVENT_TYPE,LANE_CODE,SIDE_CODE,START_MEASURE,END_MEASURE) values (1122581,5986,null,null,null,0,36.647);
Insert into LRM_POSITION (ID,ROAD_LINK_ID,EVENT_TYPE,LANE_CODE,SIDE_CODE,START_MEASURE,END_MEASURE) values (1122586,5826,null,null,null,0,165.91);
Insert into LRM_POSITION (ID,ROAD_LINK_ID,EVENT_TYPE,LANE_CODE,SIDE_CODE,START_MEASURE,END_MEASURE) values (1122589,5850,null,null,null,0,177.265);
Insert into LRM_POSITION (ID,ROAD_LINK_ID,EVENT_TYPE,LANE_CODE,SIDE_CODE,START_MEASURE,END_MEASURE) values (1122591,5948,null,null,null,0,132.375);
Insert into LRM_POSITION (ID,ROAD_LINK_ID,EVENT_TYPE,LANE_CODE,SIDE_CODE,START_MEASURE,END_MEASURE) values (1122601,5850,null,null,null,177.265,178.334);
Insert into LRM_POSITION (ID,ROAD_LINK_ID,EVENT_TYPE,LANE_CODE,SIDE_CODE,START_MEASURE,END_MEASURE) values (1122610,5620,null,null,null,0,71.091);
Insert into LRM_POSITION (ID,ROAD_LINK_ID,EVENT_TYPE,LANE_CODE,SIDE_CODE,START_MEASURE,END_MEASURE) values (1122616,5597,null,null,null,0,102.188);
Insert into LRM_POSITION (ID,ROAD_LINK_ID,EVENT_TYPE,LANE_CODE,SIDE_CODE,START_MEASURE,END_MEASURE) values (1122619,5786,null,null,null,0,25.79);
Insert into LRM_POSITION (ID,ROAD_LINK_ID,EVENT_TYPE,LANE_CODE,SIDE_CODE,START_MEASURE,END_MEASURE) values (1122624,5592,null,null,null,0,137.781);
Insert into LRM_POSITION (ID,ROAD_LINK_ID,EVENT_TYPE,LANE_CODE,SIDE_CODE,START_MEASURE,END_MEASURE) values (1122631,5878,null,null,null,0,277.141);
Insert into LRM_POSITION (ID,ROAD_LINK_ID,EVENT_TYPE,LANE_CODE,SIDE_CODE,START_MEASURE,END_MEASURE) values (1122640,5878,null,null,null,277.141,278.639);
Insert into LRM_POSITION (ID,ROAD_LINK_ID,EVENT_TYPE,LANE_CODE,SIDE_CODE,START_MEASURE,END_MEASURE) values (1122648,1913698,null,null,null,0,33.623);
Insert into LRM_POSITION (ID,ROAD_LINK_ID,EVENT_TYPE,LANE_CODE,SIDE_CODE,START_MEASURE,END_MEASURE) values (1122652,5688,null,null,null,0,126.207);
Insert into LRM_POSITION (ID,ROAD_LINK_ID,EVENT_TYPE,LANE_CODE,SIDE_CODE,START_MEASURE,END_MEASURE) values (1122656,5591,null,null,null,0,8.529);
Insert into LRM_POSITION (ID,ROAD_LINK_ID,EVENT_TYPE,LANE_CODE,SIDE_CODE,START_MEASURE,END_MEASURE) values (1122666,5543,null,null,null,0,271.776);
Insert into LRM_POSITION (ID,ROAD_LINK_ID,EVENT_TYPE,LANE_CODE,SIDE_CODE,START_MEASURE,END_MEASURE) values (1122671,5580,null,null,null,2.307,107.141);
Insert into LRM_POSITION (ID,ROAD_LINK_ID,EVENT_TYPE,LANE_CODE,SIDE_CODE,START_MEASURE,END_MEASURE) values (1122684,5816,null,null,null,0,154.049);
Insert into LRM_POSITION (ID,ROAD_LINK_ID,EVENT_TYPE,LANE_CODE,SIDE_CODE,START_MEASURE,END_MEASURE) values (1122689,5701,null,null,null,0,7.535);
Insert into LRM_POSITION (ID,ROAD_LINK_ID,EVENT_TYPE,LANE_CODE,SIDE_CODE,START_MEASURE,END_MEASURE) values (1122694,5957,null,null,null,0,116.298);
Insert into LRM_POSITION (ID,ROAD_LINK_ID,EVENT_TYPE,LANE_CODE,SIDE_CODE,START_MEASURE,END_MEASURE) values (1122701,5734,null,null,null,0,91.251);
Insert into LRM_POSITION (ID,ROAD_LINK_ID,EVENT_TYPE,LANE_CODE,SIDE_CODE,START_MEASURE,END_MEASURE) values (1122714,5820,null,null,null,0,99.483);
Insert into LRM_POSITION (ID,ROAD_LINK_ID,EVENT_TYPE,LANE_CODE,SIDE_CODE,START_MEASURE,END_MEASURE) values (1122742,5933,null,null,null,0,21.14);
Insert into LRM_POSITION (ID,ROAD_LINK_ID,EVENT_TYPE,LANE_CODE,SIDE_CODE,START_MEASURE,END_MEASURE) values (1122752,5955,null,null,null,0,146.981);
Insert into LRM_POSITION (ID,ROAD_LINK_ID,EVENT_TYPE,LANE_CODE,SIDE_CODE,START_MEASURE,END_MEASURE) values (1122764,5587,null,null,null,0,66.555);
Insert into LRM_POSITION (ID,ROAD_LINK_ID,EVENT_TYPE,LANE_CODE,SIDE_CODE,START_MEASURE,END_MEASURE) values (1122769,5799,null,null,null,0,92.368);
Insert into LRM_POSITION (ID,ROAD_LINK_ID,EVENT_TYPE,LANE_CODE,SIDE_CODE,START_MEASURE,END_MEASURE) values (1122774,5817,null,null,null,6.964,74.662);
Insert into LRM_POSITION (ID,ROAD_LINK_ID,EVENT_TYPE,LANE_CODE,SIDE_CODE,START_MEASURE,END_MEASURE) values (1122778,5972,null,null,null,0,128.902);
Insert into LRM_POSITION (ID,ROAD_LINK_ID,EVENT_TYPE,LANE_CODE,SIDE_CODE,START_MEASURE,END_MEASURE) values (1122780,5636,null,null,null,0,135.07);
Insert into LRM_POSITION (ID,ROAD_LINK_ID,EVENT_TYPE,LANE_CODE,SIDE_CODE,START_MEASURE,END_MEASURE) values (1122789,5979,null,null,null,0,91.701);
Insert into LRM_POSITION (ID,ROAD_LINK_ID,EVENT_TYPE,LANE_CODE,SIDE_CODE,START_MEASURE,END_MEASURE) values (1122797,2707876,null,null,null,0,27.127);
Insert into LRM_POSITION (ID,ROAD_LINK_ID,EVENT_TYPE,LANE_CODE,SIDE_CODE,START_MEASURE,END_MEASURE) values (1122801,5984,null,null,null,0,31.487);
Insert into LRM_POSITION (ID,ROAD_LINK_ID,EVENT_TYPE,LANE_CODE,SIDE_CODE,START_MEASURE,END_MEASURE) values (1122805,5803,null,null,null,0,70.384);
Insert into LRM_POSITION (ID,ROAD_LINK_ID,EVENT_TYPE,LANE_CODE,SIDE_CODE,START_MEASURE,END_MEASURE) values (1122809,5952,null,null,null,0,92.548);
Insert into LRM_POSITION (ID,ROAD_LINK_ID,EVENT_TYPE,LANE_CODE,SIDE_CODE,START_MEASURE,END_MEASURE) values (1122813,5885,null,null,null,0,74.799);
Insert into LRM_POSITION (ID,ROAD_LINK_ID,EVENT_TYPE,LANE_CODE,SIDE_CODE,START_MEASURE,END_MEASURE) values (1122816,5805,null,null,null,0,28.606);
Insert into LRM_POSITION (ID,ROAD_LINK_ID,EVENT_TYPE,LANE_CODE,SIDE_CODE,START_MEASURE,END_MEASURE) values (1122824,5938,null,null,null,0,37.429);
Insert into LRM_POSITION (ID,ROAD_LINK_ID,EVENT_TYPE,LANE_CODE,SIDE_CODE,START_MEASURE,END_MEASURE) values (1122827,5891,null,null,null,0,173.799);
Insert into LRM_POSITION (ID,ROAD_LINK_ID,EVENT_TYPE,LANE_CODE,SIDE_CODE,START_MEASURE,END_MEASURE) values (1122831,2574333,null,null,null,0,103.572);
Insert into LRM_POSITION (ID,ROAD_LINK_ID,EVENT_TYPE,LANE_CODE,SIDE_CODE,START_MEASURE,END_MEASURE) values (1122835,5539,null,null,null,0,108.256);
Insert into LRM_POSITION (ID,ROAD_LINK_ID,EVENT_TYPE,LANE_CODE,SIDE_CODE,START_MEASURE,END_MEASURE) values (1122840,5657,null,null,null,0,46.843);
Insert into LRM_POSITION (ID,ROAD_LINK_ID,EVENT_TYPE,LANE_CODE,SIDE_CODE,START_MEASURE,END_MEASURE) values (1122843,5796,null,null,null,43.444,48.656);
Insert into LRM_POSITION (ID,ROAD_LINK_ID,EVENT_TYPE,LANE_CODE,SIDE_CODE,START_MEASURE,END_MEASURE) values (1122850,5796,null,null,null,11.672,43.444);
Insert into LRM_POSITION (ID,ROAD_LINK_ID,EVENT_TYPE,LANE_CODE,SIDE_CODE,START_MEASURE,END_MEASURE) values (1122856,5652,null,null,null,68.232,105.921);
Insert into LRM_POSITION (ID,ROAD_LINK_ID,EVENT_TYPE,LANE_CODE,SIDE_CODE,START_MEASURE,END_MEASURE) values (1122864,5926,null,null,null,0,1.669);
Insert into LRM_POSITION (ID,ROAD_LINK_ID,EVENT_TYPE,LANE_CODE,SIDE_CODE,START_MEASURE,END_MEASURE) values (1122870,5926,null,null,null,1.669,2.869);
Insert into LRM_POSITION (ID,ROAD_LINK_ID,EVENT_TYPE,LANE_CODE,SIDE_CODE,START_MEASURE,END_MEASURE) values (1122877,5662,null,null,null,0,103.509);
Insert into LRM_POSITION (ID,ROAD_LINK_ID,EVENT_TYPE,LANE_CODE,SIDE_CODE,START_MEASURE,END_MEASURE) values (1122881,5958,null,null,null,0,265.736);
Insert into LRM_POSITION (ID,ROAD_LINK_ID,EVENT_TYPE,LANE_CODE,SIDE_CODE,START_MEASURE,END_MEASURE) values (1122884,5719,null,null,null,0,53.859);
Insert into LRM_POSITION (ID,ROAD_LINK_ID,EVENT_TYPE,LANE_CODE,SIDE_CODE,START_MEASURE,END_MEASURE) values (1122890,5529,null,null,null,122.916,124.784);
Insert into LRM_POSITION (ID,ROAD_LINK_ID,EVENT_TYPE,LANE_CODE,SIDE_CODE,START_MEASURE,END_MEASURE) values (1122897,5935,null,null,null,0,2.238);
Insert into LRM_POSITION (ID,ROAD_LINK_ID,EVENT_TYPE,LANE_CODE,SIDE_CODE,START_MEASURE,END_MEASURE) values (1122905,5643,null,null,null,0,122.302);
Insert into LRM_POSITION (ID,ROAD_LINK_ID,EVENT_TYPE,LANE_CODE,SIDE_CODE,START_MEASURE,END_MEASURE) values (1122910,5595,null,null,null,0,100.416);
Insert into LRM_POSITION (ID,ROAD_LINK_ID,EVENT_TYPE,LANE_CODE,SIDE_CODE,START_MEASURE,END_MEASURE) values (1122915,5666,null,null,null,0,142.426);
Insert into LRM_POSITION (ID,ROAD_LINK_ID,EVENT_TYPE,LANE_CODE,SIDE_CODE,START_MEASURE,END_MEASURE) values (1122923,5922,null,null,null,0,9.344);
Insert into LRM_POSITION (ID,ROAD_LINK_ID,EVENT_TYPE,LANE_CODE,SIDE_CODE,START_MEASURE,END_MEASURE) values (1122928,5892,null,null,null,0,75.695);
Insert into LRM_POSITION (ID,ROAD_LINK_ID,EVENT_TYPE,LANE_CODE,SIDE_CODE,START_MEASURE,END_MEASURE) values (1122935,5924,null,null,null,0,98.834);
Insert into LRM_POSITION (ID,ROAD_LINK_ID,EVENT_TYPE,LANE_CODE,SIDE_CODE,START_MEASURE,END_MEASURE) values (1122941,1913720,null,null,null,0,27.722);
Insert into LRM_POSITION (ID,ROAD_LINK_ID,EVENT_TYPE,LANE_CODE,SIDE_CODE,START_MEASURE,END_MEASURE) values (1122947,5945,null,null,null,0,152.161);
Insert into LRM_POSITION (ID,ROAD_LINK_ID,EVENT_TYPE,LANE_CODE,SIDE_CODE,START_MEASURE,END_MEASURE) values (1122953,2446561,null,null,null,0,10.343);
Insert into LRM_POSITION (ID,ROAD_LINK_ID,EVENT_TYPE,LANE_CODE,SIDE_CODE,START_MEASURE,END_MEASURE) values (1122959,1913719,null,null,null,0,8.498);
Insert into LRM_POSITION (ID,ROAD_LINK_ID,EVENT_TYPE,LANE_CODE,SIDE_CODE,START_MEASURE,END_MEASURE) values (1122972,5670,null,null,null,0,309.705);
Insert into LRM_POSITION (ID,ROAD_LINK_ID,EVENT_TYPE,LANE_CODE,SIDE_CODE,START_MEASURE,END_MEASURE) values (1122979,5609,null,null,null,17.333,108.155);
Insert into LRM_POSITION (ID,ROAD_LINK_ID,EVENT_TYPE,LANE_CODE,SIDE_CODE,START_MEASURE,END_MEASURE) values (1122995,5708,null,null,null,5.188,297.239);
Insert into LRM_POSITION (ID,ROAD_LINK_ID,EVENT_TYPE,LANE_CODE,SIDE_CODE,START_MEASURE,END_MEASURE) values (1123008,5670,null,null,null,311.894,312.894);
Insert into LRM_POSITION (ID,ROAD_LINK_ID,EVENT_TYPE,LANE_CODE,SIDE_CODE,START_MEASURE,END_MEASURE) values (1123011,5708,null,null,null,0,1.17);
Insert into LRM_POSITION (ID,ROAD_LINK_ID,EVENT_TYPE,LANE_CODE,SIDE_CODE,START_MEASURE,END_MEASURE) values (1123019,5670,null,null,null,309.705,311.894);
Insert into LRM_POSITION (ID,ROAD_LINK_ID,EVENT_TYPE,LANE_CODE,SIDE_CODE,START_MEASURE,END_MEASURE) values (1123028,5708,null,null,null,1.17,5.188);
Insert into LRM_POSITION (ID,ROAD_LINK_ID,EVENT_TYPE,LANE_CODE,SIDE_CODE,START_MEASURE,END_MEASURE) values (1123036,5959,null,null,null,0,31.344);
Insert into LRM_POSITION (ID,ROAD_LINK_ID,EVENT_TYPE,LANE_CODE,SIDE_CODE,START_MEASURE,END_MEASURE) values (1123040,5780,null,null,null,0,6.728);
Insert into LRM_POSITION (ID,ROAD_LINK_ID,EVENT_TYPE,LANE_CODE,SIDE_CODE,START_MEASURE,END_MEASURE) values (1123045,5912,null,null,null,0,129.779);
Insert into LRM_POSITION (ID,ROAD_LINK_ID,EVENT_TYPE,LANE_CODE,SIDE_CODE,START_MEASURE,END_MEASURE) values (1123048,5815,null,null,null,0,75.555);
Insert into LRM_POSITION (ID,ROAD_LINK_ID,EVENT_TYPE,LANE_CODE,SIDE_CODE,START_MEASURE,END_MEASURE) values (1123054,2499854,null,null,null,0,88.631);
Insert into LRM_POSITION (ID,ROAD_LINK_ID,EVENT_TYPE,LANE_CODE,SIDE_CODE,START_MEASURE,END_MEASURE) values (1123060,5545,null,null,null,0,134.684);
Insert into LRM_POSITION (ID,ROAD_LINK_ID,EVENT_TYPE,LANE_CODE,SIDE_CODE,START_MEASURE,END_MEASURE) values (1123067,5671,null,null,null,0,75.105);
Insert into LRM_POSITION (ID,ROAD_LINK_ID,EVENT_TYPE,LANE_CODE,SIDE_CODE,START_MEASURE,END_MEASURE) values (1123072,5851,null,null,null,0,120.126);
Insert into LRM_POSITION (ID,ROAD_LINK_ID,EVENT_TYPE,LANE_CODE,SIDE_CODE,START_MEASURE,END_MEASURE) values (1123078,2499848,null,null,null,0,37.305);
Insert into LRM_POSITION (ID,ROAD_LINK_ID,EVENT_TYPE,LANE_CODE,SIDE_CODE,START_MEASURE,END_MEASURE) values (1123083,2707868,null,null,null,0,48.829);
Insert into LRM_POSITION (ID,ROAD_LINK_ID,EVENT_TYPE,LANE_CODE,SIDE_CODE,START_MEASURE,END_MEASURE) values (1123092,5813,null,null,null,0,15.738);
Insert into LRM_POSITION (ID,ROAD_LINK_ID,EVENT_TYPE,LANE_CODE,SIDE_CODE,START_MEASURE,END_MEASURE) values (1123102,5619,null,null,null,0,188.507);
Insert into LRM_POSITION (ID,ROAD_LINK_ID,EVENT_TYPE,LANE_CODE,SIDE_CODE,START_MEASURE,END_MEASURE) values (1123112,6002,null,null,null,0,52.548);
Insert into LRM_POSITION (ID,ROAD_LINK_ID,EVENT_TYPE,LANE_CODE,SIDE_CODE,START_MEASURE,END_MEASURE) values (1123122,5635,null,null,null,0,59.163);
Insert into LRM_POSITION (ID,ROAD_LINK_ID,EVENT_TYPE,LANE_CODE,SIDE_CODE,START_MEASURE,END_MEASURE) values (1123131,5581,null,null,null,0,133.947);
Insert into LRM_POSITION (ID,ROAD_LINK_ID,EVENT_TYPE,LANE_CODE,SIDE_CODE,START_MEASURE,END_MEASURE) values (1123139,2446574,null,null,null,3.551,8.573);
Insert into LRM_POSITION (ID,ROAD_LINK_ID,EVENT_TYPE,LANE_CODE,SIDE_CODE,START_MEASURE,END_MEASURE) values (1123144,5640,null,null,null,0,24.679);
Insert into LRM_POSITION (ID,ROAD_LINK_ID,EVENT_TYPE,LANE_CODE,SIDE_CODE,START_MEASURE,END_MEASURE) values (1123151,6004,null,null,null,4.17,101.772);
Insert into LRM_POSITION (ID,ROAD_LINK_ID,EVENT_TYPE,LANE_CODE,SIDE_CODE,START_MEASURE,END_MEASURE) values (1123154,5625,null,null,null,0,153.352);
Insert into LRM_POSITION (ID,ROAD_LINK_ID,EVENT_TYPE,LANE_CODE,SIDE_CODE,START_MEASURE,END_MEASURE) values (1123161,5683,null,null,null,0,209.744);
Insert into LRM_POSITION (ID,ROAD_LINK_ID,EVENT_TYPE,LANE_CODE,SIDE_CODE,START_MEASURE,END_MEASURE) values (1123164,5627,null,null,null,0,71.409);
Insert into LRM_POSITION (ID,ROAD_LINK_ID,EVENT_TYPE,LANE_CODE,SIDE_CODE,START_MEASURE,END_MEASURE) values (1123165,2574328,null,null,null,0,169.999);
Insert into LRM_POSITION (ID,ROAD_LINK_ID,EVENT_TYPE,LANE_CODE,SIDE_CODE,START_MEASURE,END_MEASURE) values (1123172,6004,null,null,null,0,1.74);
Insert into LRM_POSITION (ID,ROAD_LINK_ID,EVENT_TYPE,LANE_CODE,SIDE_CODE,START_MEASURE,END_MEASURE) values (1123179,5705,null,null,null,0,144.887);
Insert into LRM_POSITION (ID,ROAD_LINK_ID,EVENT_TYPE,LANE_CODE,SIDE_CODE,START_MEASURE,END_MEASURE) values (1123184,2574323,null,null,null,0,87.974);
Insert into LRM_POSITION (ID,ROAD_LINK_ID,EVENT_TYPE,LANE_CODE,SIDE_CODE,START_MEASURE,END_MEASURE) values (1123192,5789,null,null,null,0,47.959);
Insert into LRM_POSITION (ID,ROAD_LINK_ID,EVENT_TYPE,LANE_CODE,SIDE_CODE,START_MEASURE,END_MEASURE) values (1123203,6004,null,null,null,1.74,4.17);
Insert into LRM_POSITION (ID,ROAD_LINK_ID,EVENT_TYPE,LANE_CODE,SIDE_CODE,START_MEASURE,END_MEASURE) values (1123216,5910,null,null,null,0,55.642);
Insert into LRM_POSITION (ID,ROAD_LINK_ID,EVENT_TYPE,LANE_CODE,SIDE_CODE,START_MEASURE,END_MEASURE) values (1123227,5653,null,null,null,0,61.622);
Insert into LRM_POSITION (ID,ROAD_LINK_ID,EVENT_TYPE,LANE_CODE,SIDE_CODE,START_MEASURE,END_MEASURE) values (1123233,5860,null,null,null,0,114.971);
Insert into LRM_POSITION (ID,ROAD_LINK_ID,EVENT_TYPE,LANE_CODE,SIDE_CODE,START_MEASURE,END_MEASURE) values (1123246,2499892,null,null,null,0,10.622);
Insert into LRM_POSITION (ID,ROAD_LINK_ID,EVENT_TYPE,LANE_CODE,SIDE_CODE,START_MEASURE,END_MEASURE) values (1123251,5638,null,null,null,0,115.847);
Insert into LRM_POSITION (ID,ROAD_LINK_ID,EVENT_TYPE,LANE_CODE,SIDE_CODE,START_MEASURE,END_MEASURE) values (1123257,5748,null,null,null,0,61.838);
Insert into LRM_POSITION (ID,ROAD_LINK_ID,EVENT_TYPE,LANE_CODE,SIDE_CODE,START_MEASURE,END_MEASURE) values (1123263,5859,null,null,null,0,132.838);
Insert into LRM_POSITION (ID,ROAD_LINK_ID,EVENT_TYPE,LANE_CODE,SIDE_CODE,START_MEASURE,END_MEASURE) values (1123268,5674,null,null,null,0,18.976);
Insert into LRM_POSITION (ID,ROAD_LINK_ID,EVENT_TYPE,LANE_CODE,SIDE_CODE,START_MEASURE,END_MEASURE) values (1123273,5818,null,null,null,0,375.784);
Insert into LRM_POSITION (ID,ROAD_LINK_ID,EVENT_TYPE,LANE_CODE,SIDE_CODE,START_MEASURE,END_MEASURE) values (1123280,5736,null,null,null,0,207.228);
Insert into LRM_POSITION (ID,ROAD_LINK_ID,EVENT_TYPE,LANE_CODE,SIDE_CODE,START_MEASURE,END_MEASURE) values (1123285,5949,null,null,null,0,15.064);
Insert into LRM_POSITION (ID,ROAD_LINK_ID,EVENT_TYPE,LANE_CODE,SIDE_CODE,START_MEASURE,END_MEASURE) values (1123289,5603,null,null,null,0,311.565);
Insert into LRM_POSITION (ID,ROAD_LINK_ID,EVENT_TYPE,LANE_CODE,SIDE_CODE,START_MEASURE,END_MEASURE) values (1123293,2499865,null,null,null,0,8.797);
Insert into LRM_POSITION (ID,ROAD_LINK_ID,EVENT_TYPE,LANE_CODE,SIDE_CODE,START_MEASURE,END_MEASURE) values (1123297,5830,null,null,null,0,185.97);
Insert into LRM_POSITION (ID,ROAD_LINK_ID,EVENT_TYPE,LANE_CODE,SIDE_CODE,START_MEASURE,END_MEASURE) values (1123307,5644,null,null,null,0,44.576);
Insert into LRM_POSITION (ID,ROAD_LINK_ID,EVENT_TYPE,LANE_CODE,SIDE_CODE,START_MEASURE,END_MEASURE) values (1123318,5864,null,null,null,0,2.599);
Insert into LRM_POSITION (ID,ROAD_LINK_ID,EVENT_TYPE,LANE_CODE,SIDE_CODE,START_MEASURE,END_MEASURE) values (1123333,5740,null,null,null,0,82.489);
Insert into LRM_POSITION (ID,ROAD_LINK_ID,EVENT_TYPE,LANE_CODE,SIDE_CODE,START_MEASURE,END_MEASURE) values (1123345,5572,null,null,null,0,14.587);
Insert into LRM_POSITION (ID,ROAD_LINK_ID,EVENT_TYPE,LANE_CODE,SIDE_CODE,START_MEASURE,END_MEASURE) values (1123357,5740,null,null,null,82.489,93.648);
Insert into LRM_POSITION (ID,ROAD_LINK_ID,EVENT_TYPE,LANE_CODE,SIDE_CODE,START_MEASURE,END_MEASURE) values (1123364,5843,null,null,null,0,25.675);
Insert into LRM_POSITION (ID,ROAD_LINK_ID,EVENT_TYPE,LANE_CODE,SIDE_CODE,START_MEASURE,END_MEASURE) values (1123374,5985,null,null,null,0,32.422);
Insert into LRM_POSITION (ID,ROAD_LINK_ID,EVENT_TYPE,LANE_CODE,SIDE_CODE,START_MEASURE,END_MEASURE) values (1123379,5808,null,null,null,0,55.023);
Insert into LRM_POSITION (ID,ROAD_LINK_ID,EVENT_TYPE,LANE_CODE,SIDE_CODE,START_MEASURE,END_MEASURE) values (1123387,5542,null,null,null,0,112.982);
Insert into LRM_POSITION (ID,ROAD_LINK_ID,EVENT_TYPE,LANE_CODE,SIDE_CODE,START_MEASURE,END_MEASURE) values (1123395,5642,null,null,null,0,197.121);
Insert into LRM_POSITION (ID,ROAD_LINK_ID,EVENT_TYPE,LANE_CODE,SIDE_CODE,START_MEASURE,END_MEASURE) values (1123401,5530,null,null,null,0,13.575);
Insert into LRM_POSITION (ID,ROAD_LINK_ID,EVENT_TYPE,LANE_CODE,SIDE_CODE,START_MEASURE,END_MEASURE) values (1123405,5766,null,null,null,0,117.68);
Insert into LRM_POSITION (ID,ROAD_LINK_ID,EVENT_TYPE,LANE_CODE,SIDE_CODE,START_MEASURE,END_MEASURE) values (1123412,5977,null,null,null,82.636,164.343);
Insert into LRM_POSITION (ID,ROAD_LINK_ID,EVENT_TYPE,LANE_CODE,SIDE_CODE,START_MEASURE,END_MEASURE) values (1123417,5832,null,null,null,0,156.538);
Insert into LRM_POSITION (ID,ROAD_LINK_ID,EVENT_TYPE,LANE_CODE,SIDE_CODE,START_MEASURE,END_MEASURE) values (1123422,5893,null,null,null,0,27.553);
Insert into LRM_POSITION (ID,ROAD_LINK_ID,EVENT_TYPE,LANE_CODE,SIDE_CODE,START_MEASURE,END_MEASURE) values (1123425,5812,null,null,null,0,146.513);
Insert into LRM_POSITION (ID,ROAD_LINK_ID,EVENT_TYPE,LANE_CODE,SIDE_CODE,START_MEASURE,END_MEASURE) values (1123431,5565,null,null,null,0,3.416);
Insert into LRM_POSITION (ID,ROAD_LINK_ID,EVENT_TYPE,LANE_CODE,SIDE_CODE,START_MEASURE,END_MEASURE) values (1123436,5737,null,null,null,0,339.921);
Insert into LRM_POSITION (ID,ROAD_LINK_ID,EVENT_TYPE,LANE_CODE,SIDE_CODE,START_MEASURE,END_MEASURE) values (1123440,5991,null,null,null,0,74.931);
Insert into LRM_POSITION (ID,ROAD_LINK_ID,EVENT_TYPE,LANE_CODE,SIDE_CODE,START_MEASURE,END_MEASURE) values (1123443,2499872,null,null,null,0,51.85);
Insert into LRM_POSITION (ID,ROAD_LINK_ID,EVENT_TYPE,LANE_CODE,SIDE_CODE,START_MEASURE,END_MEASURE) values (1123455,5565,null,null,null,3.416,5.624);
Insert into LRM_POSITION (ID,ROAD_LINK_ID,EVENT_TYPE,LANE_CODE,SIDE_CODE,START_MEASURE,END_MEASURE) values (1123463,5707,null,null,null,3.437,7.741);
Insert into LRM_POSITION (ID,ROAD_LINK_ID,EVENT_TYPE,LANE_CODE,SIDE_CODE,START_MEASURE,END_MEASURE) values (1123470,5747,null,null,null,0,50.997);
Insert into LRM_POSITION (ID,ROAD_LINK_ID,EVENT_TYPE,LANE_CODE,SIDE_CODE,START_MEASURE,END_MEASURE) values (1123483,6003,null,null,null,2.229,179.425);
Insert into LRM_POSITION (ID,ROAD_LINK_ID,EVENT_TYPE,LANE_CODE,SIDE_CODE,START_MEASURE,END_MEASURE) values (1123499,2148015,null,null,null,7.372,80.887);
Insert into LRM_POSITION (ID,ROAD_LINK_ID,EVENT_TYPE,LANE_CODE,SIDE_CODE,START_MEASURE,END_MEASURE) values (1123510,5904,null,null,null,0,223.834);
Insert into LRM_POSITION (ID,ROAD_LINK_ID,EVENT_TYPE,LANE_CODE,SIDE_CODE,START_MEASURE,END_MEASURE) values (1123515,5752,null,null,null,4.226,90.733);
Insert into LRM_POSITION (ID,ROAD_LINK_ID,EVENT_TYPE,LANE_CODE,SIDE_CODE,START_MEASURE,END_MEASURE) values (1123519,5695,null,null,null,0,154.386);
Insert into LRM_POSITION (ID,ROAD_LINK_ID,EVENT_TYPE,LANE_CODE,SIDE_CODE,START_MEASURE,END_MEASURE) values (1123528,2574338,null,null,null,0,49.372);
Insert into LRM_POSITION (ID,ROAD_LINK_ID,EVENT_TYPE,LANE_CODE,SIDE_CODE,START_MEASURE,END_MEASURE) values (1123533,2574325,null,null,null,0,150.8);
Insert into LRM_POSITION (ID,ROAD_LINK_ID,EVENT_TYPE,LANE_CODE,SIDE_CODE,START_MEASURE,END_MEASURE) values (1123536,2499873,null,null,null,0,12.043);
Insert into LRM_POSITION (ID,ROAD_LINK_ID,EVENT_TYPE,LANE_CODE,SIDE_CODE,START_MEASURE,END_MEASURE) values (1123541,5554,null,null,null,0,9.209);
Insert into LRM_POSITION (ID,ROAD_LINK_ID,EVENT_TYPE,LANE_CODE,SIDE_CODE,START_MEASURE,END_MEASURE) values (1123546,2148036,null,null,null,0,168.584);
Insert into LRM_POSITION (ID,ROAD_LINK_ID,EVENT_TYPE,LANE_CODE,SIDE_CODE,START_MEASURE,END_MEASURE) values (1123549,5844,null,null,null,0,24.844);
Insert into LRM_POSITION (ID,ROAD_LINK_ID,EVENT_TYPE,LANE_CODE,SIDE_CODE,START_MEASURE,END_MEASURE) values (1123554,5961,null,null,null,0,76.959);
Insert into LRM_POSITION (ID,ROAD_LINK_ID,EVENT_TYPE,LANE_CODE,SIDE_CODE,START_MEASURE,END_MEASURE) values (1123558,5752,null,null,null,0,2.438);
Insert into LRM_POSITION (ID,ROAD_LINK_ID,EVENT_TYPE,LANE_CODE,SIDE_CODE,START_MEASURE,END_MEASURE) values (1123562,2499847,null,null,null,0,30.034);
Insert into LRM_POSITION (ID,ROAD_LINK_ID,EVENT_TYPE,LANE_CODE,SIDE_CODE,START_MEASURE,END_MEASURE) values (1123568,5881,null,null,null,0,132.784);
Insert into LRM_POSITION (ID,ROAD_LINK_ID,EVENT_TYPE,LANE_CODE,SIDE_CODE,START_MEASURE,END_MEASURE) values (1123578,5792,null,null,null,0,46.439);
Insert into LRM_POSITION (ID,ROAD_LINK_ID,EVENT_TYPE,LANE_CODE,SIDE_CODE,START_MEASURE,END_MEASURE) values (1123589,5752,null,null,null,2.438,4.226);
Insert into LRM_POSITION (ID,ROAD_LINK_ID,EVENT_TYPE,LANE_CODE,SIDE_CODE,START_MEASURE,END_MEASURE) values (1123600,5665,null,null,null,0,48.305);
Insert into LRM_POSITION (ID,ROAD_LINK_ID,EVENT_TYPE,LANE_CODE,SIDE_CODE,START_MEASURE,END_MEASURE) values (1123607,5605,null,null,null,0,6.699);
Insert into LRM_POSITION (ID,ROAD_LINK_ID,EVENT_TYPE,LANE_CODE,SIDE_CODE,START_MEASURE,END_MEASURE) values (1123612,5713,null,null,null,0,200.114);
Insert into LRM_POSITION (ID,ROAD_LINK_ID,EVENT_TYPE,LANE_CODE,SIDE_CODE,START_MEASURE,END_MEASURE) values (1123620,5858,null,null,null,0,13.332);
Insert into LRM_POSITION (ID,ROAD_LINK_ID,EVENT_TYPE,LANE_CODE,SIDE_CODE,START_MEASURE,END_MEASURE) values (1123627,5605,null,null,null,6.699,9.219);
Insert into LRM_POSITION (ID,ROAD_LINK_ID,EVENT_TYPE,LANE_CODE,SIDE_CODE,START_MEASURE,END_MEASURE) values (1123637,5629,null,null,null,0,117.881);
Insert into LRM_POSITION (ID,ROAD_LINK_ID,EVENT_TYPE,LANE_CODE,SIDE_CODE,START_MEASURE,END_MEASURE) values (1123640,5964,null,null,null,0,7.37);
Insert into LRM_POSITION (ID,ROAD_LINK_ID,EVENT_TYPE,LANE_CODE,SIDE_CODE,START_MEASURE,END_MEASURE) values (1123646,5825,null,null,null,0,238.179);
Insert into LRM_POSITION (ID,ROAD_LINK_ID,EVENT_TYPE,LANE_CODE,SIDE_CODE,START_MEASURE,END_MEASURE) values (1123649,5726,null,null,null,0,79.691);
Insert into LRM_POSITION (ID,ROAD_LINK_ID,EVENT_TYPE,LANE_CODE,SIDE_CODE,START_MEASURE,END_MEASURE) values (1123652,5634,null,null,null,0,112.948);
Insert into LRM_POSITION (ID,ROAD_LINK_ID,EVENT_TYPE,LANE_CODE,SIDE_CODE,START_MEASURE,END_MEASURE) values (1123657,5610,null,null,null,0,55.354);
Insert into LRM_POSITION (ID,ROAD_LINK_ID,EVENT_TYPE,LANE_CODE,SIDE_CODE,START_MEASURE,END_MEASURE) values (1123662,5827,null,null,null,0,47.14);
Insert into LRM_POSITION (ID,ROAD_LINK_ID,EVENT_TYPE,LANE_CODE,SIDE_CODE,START_MEASURE,END_MEASURE) values (1123666,5901,null,null,null,9.612,11.113);
Insert into LRM_POSITION (ID,ROAD_LINK_ID,EVENT_TYPE,LANE_CODE,SIDE_CODE,START_MEASURE,END_MEASURE) values (1123671,5559,null,null,null,0,1.508);
Insert into LRM_POSITION (ID,ROAD_LINK_ID,EVENT_TYPE,LANE_CODE,SIDE_CODE,START_MEASURE,END_MEASURE) values (1123680,5901,null,null,null,7.772,9.612);
Insert into LRM_POSITION (ID,ROAD_LINK_ID,EVENT_TYPE,LANE_CODE,SIDE_CODE,START_MEASURE,END_MEASURE) values (1123688,5559,null,null,null,1.508,5.065);
Insert into LRM_POSITION (ID,ROAD_LINK_ID,EVENT_TYPE,LANE_CODE,SIDE_CODE,START_MEASURE,END_MEASURE) values (1123694,5571,null,null,null,0,147.193);
Insert into LRM_POSITION (ID,ROAD_LINK_ID,EVENT_TYPE,LANE_CODE,SIDE_CODE,START_MEASURE,END_MEASURE) values (1123701,5555,null,null,null,0,85.96);
Insert into LRM_POSITION (ID,ROAD_LINK_ID,EVENT_TYPE,LANE_CODE,SIDE_CODE,START_MEASURE,END_MEASURE) values (1123704,5758,null,null,null,0,56.351);
Insert into LRM_POSITION (ID,ROAD_LINK_ID,EVENT_TYPE,LANE_CODE,SIDE_CODE,START_MEASURE,END_MEASURE) values (1123713,5544,null,null,null,0,198.297);
Insert into LRM_POSITION (ID,ROAD_LINK_ID,EVENT_TYPE,LANE_CODE,SIDE_CODE,START_MEASURE,END_MEASURE) values (1123718,5809,null,null,null,72.435,170.926);
Insert into LRM_POSITION (ID,ROAD_LINK_ID,EVENT_TYPE,LANE_CODE,SIDE_CODE,START_MEASURE,END_MEASURE) values (1123725,5809,null,null,null,38.392,72.435);
Insert into LRM_POSITION (ID,ROAD_LINK_ID,EVENT_TYPE,LANE_CODE,SIDE_CODE,START_MEASURE,END_MEASURE) values (1123736,5600,null,null,null,0,106.719);
Insert into LRM_POSITION (ID,ROAD_LINK_ID,EVENT_TYPE,LANE_CODE,SIDE_CODE,START_MEASURE,END_MEASURE) values (1123746,5896,null,null,null,3.825,95.416);
Insert into LRM_POSITION (ID,ROAD_LINK_ID,EVENT_TYPE,LANE_CODE,SIDE_CODE,START_MEASURE,END_MEASURE) values (1123751,5919,null,null,null,0,51.184);
Insert into LRM_POSITION (ID,ROAD_LINK_ID,EVENT_TYPE,LANE_CODE,SIDE_CODE,START_MEASURE,END_MEASURE) values (1123761,5982,null,null,null,0,220.876);
Insert into LRM_POSITION (ID,ROAD_LINK_ID,EVENT_TYPE,LANE_CODE,SIDE_CODE,START_MEASURE,END_MEASURE) values (1123772,5947,null,null,null,2.27,103.646);
Insert into LRM_POSITION (ID,ROAD_LINK_ID,EVENT_TYPE,LANE_CODE,SIDE_CODE,START_MEASURE,END_MEASURE) values (1123784,5907,null,null,null,0,82.772);
Insert into LRM_POSITION (ID,ROAD_LINK_ID,EVENT_TYPE,LANE_CODE,SIDE_CODE,START_MEASURE,END_MEASURE) values (1123792,6000,null,null,null,0,94.078);
Insert into LRM_POSITION (ID,ROAD_LINK_ID,EVENT_TYPE,LANE_CODE,SIDE_CODE,START_MEASURE,END_MEASURE) values (1123799,5787,null,null,null,0,10.142);
Insert into LRM_POSITION (ID,ROAD_LINK_ID,EVENT_TYPE,LANE_CODE,SIDE_CODE,START_MEASURE,END_MEASURE) values (1123808,2148009,null,null,null,0,53.908);
Insert into LRM_POSITION (ID,ROAD_LINK_ID,EVENT_TYPE,LANE_CODE,SIDE_CODE,START_MEASURE,END_MEASURE) values (1123815,5540,null,null,null,0,59.614);
Insert into LRM_POSITION (ID,ROAD_LINK_ID,EVENT_TYPE,LANE_CODE,SIDE_CODE,START_MEASURE,END_MEASURE) values (1123822,5569,null,null,null,5.251,12.834);
Insert into LRM_POSITION (ID,ROAD_LINK_ID,EVENT_TYPE,LANE_CODE,SIDE_CODE,START_MEASURE,END_MEASURE) values (1123829,5573,null,null,null,0,42.619);
Insert into LRM_POSITION (ID,ROAD_LINK_ID,EVENT_TYPE,LANE_CODE,SIDE_CODE,START_MEASURE,END_MEASURE) values (1123839,5576,null,null,null,0,37.981);
Insert into LRM_POSITION (ID,ROAD_LINK_ID,EVENT_TYPE,LANE_CODE,SIDE_CODE,START_MEASURE,END_MEASURE) values (1123843,5578,null,null,null,0,194.973);
Insert into LRM_POSITION (ID,ROAD_LINK_ID,EVENT_TYPE,LANE_CODE,SIDE_CODE,START_MEASURE,END_MEASURE) values (1123847,5993,null,null,null,0,37.133);
Insert into LRM_POSITION (ID,ROAD_LINK_ID,EVENT_TYPE,LANE_CODE,SIDE_CODE,START_MEASURE,END_MEASURE) values (1123852,5534,null,null,null,0,5.115);
Insert into LRM_POSITION (ID,ROAD_LINK_ID,EVENT_TYPE,LANE_CODE,SIDE_CODE,START_MEASURE,END_MEASURE) values (1123856,5735,null,null,null,0,161.145);
Insert into LRM_POSITION (ID,ROAD_LINK_ID,EVENT_TYPE,LANE_CODE,SIDE_CODE,START_MEASURE,END_MEASURE) values (1123861,5535,null,null,null,0,101.079);
Insert into LRM_POSITION (ID,ROAD_LINK_ID,EVENT_TYPE,LANE_CODE,SIDE_CODE,START_MEASURE,END_MEASURE) values (1123867,5679,null,null,null,0,89.503);
Insert into LRM_POSITION (ID,ROAD_LINK_ID,EVENT_TYPE,LANE_CODE,SIDE_CODE,START_MEASURE,END_MEASURE) values (1123872,5612,null,null,null,0,143.713);
Insert into LRM_POSITION (ID,ROAD_LINK_ID,EVENT_TYPE,LANE_CODE,SIDE_CODE,START_MEASURE,END_MEASURE) values (1123876,2499887,null,null,null,0,87.638);
Insert into LRM_POSITION (ID,ROAD_LINK_ID,EVENT_TYPE,LANE_CODE,SIDE_CODE,START_MEASURE,END_MEASURE) values (1123894,1913686,null,null,null,0,2.379);
Insert into LRM_POSITION (ID,ROAD_LINK_ID,EVENT_TYPE,LANE_CODE,SIDE_CODE,START_MEASURE,END_MEASURE) values (1123902,5534,null,null,null,7.533,9.701);
Insert into LRM_POSITION (ID,ROAD_LINK_ID,EVENT_TYPE,LANE_CODE,SIDE_CODE,START_MEASURE,END_MEASURE) values (1123911,1913686,null,null,null,2.379,3.739);
Insert into LRM_POSITION (ID,ROAD_LINK_ID,EVENT_TYPE,LANE_CODE,SIDE_CODE,START_MEASURE,END_MEASURE) values (1123921,5534,null,null,null,5.115,7.533);
Insert into LRM_POSITION (ID,ROAD_LINK_ID,EVENT_TYPE,LANE_CODE,SIDE_CODE,START_MEASURE,END_MEASURE) values (1115803,2628531,null,null,null,0,7.583);
Insert into LRM_POSITION (ID,ROAD_LINK_ID,EVENT_TYPE,LANE_CODE,SIDE_CODE,START_MEASURE,END_MEASURE) values (1120789,5614,null,null,null,0,84.974);
Insert into LRM_POSITION (ID,ROAD_LINK_ID,EVENT_TYPE,LANE_CODE,SIDE_CODE,START_MEASURE,END_MEASURE) values (1120807,5579,null,null,null,0,59.96);
Insert into LRM_POSITION (ID,ROAD_LINK_ID,EVENT_TYPE,LANE_CODE,SIDE_CODE,START_MEASURE,END_MEASURE) values (1120824,5537,null,null,null,0,136.788);
Insert into LRM_POSITION (ID,ROAD_LINK_ID,EVENT_TYPE,LANE_CODE,SIDE_CODE,START_MEASURE,END_MEASURE) values (1120840,5804,null,null,null,0,127.27);
Insert into LRM_POSITION (ID,ROAD_LINK_ID,EVENT_TYPE,LANE_CODE,SIDE_CODE,START_MEASURE,END_MEASURE) values (1120854,5710,null,null,null,0,28.982);
Insert into LRM_POSITION (ID,ROAD_LINK_ID,EVENT_TYPE,LANE_CODE,SIDE_CODE,START_MEASURE,END_MEASURE) values (1120869,5767,null,null,null,0,30.53);
Insert into LRM_POSITION (ID,ROAD_LINK_ID,EVENT_TYPE,LANE_CODE,SIDE_CODE,START_MEASURE,END_MEASURE) values (1120885,5831,null,null,null,0,69.933);
Insert into LRM_POSITION (ID,ROAD_LINK_ID,EVENT_TYPE,LANE_CODE,SIDE_CODE,START_MEASURE,END_MEASURE) values (1120899,5633,null,null,null,0,67.195);
Insert into LRM_POSITION (ID,ROAD_LINK_ID,EVENT_TYPE,LANE_CODE,SIDE_CODE,START_MEASURE,END_MEASURE) values (1120914,5810,null,null,null,1.494,54.411);
Insert into LRM_POSITION (ID,ROAD_LINK_ID,EVENT_TYPE,LANE_CODE,SIDE_CODE,START_MEASURE,END_MEASURE) values (1120929,5811,null,null,null,0,1.69);
Insert into LRM_POSITION (ID,ROAD_LINK_ID,EVENT_TYPE,LANE_CODE,SIDE_CODE,START_MEASURE,END_MEASURE) values (1120947,5811,null,null,null,1.69,3.24);
Insert into LRM_POSITION (ID,ROAD_LINK_ID,EVENT_TYPE,LANE_CODE,SIDE_CODE,START_MEASURE,END_MEASURE) values (1157882,5936,null,null,null,0,8.957);
Insert into LRM_POSITION (ID,ROAD_LINK_ID,EVENT_TYPE,LANE_CODE,SIDE_CODE,START_MEASURE,END_MEASURE) values (1181685,2148025,null,null,null,0,254.025);
Insert into LRM_POSITION (ID,ROAD_LINK_ID,EVENT_TYPE,LANE_CODE,SIDE_CODE,START_MEASURE,END_MEASURE) values (1181695,2190509,null,null,null,0,76.687);
Insert into LRM_POSITION (ID,ROAD_LINK_ID,EVENT_TYPE,LANE_CODE,SIDE_CODE,START_MEASURE,END_MEASURE) values (1181705,5589,null,null,null,0,35.952);
Insert into LRM_POSITION (ID,ROAD_LINK_ID,EVENT_TYPE,LANE_CODE,SIDE_CODE,START_MEASURE,END_MEASURE) values (1181715,5649,null,null,null,0,173.14);
Insert into LRM_POSITION (ID,ROAD_LINK_ID,EVENT_TYPE,LANE_CODE,SIDE_CODE,START_MEASURE,END_MEASURE) values (1181726,5768,null,null,null,0,89.622);
Insert into LRM_POSITION (ID,ROAD_LINK_ID,EVENT_TYPE,LANE_CODE,SIDE_CODE,START_MEASURE,END_MEASURE) values (1181730,5585,null,null,null,0,118.162);
Insert into LRM_POSITION (ID,ROAD_LINK_ID,EVENT_TYPE,LANE_CODE,SIDE_CODE,START_MEASURE,END_MEASURE) values (1181736,5672,null,null,null,0,99.676);
Insert into LRM_POSITION (ID,ROAD_LINK_ID,EVENT_TYPE,LANE_CODE,SIDE_CODE,START_MEASURE,END_MEASURE) values (1181742,5544,null,null,null,198.297,249.177);
Insert into LRM_POSITION (ID,ROAD_LINK_ID,EVENT_TYPE,LANE_CODE,SIDE_CODE,START_MEASURE,END_MEASURE) values (1181754,5663,null,null,null,3.339,49.272);
Insert into LRM_POSITION (ID,ROAD_LINK_ID,EVENT_TYPE,LANE_CODE,SIDE_CODE,START_MEASURE,END_MEASURE) values (1181766,2148021,null,null,null,27.168,63.406);
Insert into LRM_POSITION (ID,ROAD_LINK_ID,EVENT_TYPE,LANE_CODE,SIDE_CODE,START_MEASURE,END_MEASURE) values (1181778,2414745,null,null,null,0,200.021);
Insert into LRM_POSITION (ID,ROAD_LINK_ID,EVENT_TYPE,LANE_CODE,SIDE_CODE,START_MEASURE,END_MEASURE) values (1181790,5562,null,null,null,0,13.37);
Insert into LRM_POSITION (ID,ROAD_LINK_ID,EVENT_TYPE,LANE_CODE,SIDE_CODE,START_MEASURE,END_MEASURE) values (1181796,5601,null,null,null,0,37.735);
Insert into LRM_POSITION (ID,ROAD_LINK_ID,EVENT_TYPE,LANE_CODE,SIDE_CODE,START_MEASURE,END_MEASURE) values (1147226,2148017,null,null,null,0,68.605);
Insert into LRM_POSITION (ID,ROAD_LINK_ID,EVENT_TYPE,LANE_CODE,SIDE_CODE,START_MEASURE,END_MEASURE) values (1147307,5994,null,null,null,0,105.141);
Insert into LRM_POSITION (ID,ROAD_LINK_ID,EVENT_TYPE,LANE_CODE,SIDE_CODE,START_MEASURE,END_MEASURE) values (1147313,2148050,null,null,null,1.23,5.202);
Insert into LRM_POSITION (ID,ROAD_LINK_ID,EVENT_TYPE,LANE_CODE,SIDE_CODE,START_MEASURE,END_MEASURE) values (1147348,5648,null,null,null,0,126.909);
Insert into LRM_POSITION (ID,ROAD_LINK_ID,EVENT_TYPE,LANE_CODE,SIDE_CODE,START_MEASURE,END_MEASURE) values (1142362,5765,null,null,null,0,66.965);
Insert into LRM_POSITION (ID,ROAD_LINK_ID,EVENT_TYPE,LANE_CODE,SIDE_CODE,START_MEASURE,END_MEASURE) values (1142365,5608,null,null,null,0,59.391);
Insert into LRM_POSITION (ID,ROAD_LINK_ID,EVENT_TYPE,LANE_CODE,SIDE_CODE,START_MEASURE,END_MEASURE) values (1142370,5680,null,null,null,0,54.776);
Insert into LRM_POSITION (ID,ROAD_LINK_ID,EVENT_TYPE,LANE_CODE,SIDE_CODE,START_MEASURE,END_MEASURE) values (1142374,5621,null,null,null,0,153.808);
Insert into LRM_POSITION (ID,ROAD_LINK_ID,EVENT_TYPE,LANE_CODE,SIDE_CODE,START_MEASURE,END_MEASURE) values (1142380,5594,null,null,null,0,54.504);
Insert into LRM_POSITION (ID,ROAD_LINK_ID,EVENT_TYPE,LANE_CODE,SIDE_CODE,START_MEASURE,END_MEASURE) values (1142384,5658,null,null,null,0,81.392);
Insert into LRM_POSITION (ID,ROAD_LINK_ID,EVENT_TYPE,LANE_CODE,SIDE_CODE,START_MEASURE,END_MEASURE) values (1142390,5696,null,null,null,0,10.462);
Insert into LRM_POSITION (ID,ROAD_LINK_ID,EVENT_TYPE,LANE_CODE,SIDE_CODE,START_MEASURE,END_MEASURE) values (1142394,2574339,null,null,null,0,228.98);
Insert into LRM_POSITION (ID,ROAD_LINK_ID,EVENT_TYPE,LANE_CODE,SIDE_CODE,START_MEASURE,END_MEASURE) values (1142400,5917,null,null,null,0,184.256);
Insert into LRM_POSITION (ID,ROAD_LINK_ID,EVENT_TYPE,LANE_CODE,SIDE_CODE,START_MEASURE,END_MEASURE) values (1142405,5692,null,null,null,0,126.275);
Insert into LRM_POSITION (ID,ROAD_LINK_ID,EVENT_TYPE,LANE_CODE,SIDE_CODE,START_MEASURE,END_MEASURE) values (1142410,5968,null,null,null,0,16.577);
Insert into LRM_POSITION (ID,ROAD_LINK_ID,EVENT_TYPE,LANE_CODE,SIDE_CODE,START_MEASURE,END_MEASURE) values (1142414,5915,null,null,null,0,63.217);
Insert into LRM_POSITION (ID,ROAD_LINK_ID,EVENT_TYPE,LANE_CODE,SIDE_CODE,START_MEASURE,END_MEASURE) values (1142417,5746,null,null,null,0,215.423);
Insert into LRM_POSITION (ID,ROAD_LINK_ID,EVENT_TYPE,LANE_CODE,SIDE_CODE,START_MEASURE,END_MEASURE) values (1142423,5776,null,null,null,0,85.917);
Insert into LRM_POSITION (ID,ROAD_LINK_ID,EVENT_TYPE,LANE_CODE,SIDE_CODE,START_MEASURE,END_MEASURE) values (1142427,2499893,null,null,null,0,5.073);
Insert into LRM_POSITION (ID,ROAD_LINK_ID,EVENT_TYPE,LANE_CODE,SIDE_CODE,START_MEASURE,END_MEASURE) values (1142430,5682,null,null,null,0,178.23);
Insert into LRM_POSITION (ID,ROAD_LINK_ID,EVENT_TYPE,LANE_CODE,SIDE_CODE,START_MEASURE,END_MEASURE) values (1142435,5753,null,null,null,0,142.751);
Insert into LRM_POSITION (ID,ROAD_LINK_ID,EVENT_TYPE,LANE_CODE,SIDE_CODE,START_MEASURE,END_MEASURE) values (1142438,5533,null,null,null,0,15.62);
Insert into LRM_POSITION (ID,ROAD_LINK_ID,EVENT_TYPE,LANE_CODE,SIDE_CODE,START_MEASURE,END_MEASURE) values (1142442,5927,null,null,null,0,114.266);
Insert into LRM_POSITION (ID,ROAD_LINK_ID,EVENT_TYPE,LANE_CODE,SIDE_CODE,START_MEASURE,END_MEASURE) values (1142446,5839,null,null,null,0,46.767);
Insert into LRM_POSITION (ID,ROAD_LINK_ID,EVENT_TYPE,LANE_CODE,SIDE_CODE,START_MEASURE,END_MEASURE) values (1142453,5641,null,null,null,0,6.978);
Insert into LRM_POSITION (ID,ROAD_LINK_ID,EVENT_TYPE,LANE_CODE,SIDE_CODE,START_MEASURE,END_MEASURE) values (1142461,5778,null,null,null,0,54.298);
Insert into LRM_POSITION (ID,ROAD_LINK_ID,EVENT_TYPE,LANE_CODE,SIDE_CODE,START_MEASURE,END_MEASURE) values (1142468,5718,null,null,null,0,193.357);
Insert into LRM_POSITION (ID,ROAD_LINK_ID,EVENT_TYPE,LANE_CODE,SIDE_CODE,START_MEASURE,END_MEASURE) values (1142472,5574,null,null,null,0,16.992);
Insert into LRM_POSITION (ID,ROAD_LINK_ID,EVENT_TYPE,LANE_CODE,SIDE_CODE,START_MEASURE,END_MEASURE) values (1142476,5583,null,null,null,0,73.104);
Insert into LRM_POSITION (ID,ROAD_LINK_ID,EVENT_TYPE,LANE_CODE,SIDE_CODE,START_MEASURE,END_MEASURE) values (1142483,5778,null,null,null,54.298,98.338);
Insert into LRM_POSITION (ID,ROAD_LINK_ID,EVENT_TYPE,LANE_CODE,SIDE_CODE,START_MEASURE,END_MEASURE) values (1142488,2414742,null,null,null,0,21.051);
Insert into LRM_POSITION (ID,ROAD_LINK_ID,EVENT_TYPE,LANE_CODE,SIDE_CODE,START_MEASURE,END_MEASURE) values (1142493,5809,null,null,null,0,38.392);
Insert into LRM_POSITION (ID,ROAD_LINK_ID,EVENT_TYPE,LANE_CODE,SIDE_CODE,START_MEASURE,END_MEASURE) values (1142498,2499861,null,null,null,0,118.413);
Insert into LRM_POSITION (ID,ROAD_LINK_ID,EVENT_TYPE,LANE_CODE,SIDE_CODE,START_MEASURE,END_MEASURE) values (1142507,5667,null,null,null,0,63.886);
Insert into LRM_POSITION (ID,ROAD_LINK_ID,EVENT_TYPE,LANE_CODE,SIDE_CODE,START_MEASURE,END_MEASURE) values (1142517,5667,null,null,null,63.886,193.569);
Insert into LRM_POSITION (ID,ROAD_LINK_ID,EVENT_TYPE,LANE_CODE,SIDE_CODE,START_MEASURE,END_MEASURE) values (1142526,5690,null,null,null,0,82.351);
Insert into LRM_POSITION (ID,ROAD_LINK_ID,EVENT_TYPE,LANE_CODE,SIDE_CODE,START_MEASURE,END_MEASURE) values (1142534,5795,null,null,null,0,286.005);
Insert into LRM_POSITION (ID,ROAD_LINK_ID,EVENT_TYPE,LANE_CODE,SIDE_CODE,START_MEASURE,END_MEASURE) values (1142542,5840,null,null,null,0,131.849);
Insert into LRM_POSITION (ID,ROAD_LINK_ID,EVENT_TYPE,LANE_CODE,SIDE_CODE,START_MEASURE,END_MEASURE) values (1142547,5613,null,null,null,0,24.011);
Insert into LRM_POSITION (ID,ROAD_LINK_ID,EVENT_TYPE,LANE_CODE,SIDE_CODE,START_MEASURE,END_MEASURE) values (1142551,5794,null,null,null,0,14.982);
Insert into LRM_POSITION (ID,ROAD_LINK_ID,EVENT_TYPE,LANE_CODE,SIDE_CODE,START_MEASURE,END_MEASURE) values (1142554,5872,null,null,null,0,167.657);
Insert into LRM_POSITION (ID,ROAD_LINK_ID,EVENT_TYPE,LANE_CODE,SIDE_CODE,START_MEASURE,END_MEASURE) values (1142558,5631,null,null,null,0,91.226);
Insert into LRM_POSITION (ID,ROAD_LINK_ID,EVENT_TYPE,LANE_CODE,SIDE_CODE,START_MEASURE,END_MEASURE) values (1147922,2499866,null,null,null,0,136.04);
Insert into LRM_POSITION (ID,ROAD_LINK_ID,EVENT_TYPE,LANE_CODE,SIDE_CODE,START_MEASURE,END_MEASURE) values (1147934,2148024,null,null,null,7.812,52.929);
Insert into LRM_POSITION (ID,ROAD_LINK_ID,EVENT_TYPE,LANE_CODE,SIDE_CODE,START_MEASURE,END_MEASURE) values (1147946,5652,null,null,null,0,68.232);
Insert into LRM_POSITION (ID,ROAD_LINK_ID,EVENT_TYPE,LANE_CODE,SIDE_CODE,START_MEASURE,END_MEASURE) values (1175246,5970,null,null,null,0,28.442);
Insert into LRM_POSITION (ID,ROAD_LINK_ID,EVENT_TYPE,LANE_CODE,SIDE_CODE,START_MEASURE,END_MEASURE) values (1175250,5935,null,null,null,2.238,93.003);
Insert into LRM_POSITION (ID,ROAD_LINK_ID,EVENT_TYPE,LANE_CODE,SIDE_CODE,START_MEASURE,END_MEASURE) values (1175256,5659,null,null,null,0,101.561);
Insert into LRM_POSITION (ID,ROAD_LINK_ID,EVENT_TYPE,LANE_CODE,SIDE_CODE,START_MEASURE,END_MEASURE) values (1175260,5529,null,null,null,0,122.916);
Insert into LRM_POSITION (ID,ROAD_LINK_ID,EVENT_TYPE,LANE_CODE,SIDE_CODE,START_MEASURE,END_MEASURE) values (1175263,5824,null,null,null,0,276.175);
Insert into LRM_POSITION (ID,ROAD_LINK_ID,EVENT_TYPE,LANE_CODE,SIDE_CODE,START_MEASURE,END_MEASURE) values (1175269,2100084,null,null,null,0,104.818);
Insert into LRM_POSITION (ID,ROAD_LINK_ID,EVENT_TYPE,LANE_CODE,SIDE_CODE,START_MEASURE,END_MEASURE) values (1147665,5661,null,null,null,0,93.592);
Insert into LRM_POSITION (ID,ROAD_LINK_ID,EVENT_TYPE,LANE_CODE,SIDE_CODE,START_MEASURE,END_MEASURE) values (1147672,2148049,null,null,null,0,51.35);
Insert into LRM_POSITION (ID,ROAD_LINK_ID,EVENT_TYPE,LANE_CODE,SIDE_CODE,START_MEASURE,END_MEASURE) values (1147677,5622,null,null,null,0.17,151.027);
Insert into LRM_POSITION (ID,ROAD_LINK_ID,EVENT_TYPE,LANE_CODE,SIDE_CODE,START_MEASURE,END_MEASURE) values (1147681,5697,null,null,null,0,40.237);
Insert into LRM_POSITION (ID,ROAD_LINK_ID,EVENT_TYPE,LANE_CODE,SIDE_CODE,START_MEASURE,END_MEASURE) values (1147684,5685,null,null,null,0,32.326);
Insert into LRM_POSITION (ID,ROAD_LINK_ID,EVENT_TYPE,LANE_CODE,SIDE_CODE,START_MEASURE,END_MEASURE) values (1147687,5622,null,null,null,151.027,364.214);
Insert into LRM_POSITION (ID,ROAD_LINK_ID,EVENT_TYPE,LANE_CODE,SIDE_CODE,START_MEASURE,END_MEASURE) values (2048217,2405449,null,null,null,0,5.312);
Insert into LRM_POSITION (ID,ROAD_LINK_ID,EVENT_TYPE,LANE_CODE,SIDE_CODE,START_MEASURE,END_MEASURE) values (2048224,2405451,null,null,null,0,80.282);
Insert into LRM_POSITION (ID,ROAD_LINK_ID,EVENT_TYPE,LANE_CODE,SIDE_CODE,START_MEASURE,END_MEASURE) values (2048387,2405440,null,null,null,0,5.218);
Insert into LRM_POSITION (ID,ROAD_LINK_ID,EVENT_TYPE,LANE_CODE,SIDE_CODE,START_MEASURE,END_MEASURE) values (2048394,2405438,null,null,null,0,79.721);
Insert into LRM_POSITION (ID,ROAD_LINK_ID,EVENT_TYPE,LANE_CODE,SIDE_CODE,START_MEASURE,END_MEASURE) values (2060884,5602,null,null,null,0,266.65);
Insert into LRM_POSITION (ID,ROAD_LINK_ID,EVENT_TYPE,LANE_CODE,SIDE_CODE,START_MEASURE,END_MEASURE) values (2133593,5722,null,null,null,0,319.551);
Insert into LRM_POSITION (ID,ROAD_LINK_ID,EVENT_TYPE,LANE_CODE,SIDE_CODE,START_MEASURE,END_MEASURE) values (2133594,5937,null,null,null,0,122.543);
Insert into LRM_POSITION (ID,ROAD_LINK_ID,EVENT_TYPE,LANE_CODE,SIDE_CODE,START_MEASURE,END_MEASURE) values (2133595,2245186,null,null,null,0,367.384);
Insert into LRM_POSITION (ID,ROAD_LINK_ID,EVENT_TYPE,LANE_CODE,SIDE_CODE,START_MEASURE,END_MEASURE) values (2133596,5651,null,null,null,0,17.064);
Insert into LRM_POSITION (ID,ROAD_LINK_ID,EVENT_TYPE,LANE_CODE,SIDE_CODE,START_MEASURE,END_MEASURE) values (2134932,5714,null,null,null,0,236.82);
Insert into LRM_POSITION (ID,ROAD_LINK_ID,EVENT_TYPE,LANE_CODE,SIDE_CODE,START_MEASURE,END_MEASURE) values (2135035,5822,null,null,null,0,821.811);
Insert into LRM_POSITION (ID,ROAD_LINK_ID,EVENT_TYPE,LANE_CODE,SIDE_CODE,START_MEASURE,END_MEASURE) values (2135036,5570,null,null,null,0,16.785);
Insert into LRM_POSITION (ID,ROAD_LINK_ID,EVENT_TYPE,LANE_CODE,SIDE_CODE,START_MEASURE,END_MEASURE) values (2330026,5566,null,null,null,0,495.751);
Insert into LRM_POSITION (ID,ROAD_LINK_ID,EVENT_TYPE,LANE_CODE,SIDE_CODE,START_MEASURE,END_MEASURE) values (2367660,2446577,null,null,null,0,174.459);
Insert into LRM_POSITION (ID,ROAD_LINK_ID,EVENT_TYPE,LANE_CODE,SIDE_CODE,START_MEASURE,END_MEASURE) values (2367067,5806,null,null,null,0,131.601);
Insert into LRM_POSITION (ID,ROAD_LINK_ID,EVENT_TYPE,LANE_CODE,SIDE_CODE,START_MEASURE,END_MEASURE) values (2367078,2439413,null,null,null,0,133.287);
Insert into LRM_POSITION (ID,ROAD_LINK_ID,EVENT_TYPE,LANE_CODE,SIDE_CODE,START_MEASURE,END_MEASURE) values (2328932,5566,null,null,null,0,497.39);
Insert into LRM_POSITION (ID,ROAD_LINK_ID,EVENT_TYPE,LANE_CODE,SIDE_CODE,START_MEASURE,END_MEASURE) values (2372702,5976,null,null,null,0,175.444);
Insert into LRM_POSITION (ID,ROAD_LINK_ID,EVENT_TYPE,LANE_CODE,SIDE_CODE,START_MEASURE,END_MEASURE) values (2378540,5976,null,null,null,175.444,300.485);
Insert into LRM_POSITION (ID,ROAD_LINK_ID,EVENT_TYPE,LANE_CODE,SIDE_CODE,START_MEASURE,END_MEASURE) values (2376736,2446577,null,null,null,174.459,300.291);

Insert into ASSET (ID,ASSET_TYPE_ID) values (985667,20);
Insert into ASSET (ID,ASSET_TYPE_ID) values (985686,20);
Insert into ASSET (ID,ASSET_TYPE_ID) values (986484,20);
Insert into ASSET (ID,ASSET_TYPE_ID) values (989587,20);
Insert into ASSET (ID,ASSET_TYPE_ID) values (994315,20);
Insert into ASSET (ID,ASSET_TYPE_ID) values (1003457,20);
Insert into ASSET (ID,ASSET_TYPE_ID) values (998796,20);
Insert into ASSET (ID,ASSET_TYPE_ID) values (998814,20);
Insert into ASSET (ID,ASSET_TYPE_ID) values (998854,20);
Insert into ASSET (ID,ASSET_TYPE_ID) values (1022959,20);
Insert into ASSET (ID,ASSET_TYPE_ID) values (1023869,20);
Insert into ASSET (ID,ASSET_TYPE_ID) values (1023892,20);
Insert into ASSET (ID,ASSET_TYPE_ID) values (1059456,20);
Insert into ASSET (ID,ASSET_TYPE_ID) values (1122130,20);
Insert into ASSET (ID,ASSET_TYPE_ID) values (1122238,20);
Insert into ASSET (ID,ASSET_TYPE_ID) values (1122244,20);
Insert into ASSET (ID,ASSET_TYPE_ID) values (1122262,20);
Insert into ASSET (ID,ASSET_TYPE_ID) values (1122271,20);
Insert into ASSET (ID,ASSET_TYPE_ID) values (1122505,20);
Insert into ASSET (ID,ASSET_TYPE_ID) values (1122519,20);
Insert into ASSET (ID,ASSET_TYPE_ID) values (1122557,20);
Insert into ASSET (ID,ASSET_TYPE_ID) values (1122747,20);
Insert into ASSET (ID,ASSET_TYPE_ID) values (1122893,20);
Insert into ASSET (ID,ASSET_TYPE_ID) values (1123141,20);
Insert into ASSET (ID,ASSET_TYPE_ID) values (1123239,20);
Insert into ASSET (ID,ASSET_TYPE_ID) values (1123350,20);
Insert into ASSET (ID,ASSET_TYPE_ID) values (1123698,20);
Insert into ASSET (ID,ASSET_TYPE_ID) values (1120783,20);
Insert into ASSET (ID,ASSET_TYPE_ID) values (1120847,20);
Insert into ASSET (ID,ASSET_TYPE_ID) values (1142457,20);
Insert into ASSET (ID,ASSET_TYPE_ID) values (2367066,20);
Insert into ASSET (ID,ASSET_TYPE_ID) values (976685,20);
Insert into ASSET (ID,ASSET_TYPE_ID) values (994258,20);
Insert into ASSET (ID,ASSET_TYPE_ID) values (994413,20);
Insert into ASSET (ID,ASSET_TYPE_ID) values (998827,20);
Insert into ASSET (ID,ASSET_TYPE_ID) values (998868,20);
Insert into ASSET (ID,ASSET_TYPE_ID) values (998877,20);
Insert into ASSET (ID,ASSET_TYPE_ID) values (1024022,20);
Insert into ASSET (ID,ASSET_TYPE_ID) values (1122121,20);
Insert into ASSET (ID,ASSET_TYPE_ID) values (1122175,20);
Insert into ASSET (ID,ASSET_TYPE_ID) values (1122221,20);
Insert into ASSET (ID,ASSET_TYPE_ID) values (1122254,20);
Insert into ASSET (ID,ASSET_TYPE_ID) values (1122452,20);
Insert into ASSET (ID,ASSET_TYPE_ID) values (1122545,20);
Insert into ASSET (ID,ASSET_TYPE_ID) values (1122784,20);
Insert into ASSET (ID,ASSET_TYPE_ID) values (1123001,20);
Insert into ASSET (ID,ASSET_TYPE_ID) values (1123097,20);
Insert into ASSET (ID,ASSET_TYPE_ID) values (1123107,20);
Insert into ASSET (ID,ASSET_TYPE_ID) values (1123117,20);
Insert into ASSET (ID,ASSET_TYPE_ID) values (1123370,20);
Insert into ASSET (ID,ASSET_TYPE_ID) values (1123391,20);
Insert into ASSET (ID,ASSET_TYPE_ID) values (1123420,20);
Insert into ASSET (ID,ASSET_TYPE_ID) values (1123458,20);
Insert into ASSET (ID,ASSET_TYPE_ID) values (1123741,20);
Insert into ASSET (ID,ASSET_TYPE_ID) values (1123804,20);
Insert into ASSET (ID,ASSET_TYPE_ID) values (1123890,20);
Insert into ASSET (ID,ASSET_TYPE_ID) values (1120922,20);
Insert into ASSET (ID,ASSET_TYPE_ID) values (1147310,20);
Insert into ASSET (ID,ASSET_TYPE_ID) values (1175241,20);
Insert into ASSET (ID,ASSET_TYPE_ID) values (1142449,20);
Insert into ASSET (ID,ASSET_TYPE_ID) values (1147917,20);
Insert into ASSET (ID,ASSET_TYPE_ID) values (1147928,20);
Insert into ASSET (ID,ASSET_TYPE_ID) values (2048385,20);
Insert into ASSET (ID,ASSET_TYPE_ID) values (2060882,20);
Insert into ASSET (ID,ASSET_TYPE_ID) values (2133592,20);
Insert into ASSET (ID,ASSET_TYPE_ID) values (976615,20);
Insert into ASSET (ID,ASSET_TYPE_ID) values (976697,20);
Insert into ASSET (ID,ASSET_TYPE_ID) values (969145,20);
Insert into ASSET (ID,ASSET_TYPE_ID) values (985659,20);
Insert into ASSET (ID,ASSET_TYPE_ID) values (990686,20);
Insert into ASSET (ID,ASSET_TYPE_ID) values (994271,20);
Insert into ASSET (ID,ASSET_TYPE_ID) values (994405,20);
Insert into ASSET (ID,ASSET_TYPE_ID) values (998840,20);
Insert into ASSET (ID,ASSET_TYPE_ID) values (1006255,20);
Insert into ASSET (ID,ASSET_TYPE_ID) values (1010503,20);
Insert into ASSET (ID,ASSET_TYPE_ID) values (1023754,20);
Insert into ASSET (ID,ASSET_TYPE_ID) values (1053071,20);
Insert into ASSET (ID,ASSET_TYPE_ID) values (1052602,20);
Insert into ASSET (ID,ASSET_TYPE_ID) values (1181690,20);
Insert into ASSET (ID,ASSET_TYPE_ID) values (1181784,20);
Insert into ASSET (ID,ASSET_TYPE_ID) values (1122192,20);
Insert into ASSET (ID,ASSET_TYPE_ID) values (1122200,20);
Insert into ASSET (ID,ASSET_TYPE_ID) values (1122227,20);
Insert into ASSET (ID,ASSET_TYPE_ID) values (1122241,20);
Insert into ASSET (ID,ASSET_TYPE_ID) values (1122250,20);
Insert into ASSET (ID,ASSET_TYPE_ID) values (1122285,20);
Insert into ASSET (ID,ASSET_TYPE_ID) values (1122301,20);
Insert into ASSET (ID,ASSET_TYPE_ID) values (1122381,20);
Insert into ASSET (ID,ASSET_TYPE_ID) values (1122405,20);
Insert into ASSET (ID,ASSET_TYPE_ID) values (1122573,20);
Insert into ASSET (ID,ASSET_TYPE_ID) values (1122583,20);
Insert into ASSET (ID,ASSET_TYPE_ID) values (1122661,20);
Insert into ASSET (ID,ASSET_TYPE_ID) values (1122719,20);
Insert into ASSET (ID,ASSET_TYPE_ID) values (1122860,20);
Insert into ASSET (ID,ASSET_TYPE_ID) values (1122867,20);
Insert into ASSET (ID,ASSET_TYPE_ID) values (1123015,20);
Insert into ASSET (ID,ASSET_TYPE_ID) values (1123136,20);
Insert into ASSET (ID,ASSET_TYPE_ID) values (1123147,20);
Insert into ASSET (ID,ASSET_TYPE_ID) values (1123210,20);
Insert into ASSET (ID,ASSET_TYPE_ID) values (1123398,20);
Insert into ASSET (ID,ASSET_TYPE_ID) values (1123660,20);
Insert into ASSET (ID,ASSET_TYPE_ID) values (1123676,20);
Insert into ASSET (ID,ASSET_TYPE_ID) values (1123796,20);
Insert into ASSET (ID,ASSET_TYPE_ID) values (1123818,20);
Insert into ASSET (ID,ASSET_TYPE_ID) values (1123825,20);
Insert into ASSET (ID,ASSET_TYPE_ID) values (1120832,20);
Insert into ASSET (ID,ASSET_TYPE_ID) values (1120863,20);
Insert into ASSET (ID,ASSET_TYPE_ID) values (1147661,20);
Insert into ASSET (ID,ASSET_TYPE_ID) values (1142522,20);
Insert into ASSET (ID,ASSET_TYPE_ID) values (1142531,20);
Insert into ASSET (ID,ASSET_TYPE_ID) values (2048222,20);
Insert into ASSET (ID,ASSET_TYPE_ID) values (2367659,20);
Insert into ASSET (ID,ASSET_TYPE_ID) values (2376735,20);
Insert into ASSET (ID,ASSET_TYPE_ID) values (959917,20);
Insert into ASSET (ID,ASSET_TYPE_ID) values (976649,20);
Insert into ASSET (ID,ASSET_TYPE_ID) values (976665,20);
Insert into ASSET (ID,ASSET_TYPE_ID) values (994166,20);
Insert into ASSET (ID,ASSET_TYPE_ID) values (994220,20);
Insert into ASSET (ID,ASSET_TYPE_ID) values (998808,20);
Insert into ASSET (ID,ASSET_TYPE_ID) values (1023877,20);
Insert into ASSET (ID,ASSET_TYPE_ID) values (1034862,20);
Insert into ASSET (ID,ASSET_TYPE_ID) values (1052593,20);
Insert into ASSET (ID,ASSET_TYPE_ID) values (1181676,20);
Insert into ASSET (ID,ASSET_TYPE_ID) values (1122275,20);
Insert into ASSET (ID,ASSET_TYPE_ID) values (1122430,20);
Insert into ASSET (ID,ASSET_TYPE_ID) values (1122458,20);
Insert into ASSET (ID,ASSET_TYPE_ID) values (1122482,20);
Insert into ASSET (ID,ASSET_TYPE_ID) values (1122551,20);
Insert into ASSET (ID,ASSET_TYPE_ID) values (1122710,20);
Insert into ASSET (ID,ASSET_TYPE_ID) values (1122758,20);
Insert into ASSET (ID,ASSET_TYPE_ID) values (1122853,20);
Insert into ASSET (ID,ASSET_TYPE_ID) values (1122873,20);
Insert into ASSET (ID,ASSET_TYPE_ID) values (1122887,20);
Insert into ASSET (ID,ASSET_TYPE_ID) values (1122901,20);
Insert into ASSET (ID,ASSET_TYPE_ID) values (1123157,20);
Insert into ASSET (ID,ASSET_TYPE_ID) values (1123427,20);
Insert into ASSET (ID,ASSET_TYPE_ID) values (1123504,20);
Insert into ASSET (ID,ASSET_TYPE_ID) values (1123664,20);
Insert into ASSET (ID,ASSET_TYPE_ID) values (1123668,20);
Insert into ASSET (ID,ASSET_TYPE_ID) values (1123776,20);
Insert into ASSET (ID,ASSET_TYPE_ID) values (1120816,20);
Insert into ASSET (ID,ASSET_TYPE_ID) values (1120892,20);
Insert into ASSET (ID,ASSET_TYPE_ID) values (1120936,20);
Insert into ASSET (ID,ASSET_TYPE_ID) values (1175266,20);
Insert into ASSET (ID,ASSET_TYPE_ID) values (1147669,20);
Insert into ASSET (ID,ASSET_TYPE_ID) values (1142512,20);
Insert into ASSET (ID,ASSET_TYPE_ID) values (2135034,20);
Insert into ASSET (ID,ASSET_TYPE_ID) values (2328931,20);
Insert into ASSET (ID,ASSET_TYPE_ID) values (2372701,20);
Insert into ASSET (ID,ASSET_TYPE_ID) values (962272,20);
Insert into ASSET (ID,ASSET_TYPE_ID) values (962280,20);
Insert into ASSET (ID,ASSET_TYPE_ID) values (982058,20);
Insert into ASSET (ID,ASSET_TYPE_ID) values (983205,20);
Insert into ASSET (ID,ASSET_TYPE_ID) values (983212,20);
Insert into ASSET (ID,ASSET_TYPE_ID) values (988746,20);
Insert into ASSET (ID,ASSET_TYPE_ID) values (994282,20);
Insert into ASSET (ID,ASSET_TYPE_ID) values (1003446,20);
Insert into ASSET (ID,ASSET_TYPE_ID) values (998780,20);
Insert into ASSET (ID,ASSET_TYPE_ID) values (998819,20);
Insert into ASSET (ID,ASSET_TYPE_ID) values (1010494,20);
Insert into ASSET (ID,ASSET_TYPE_ID) values (1023986,20);
Insert into ASSET (ID,ASSET_TYPE_ID) values (1024005,20);
Insert into ASSET (ID,ASSET_TYPE_ID) values (1059450,20);
Insert into ASSET (ID,ASSET_TYPE_ID) values (1181710,20);
Insert into ASSET (ID,ASSET_TYPE_ID) values (1181760,20);
Insert into ASSET (ID,ASSET_TYPE_ID) values (1122138,20);
Insert into ASSET (ID,ASSET_TYPE_ID) values (1122161,20);
Insert into ASSET (ID,ASSET_TYPE_ID) values (1122280,20);
Insert into ASSET (ID,ASSET_TYPE_ID) values (1122295,20);
Insert into ASSET (ID,ASSET_TYPE_ID) values (1122372,20);
Insert into ASSET (ID,ASSET_TYPE_ID) values (1122577,20);
Insert into ASSET (ID,ASSET_TYPE_ID) values (1122636,20);
Insert into ASSET (ID,ASSET_TYPE_ID) values (1122793,20);
Insert into ASSET (ID,ASSET_TYPE_ID) values (1122966,20);
Insert into ASSET (ID,ASSET_TYPE_ID) values (1123024,20);
Insert into ASSET (ID,ASSET_TYPE_ID) values (1123087,20);
Insert into ASSET (ID,ASSET_TYPE_ID) values (1123302,20);
Insert into ASSET (ID,ASSET_TYPE_ID) values (1123448,20);
Insert into ASSET (ID,ASSET_TYPE_ID) values (1123624,20);
Insert into ASSET (ID,ASSET_TYPE_ID) values (1123643,20);
Insert into ASSET (ID,ASSET_TYPE_ID) values (1123710,20);
Insert into ASSET (ID,ASSET_TYPE_ID) values (1123721,20);
Insert into ASSET (ID,ASSET_TYPE_ID) values (1123731,20);
Insert into ASSET (ID,ASSET_TYPE_ID) values (1123767,20);
Insert into ASSET (ID,ASSET_TYPE_ID) values (1123833,20);
Insert into ASSET (ID,ASSET_TYPE_ID) values (1123907,20);
Insert into ASSET (ID,ASSET_TYPE_ID) values (1147222,20);
Insert into ASSET (ID,ASSET_TYPE_ID) values (1142357,20);
Insert into ASSET (ID,ASSET_TYPE_ID) values (1142502,20);
Insert into ASSET (ID,ASSET_TYPE_ID) values (2134931,20);
Insert into ASSET (ID,ASSET_TYPE_ID) values (950110,20);
Insert into ASSET (ID,ASSET_TYPE_ID) values (992531,20);
Insert into ASSET (ID,ASSET_TYPE_ID) values (994235,20);
Insert into ASSET (ID,ASSET_TYPE_ID) values (994242,20);
Insert into ASSET (ID,ASSET_TYPE_ID) values (994325,20);
Insert into ASSET (ID,ASSET_TYPE_ID) values (998785,20);
Insert into ASSET (ID,ASSET_TYPE_ID) values (998791,20);
Insert into ASSET (ID,ASSET_TYPE_ID) values (998802,20);
Insert into ASSET (ID,ASSET_TYPE_ID) values (1010475,20);
Insert into ASSET (ID,ASSET_TYPE_ID) values (1052610,20);
Insert into ASSET (ID,ASSET_TYPE_ID) values (1052628,20);
Insert into ASSET (ID,ASSET_TYPE_ID) values (1059467,20);
Insert into ASSET (ID,ASSET_TYPE_ID) values (1181721,20);
Insert into ASSET (ID,ASSET_TYPE_ID) values (1157878,20);
Insert into ASSET (ID,ASSET_TYPE_ID) values (1122289,20);
Insert into ASSET (ID,ASSET_TYPE_ID) values (1122315,20);
Insert into ASSET (ID,ASSET_TYPE_ID) values (1122334,20);
Insert into ASSET (ID,ASSET_TYPE_ID) values (1122351,20);
Insert into ASSET (ID,ASSET_TYPE_ID) values (1122357,20);
Insert into ASSET (ID,ASSET_TYPE_ID) values (1122418,20);
Insert into ASSET (ID,ASSET_TYPE_ID) values (1122495,20);
Insert into ASSET (ID,ASSET_TYPE_ID) values (1122919,20);
Insert into ASSET (ID,ASSET_TYPE_ID) values (1122986,20);
Insert into ASSET (ID,ASSET_TYPE_ID) values (1123127,20);
Insert into ASSET (ID,ASSET_TYPE_ID) values (1123197,20);
Insert into ASSET (ID,ASSET_TYPE_ID) values (1123382,20);
Insert into ASSET (ID,ASSET_TYPE_ID) values (1123409,20);
Insert into ASSET (ID,ASSET_TYPE_ID) values (1123414,20);
Insert into ASSET (ID,ASSET_TYPE_ID) values (1123523,20);
Insert into ASSET (ID,ASSET_TYPE_ID) values (1123634,20);
Insert into ASSET (ID,ASSET_TYPE_ID) values (1123788,20);
Insert into ASSET (ID,ASSET_TYPE_ID) values (1123917,20);
Insert into ASSET (ID,ASSET_TYPE_ID) values (1120799,20);
Insert into ASSET (ID,ASSET_TYPE_ID) values (1120905,20);
Insert into ASSET (ID,ASSET_TYPE_ID) values (1147304,20);
Insert into ASSET (ID,ASSET_TYPE_ID) values (1147344,20);
Insert into ASSET (ID,ASSET_TYPE_ID) values (1147679,20);
Insert into ASSET (ID,ASSET_TYPE_ID) values (1142465,20);
Insert into ASSET (ID,ASSET_TYPE_ID) values (976639,20);
Insert into ASSET (ID,ASSET_TYPE_ID) values (976674,20);
Insert into ASSET (ID,ASSET_TYPE_ID) values (986488,20);
Insert into ASSET (ID,ASSET_TYPE_ID) values (986640,20);
Insert into ASSET (ID,ASSET_TYPE_ID) values (986646,20);
Insert into ASSET (ID,ASSET_TYPE_ID) values (988752,20);
Insert into ASSET (ID,ASSET_TYPE_ID) values (989595,20);
Insert into ASSET (ID,ASSET_TYPE_ID) values (994306,20);
Insert into ASSET (ID,ASSET_TYPE_ID) values (998863,20);
Insert into ASSET (ID,ASSET_TYPE_ID) values (1010487,20);
Insert into ASSET (ID,ASSET_TYPE_ID) values (1023884,20);
Insert into ASSET (ID,ASSET_TYPE_ID) values (1099149,20);
Insert into ASSET (ID,ASSET_TYPE_ID) values (1052585,20);
Insert into ASSET (ID,ASSET_TYPE_ID) values (1181772,20);
Insert into ASSET (ID,ASSET_TYPE_ID) values (1122185,20);
Insert into ASSET (ID,ASSET_TYPE_ID) values (1122215,20);
Insert into ASSET (ID,ASSET_TYPE_ID) values (1122233,20);
Insert into ASSET (ID,ASSET_TYPE_ID) values (1122258,20);
Insert into ASSET (ID,ASSET_TYPE_ID) values (1122266,20);
Insert into ASSET (ID,ASSET_TYPE_ID) values (1122344,20);
Insert into ASSET (ID,ASSET_TYPE_ID) values (1122363,20);
Insert into ASSET (ID,ASSET_TYPE_ID) values (1122393,20);
Insert into ASSET (ID,ASSET_TYPE_ID) values (1122470,20);
Insert into ASSET (ID,ASSET_TYPE_ID) values (1122528,20);
Insert into ASSET (ID,ASSET_TYPE_ID) values (1122597,20);
Insert into ASSET (ID,ASSET_TYPE_ID) values (1122627,20);
Insert into ASSET (ID,ASSET_TYPE_ID) values (1123312,20);
Insert into ASSET (ID,ASSET_TYPE_ID) values (1123476,20);
Insert into ASSET (ID,ASSET_TYPE_ID) values (1123491,20);
Insert into ASSET (ID,ASSET_TYPE_ID) values (1123573,20);
Insert into ASSET (ID,ASSET_TYPE_ID) values (1123584,20);
Insert into ASSET (ID,ASSET_TYPE_ID) values (1123655,20);
Insert into ASSET (ID,ASSET_TYPE_ID) values (1123685,20);
Insert into ASSET (ID,ASSET_TYPE_ID) values (1123812,20);
Insert into ASSET (ID,ASSET_TYPE_ID) values (2330025,20);
Insert into ASSET (ID,ASSET_TYPE_ID) values (2367077,20);
Insert into ASSET (ID,ASSET_TYPE_ID) values (985675,20);
Insert into ASSET (ID,ASSET_TYPE_ID) values (986632,20);
Insert into ASSET (ID,ASSET_TYPE_ID) values (994249,20);
Insert into ASSET (ID,ASSET_TYPE_ID) values (994294,20);
Insert into ASSET (ID,ASSET_TYPE_ID) values (1006263,20);
Insert into ASSET (ID,ASSET_TYPE_ID) values (1053061,20);
Insert into ASSET (ID,ASSET_TYPE_ID) values (1099174,20);
Insert into ASSET (ID,ASSET_TYPE_ID) values (1099184,20);
Insert into ASSET (ID,ASSET_TYPE_ID) values (1181700,20);
Insert into ASSET (ID,ASSET_TYPE_ID) values (1181748,20);
Insert into ASSET (ID,ASSET_TYPE_ID) values (1115799,20);
Insert into ASSET (ID,ASSET_TYPE_ID) values (1122153,20);
Insert into ASSET (ID,ASSET_TYPE_ID) values (1122167,20);
Insert into ASSET (ID,ASSET_TYPE_ID) values (1122210,20);
Insert into ASSET (ID,ASSET_TYPE_ID) values (1122277,20);
Insert into ASSET (ID,ASSET_TYPE_ID) values (1122308,20);
Insert into ASSET (ID,ASSET_TYPE_ID) values (1122323,20);
Insert into ASSET (ID,ASSET_TYPE_ID) values (1122328,20);
Insert into ASSET (ID,ASSET_TYPE_ID) values (1122438,20);
Insert into ASSET (ID,ASSET_TYPE_ID) values (1122605,20);
Insert into ASSET (ID,ASSET_TYPE_ID) values (1122644,20);
Insert into ASSET (ID,ASSET_TYPE_ID) values (1122676,20);
Insert into ASSET (ID,ASSET_TYPE_ID) values (1122821,20);
Insert into ASSET (ID,ASSET_TYPE_ID) values (1122847,20);
Insert into ASSET (ID,ASSET_TYPE_ID) values (1123031,20);
Insert into ASSET (ID,ASSET_TYPE_ID) values (1123221,20);
Insert into ASSET (ID,ASSET_TYPE_ID) values (1123326,20);
Insert into ASSET (ID,ASSET_TYPE_ID) values (1123595,20);
Insert into ASSET (ID,ASSET_TYPE_ID) values (1123692,20);
Insert into ASSET (ID,ASSET_TYPE_ID) values (1123756,20);
Insert into ASSET (ID,ASSET_TYPE_ID) values (1123898,20);
Insert into ASSET (ID,ASSET_TYPE_ID) values (1120876,20);
Insert into ASSET (ID,ASSET_TYPE_ID) values (1175253,20);
Insert into ASSET (ID,ASSET_TYPE_ID) values (1147674,20);
Insert into ASSET (ID,ASSET_TYPE_ID) values (1147940,20);
Insert into ASSET (ID,ASSET_TYPE_ID) values (2048215,20);
Insert into ASSET (ID,ASSET_TYPE_ID) values (2048392,20);
Insert into ASSET (ID,ASSET_TYPE_ID) values (2378539,20);

Insert into ASSET_LINK (ASSET_ID,POSITION_ID) values (962280,962283);
Insert into ASSET_LINK (ASSET_ID,POSITION_ID) values (976649,976658);
Insert into ASSET_LINK (ASSET_ID,POSITION_ID) values (986488,986498);
Insert into ASSET_LINK (ASSET_ID,POSITION_ID) values (990686,990691);
Insert into ASSET_LINK (ASSET_ID,POSITION_ID) values (994242,994246);
Insert into ASSET_LINK (ASSET_ID,POSITION_ID) values (994258,994265);
Insert into ASSET_LINK (ASSET_ID,POSITION_ID) values (998802,998805);
Insert into ASSET_LINK (ASSET_ID,POSITION_ID) values (998868,998874);
Insert into ASSET_LINK (ASSET_ID,POSITION_ID) values (1010487,1010491);
Insert into ASSET_LINK (ASSET_ID,POSITION_ID) values (1023754,1023764);
Insert into ASSET_LINK (ASSET_ID,POSITION_ID) values (1023986,1023993);
Insert into ASSET_LINK (ASSET_ID,POSITION_ID) values (1099149,1099169);
Insert into ASSET_LINK (ASSET_ID,POSITION_ID) values (1052610,1052617);
Insert into ASSET_LINK (ASSET_ID,POSITION_ID) values (1181721,1181730);
Insert into ASSET_LINK (ASSET_ID,POSITION_ID) values (1181748,1181754);
Insert into ASSET_LINK (ASSET_ID,POSITION_ID) values (1181760,1181766);
Insert into ASSET_LINK (ASSET_ID,POSITION_ID) values (1181784,1181796);
Insert into ASSET_LINK (ASSET_ID,POSITION_ID) values (1122153,1122157);
Insert into ASSET_LINK (ASSET_ID,POSITION_ID) values (1122210,1122213);
Insert into ASSET_LINK (ASSET_ID,POSITION_ID) values (1122323,1122325);
Insert into ASSET_LINK (ASSET_ID,POSITION_ID) values (1122328,1122331);
Insert into ASSET_LINK (ASSET_ID,POSITION_ID) values (1122470,1122477);
Insert into ASSET_LINK (ASSET_ID,POSITION_ID) values (1122551,1122554);
Insert into ASSET_LINK (ASSET_ID,POSITION_ID) values (1122557,1122562);
Insert into ASSET_LINK (ASSET_ID,POSITION_ID) values (1122605,1122619);
Insert into ASSET_LINK (ASSET_ID,POSITION_ID) values (1122644,1122648);
Insert into ASSET_LINK (ASSET_ID,POSITION_ID) values (1122661,1122671);
Insert into ASSET_LINK (ASSET_ID,POSITION_ID) values (1122747,1122752);
Insert into ASSET_LINK (ASSET_ID,POSITION_ID) values (1122758,1122778);
Insert into ASSET_LINK (ASSET_ID,POSITION_ID) values (1122793,1122816);
Insert into ASSET_LINK (ASSET_ID,POSITION_ID) values (1123001,1123011);
Insert into ASSET_LINK (ASSET_ID,POSITION_ID) values (1123024,1123028);
Insert into ASSET_LINK (ASSET_ID,POSITION_ID) values (1123031,1123048);
Insert into ASSET_LINK (ASSET_ID,POSITION_ID) values (1123031,1123054);
Insert into ASSET_LINK (ASSET_ID,POSITION_ID) values (1123031,1123072);
Insert into ASSET_LINK (ASSET_ID,POSITION_ID) values (1123147,1123154);
Insert into ASSET_LINK (ASSET_ID,POSITION_ID) values (1123239,1123246);
Insert into ASSET_LINK (ASSET_ID,POSITION_ID) values (1123302,1123307);
Insert into ASSET_LINK (ASSET_ID,POSITION_ID) values (1123312,1123318);
Insert into ASSET_LINK (ASSET_ID,POSITION_ID) values (1123398,1123405);
Insert into ASSET_LINK (ASSET_ID,POSITION_ID) values (1123523,1123546);
Insert into ASSET_LINK (ASSET_ID,POSITION_ID) values (1123668,1123671);
Insert into ASSET_LINK (ASSET_ID,POSITION_ID) values (1123676,1123680);
Insert into ASSET_LINK (ASSET_ID,POSITION_ID) values (1123692,1123694);
Insert into ASSET_LINK (ASSET_ID,POSITION_ID) values (1123698,1123701);
Insert into ASSET_LINK (ASSET_ID,POSITION_ID) values (1123710,1123713);
Insert into ASSET_LINK (ASSET_ID,POSITION_ID) values (1123721,1123725);
Insert into ASSET_LINK (ASSET_ID,POSITION_ID) values (1123756,1123761);
Insert into ASSET_LINK (ASSET_ID,POSITION_ID) values (1123833,1123861);
Insert into ASSET_LINK (ASSET_ID,POSITION_ID) values (1123917,1123921);
Insert into ASSET_LINK (ASSET_ID,POSITION_ID) values (1120905,1120914);
Insert into ASSET_LINK (ASSET_ID,POSITION_ID) values (1120936,1120947);
Insert into ASSET_LINK (ASSET_ID,POSITION_ID) values (1147310,1147313);
Insert into ASSET_LINK (ASSET_ID,POSITION_ID) values (1175241,1175250);
Insert into ASSET_LINK (ASSET_ID,POSITION_ID) values (1175253,1175260);
Insert into ASSET_LINK (ASSET_ID,POSITION_ID) values (1142357,1142370);
Insert into ASSET_LINK (ASSET_ID,POSITION_ID) values (1142357,1142400);
Insert into ASSET_LINK (ASSET_ID,POSITION_ID) values (1142357,1142405);
Insert into ASSET_LINK (ASSET_ID,POSITION_ID) values (1142449,1142453);
Insert into ASSET_LINK (ASSET_ID,POSITION_ID) values (2367066,2367067);
Insert into ASSET_LINK (ASSET_ID,POSITION_ID) values (2367077,2367078);
Insert into ASSET_LINK (ASSET_ID,POSITION_ID) values (950110,950111);
Insert into ASSET_LINK (ASSET_ID,POSITION_ID) values (962272,962277);
Insert into ASSET_LINK (ASSET_ID,POSITION_ID) values (976615,976621);
Insert into ASSET_LINK (ASSET_ID,POSITION_ID) values (976615,976627);
Insert into ASSET_LINK (ASSET_ID,POSITION_ID) values (976649,976653);
Insert into ASSET_LINK (ASSET_ID,POSITION_ID) values (976697,976701);
Insert into ASSET_LINK (ASSET_ID,POSITION_ID) values (969145,969147);
Insert into ASSET_LINK (ASSET_ID,POSITION_ID) values (994315,994320);
Insert into ASSET_LINK (ASSET_ID,POSITION_ID) values (994325,994357);
Insert into ASSET_LINK (ASSET_ID,POSITION_ID) values (998814,998816);
Insert into ASSET_LINK (ASSET_ID,POSITION_ID) values (998863,998866);
Insert into ASSET_LINK (ASSET_ID,POSITION_ID) values (1010494,1010500);
Insert into ASSET_LINK (ASSET_ID,POSITION_ID) values (1023877,1023880);
Insert into ASSET_LINK (ASSET_ID,POSITION_ID) values (1023884,1023888);
Insert into ASSET_LINK (ASSET_ID,POSITION_ID) values (1024005,1024016);
Insert into ASSET_LINK (ASSET_ID,POSITION_ID) values (1099149,1099154);
Insert into ASSET_LINK (ASSET_ID,POSITION_ID) values (1099184,1099188);
Insert into ASSET_LINK (ASSET_ID,POSITION_ID) values (1052585,1052589);
Insert into ASSET_LINK (ASSET_ID,POSITION_ID) values (1059456,1059464);
Insert into ASSET_LINK (ASSET_ID,POSITION_ID) values (1181721,1181736);
Insert into ASSET_LINK (ASSET_ID,POSITION_ID) values (1122175,1122180);
Insert into ASSET_LINK (ASSET_ID,POSITION_ID) values (1122238,1122239);
Insert into ASSET_LINK (ASSET_ID,POSITION_ID) values (1122244,1122247);
Insert into ASSET_LINK (ASSET_ID,POSITION_ID) values (1122351,1122354);
Insert into ASSET_LINK (ASSET_ID,POSITION_ID) values (1122438,1122443);
Insert into ASSET_LINK (ASSET_ID,POSITION_ID) values (1122470,1122473);
Insert into ASSET_LINK (ASSET_ID,POSITION_ID) values (1122644,1122656);
Insert into ASSET_LINK (ASSET_ID,POSITION_ID) values (1122758,1122774);
Insert into ASSET_LINK (ASSET_ID,POSITION_ID) values (1122821,1122831);
Insert into ASSET_LINK (ASSET_ID,POSITION_ID) values (1122853,1122856);
Insert into ASSET_LINK (ASSET_ID,POSITION_ID) values (1122873,1122881);
Insert into ASSET_LINK (ASSET_ID,POSITION_ID) values (1122919,1122923);
Insert into ASSET_LINK (ASSET_ID,POSITION_ID) values (1122919,1122935);
Insert into ASSET_LINK (ASSET_ID,POSITION_ID) values (1122919,1122947);
Insert into ASSET_LINK (ASSET_ID,POSITION_ID) values (1123157,1123161);
Insert into ASSET_LINK (ASSET_ID,POSITION_ID) values (1123157,1123179);
Insert into ASSET_LINK (ASSET_ID,POSITION_ID) values (1123157,1123184);
Insert into ASSET_LINK (ASSET_ID,POSITION_ID) values (1123210,1123216);
Insert into ASSET_LINK (ASSET_ID,POSITION_ID) values (1123239,1123257);
Insert into ASSET_LINK (ASSET_ID,POSITION_ID) values (1123239,1123268);
Insert into ASSET_LINK (ASSET_ID,POSITION_ID) values (1123239,1123289);
Insert into ASSET_LINK (ASSET_ID,POSITION_ID) values (1123391,1123395);
Insert into ASSET_LINK (ASSET_ID,POSITION_ID) values (1123427,1123431);
Insert into ASSET_LINK (ASSET_ID,POSITION_ID) values (1123504,1123510);
Insert into ASSET_LINK (ASSET_ID,POSITION_ID) values (1123504,1123519);
Insert into ASSET_LINK (ASSET_ID,POSITION_ID) values (1123523,1123536);
Insert into ASSET_LINK (ASSET_ID,POSITION_ID) values (1123523,1123541);
Insert into ASSET_LINK (ASSET_ID,POSITION_ID) values (1123573,1123578);
Insert into ASSET_LINK (ASSET_ID,POSITION_ID) values (1123595,1123607);
Insert into ASSET_LINK (ASSET_ID,POSITION_ID) values (1123741,1123751);
Insert into ASSET_LINK (ASSET_ID,POSITION_ID) values (1123796,1123799);
Insert into ASSET_LINK (ASSET_ID,POSITION_ID) values (1123907,1123911);
Insert into ASSET_LINK (ASSET_ID,POSITION_ID) values (1120799,1120807);
Insert into ASSET_LINK (ASSET_ID,POSITION_ID) values (1147304,1147307);
Insert into ASSET_LINK (ASSET_ID,POSITION_ID) values (1147679,1147684);
Insert into ASSET_LINK (ASSET_ID,POSITION_ID) values (1142357,1142380);
Insert into ASSET_LINK (ASSET_ID,POSITION_ID) values (1142357,1142438);
Insert into ASSET_LINK (ASSET_ID,POSITION_ID) values (1142465,1142498);
Insert into ASSET_LINK (ASSET_ID,POSITION_ID) values (1142531,1142551);
Insert into ASSET_LINK (ASSET_ID,POSITION_ID) values (1147928,1147934);
Insert into ASSET_LINK (ASSET_ID,POSITION_ID) values (2134931,2134932);
Insert into ASSET_LINK (ASSET_ID,POSITION_ID) values (2376735,2376736);
Insert into ASSET_LINK (ASSET_ID,POSITION_ID) values (982058,982063);
Insert into ASSET_LINK (ASSET_ID,POSITION_ID) values (985667,985671);
Insert into ASSET_LINK (ASSET_ID,POSITION_ID) values (985675,985682);
Insert into ASSET_LINK (ASSET_ID,POSITION_ID) values (988746,988749);
Insert into ASSET_LINK (ASSET_ID,POSITION_ID) values (994166,994207);
Insert into ASSET_LINK (ASSET_ID,POSITION_ID) values (994325,994361);
Insert into ASSET_LINK (ASSET_ID,POSITION_ID) values (994325,994378);
Insert into ASSET_LINK (ASSET_ID,POSITION_ID) values (998791,998794);
Insert into ASSET_LINK (ASSET_ID,POSITION_ID) values (998796,998799);
Insert into ASSET_LINK (ASSET_ID,POSITION_ID) values (998819,998822);
Insert into ASSET_LINK (ASSET_ID,POSITION_ID) values (998877,998880);
Insert into ASSET_LINK (ASSET_ID,POSITION_ID) values (1006263,1006266);
Insert into ASSET_LINK (ASSET_ID,POSITION_ID) values (1010475,1010480);
Insert into ASSET_LINK (ASSET_ID,POSITION_ID) values (1010475,1010483);
Insert into ASSET_LINK (ASSET_ID,POSITION_ID) values (1023754,1023758);
Insert into ASSET_LINK (ASSET_ID,POSITION_ID) values (1053071,1053076);
Insert into ASSET_LINK (ASSET_ID,POSITION_ID) values (1052593,1052598);
Insert into ASSET_LINK (ASSET_ID,POSITION_ID) values (1052610,1052614);
Insert into ASSET_LINK (ASSET_ID,POSITION_ID) values (1059467,1059471);
Insert into ASSET_LINK (ASSET_ID,POSITION_ID) values (1181700,1181705);
Insert into ASSET_LINK (ASSET_ID,POSITION_ID) values (1181721,1181726);
Insert into ASSET_LINK (ASSET_ID,POSITION_ID) values (1122121,1122125);
Insert into ASSET_LINK (ASSET_ID,POSITION_ID) values (1122185,1122188);
Insert into ASSET_LINK (ASSET_ID,POSITION_ID) values (1122200,1122203);
Insert into ASSET_LINK (ASSET_ID,POSITION_ID) values (1122200,1122204);
Insert into ASSET_LINK (ASSET_ID,POSITION_ID) values (1122233,1122236);
Insert into ASSET_LINK (ASSET_ID,POSITION_ID) values (1122275,1122276);
Insert into ASSET_LINK (ASSET_ID,POSITION_ID) values (1122277,1122279);
Insert into ASSET_LINK (ASSET_ID,POSITION_ID) values (1122301,1122305);
Insert into ASSET_LINK (ASSET_ID,POSITION_ID) values (1122381,1122385);
Insert into ASSET_LINK (ASSET_ID,POSITION_ID) values (1122405,1122410);
Insert into ASSET_LINK (ASSET_ID,POSITION_ID) values (1122458,1122462);
Insert into ASSET_LINK (ASSET_ID,POSITION_ID) values (1122528,1122531);
Insert into ASSET_LINK (ASSET_ID,POSITION_ID) values (1122557,1122559);
Insert into ASSET_LINK (ASSET_ID,POSITION_ID) values (1122583,1122586);
Insert into ASSET_LINK (ASSET_ID,POSITION_ID) values (1122583,1122589);
Insert into ASSET_LINK (ASSET_ID,POSITION_ID) values (1122597,1122601);
Insert into ASSET_LINK (ASSET_ID,POSITION_ID) values (1122644,1122652);
Insert into ASSET_LINK (ASSET_ID,POSITION_ID) values (1122676,1122694);
Insert into ASSET_LINK (ASSET_ID,POSITION_ID) values (1122758,1122764);
Insert into ASSET_LINK (ASSET_ID,POSITION_ID) values (1122784,1122789);
Insert into ASSET_LINK (ASSET_ID,POSITION_ID) values (1122793,1122809);
Insert into ASSET_LINK (ASSET_ID,POSITION_ID) values (1122821,1122835);
Insert into ASSET_LINK (ASSET_ID,POSITION_ID) values (1122893,1122897);
Insert into ASSET_LINK (ASSET_ID,POSITION_ID) values (1122919,1122941);
Insert into ASSET_LINK (ASSET_ID,POSITION_ID) values (1122966,1122972);
Insert into ASSET_LINK (ASSET_ID,POSITION_ID) values (1123031,1123078);
Insert into ASSET_LINK (ASSET_ID,POSITION_ID) values (1123141,1123144);
Insert into ASSET_LINK (ASSET_ID,POSITION_ID) values (1123221,1123227);
Insert into ASSET_LINK (ASSET_ID,POSITION_ID) values (1123239,1123273);
Insert into ASSET_LINK (ASSET_ID,POSITION_ID) values (1123239,1123297);
Insert into ASSET_LINK (ASSET_ID,POSITION_ID) values (1123370,1123379);
Insert into ASSET_LINK (ASSET_ID,POSITION_ID) values (1123382,1123387);
Insert into ASSET_LINK (ASSET_ID,POSITION_ID) values (1123420,1123425);
Insert into ASSET_LINK (ASSET_ID,POSITION_ID) values (1123427,1123436);
Insert into ASSET_LINK (ASSET_ID,POSITION_ID) values (1123523,1123549);
Insert into ASSET_LINK (ASSET_ID,POSITION_ID) values (1123660,1123662);
Insert into ASSET_LINK (ASSET_ID,POSITION_ID) values (1123776,1123784);
Insert into ASSET_LINK (ASSET_ID,POSITION_ID) values (1123833,1123839);
Insert into ASSET_LINK (ASSET_ID,POSITION_ID) values (1123833,1123847);
Insert into ASSET_LINK (ASSET_ID,POSITION_ID) values (1123890,1123894);
Insert into ASSET_LINK (ASSET_ID,POSITION_ID) values (1120847,1120854);
Insert into ASSET_LINK (ASSET_ID,POSITION_ID) values (1142357,1142394);
Insert into ASSET_LINK (ASSET_ID,POSITION_ID) values (1142357,1142414);
Insert into ASSET_LINK (ASSET_ID,POSITION_ID) values (1142357,1142417);
Insert into ASSET_LINK (ASSET_ID,POSITION_ID) values (1142357,1142435);
Insert into ASSET_LINK (ASSET_ID,POSITION_ID) values (1142357,1142446);
Insert into ASSET_LINK (ASSET_ID,POSITION_ID) values (1142457,1142461);
Insert into ASSET_LINK (ASSET_ID,POSITION_ID) values (1142465,1142476);
Insert into ASSET_LINK (ASSET_ID,POSITION_ID) values (2048215,2048217);
Insert into ASSET_LINK (ASSET_ID,POSITION_ID) values (2048385,2048387);
Insert into ASSET_LINK (ASSET_ID,POSITION_ID) values (2048392,2048394);
Insert into ASSET_LINK (ASSET_ID,POSITION_ID) values (2060882,2060884);
Insert into ASSET_LINK (ASSET_ID,POSITION_ID) values (2328931,2328932);
Insert into ASSET_LINK (ASSET_ID,POSITION_ID) values (976639,976644);
Insert into ASSET_LINK (ASSET_ID,POSITION_ID) values (983205,983207);
Insert into ASSET_LINK (ASSET_ID,POSITION_ID) values (989587,989592);
Insert into ASSET_LINK (ASSET_ID,POSITION_ID) values (994166,994201);
Insert into ASSET_LINK (ASSET_ID,POSITION_ID) values (994249,994253);
Insert into ASSET_LINK (ASSET_ID,POSITION_ID) values (994306,994311);
Insert into ASSET_LINK (ASSET_ID,POSITION_ID) values (998780,998782);
Insert into ASSET_LINK (ASSET_ID,POSITION_ID) values (998819,998824);
Insert into ASSET_LINK (ASSET_ID,POSITION_ID) values (998827,998830);
Insert into ASSET_LINK (ASSET_ID,POSITION_ID) values (998827,998836);
Insert into ASSET_LINK (ASSET_ID,POSITION_ID) values (1023754,1023769);
Insert into ASSET_LINK (ASSET_ID,POSITION_ID) values (1099149,1099159);
Insert into ASSET_LINK (ASSET_ID,POSITION_ID) values (1099174,1099180);
Insert into ASSET_LINK (ASSET_ID,POSITION_ID) values (1052602,1052606);
Insert into ASSET_LINK (ASSET_ID,POSITION_ID) values (1122215,1122218);
Insert into ASSET_LINK (ASSET_ID,POSITION_ID) values (1122227,1122231);
Insert into ASSET_LINK (ASSET_ID,POSITION_ID) values (1122254,1122255);
Insert into ASSET_LINK (ASSET_ID,POSITION_ID) values (1122266,1122268);
Insert into ASSET_LINK (ASSET_ID,POSITION_ID) values (1122280,1122283);
Insert into ASSET_LINK (ASSET_ID,POSITION_ID) values (1122289,1122292);
Insert into ASSET_LINK (ASSET_ID,POSITION_ID) values (1122505,1122511);
Insert into ASSET_LINK (ASSET_ID,POSITION_ID) values (1122557,1122565);
Insert into ASSET_LINK (ASSET_ID,POSITION_ID) values (1122583,1122591);
Insert into ASSET_LINK (ASSET_ID,POSITION_ID) values (1122605,1122616);
Insert into ASSET_LINK (ASSET_ID,POSITION_ID) values (1122605,1122624);
Insert into ASSET_LINK (ASSET_ID,POSITION_ID) values (1122676,1122689);
Insert into ASSET_LINK (ASSET_ID,POSITION_ID) values (1122793,1122801);
Insert into ASSET_LINK (ASSET_ID,POSITION_ID) values (1122793,1122813);
Insert into ASSET_LINK (ASSET_ID,POSITION_ID) values (1122821,1122824);
Insert into ASSET_LINK (ASSET_ID,POSITION_ID) values (1122821,1122827);
Insert into ASSET_LINK (ASSET_ID,POSITION_ID) values (1123031,1123036);
Insert into ASSET_LINK (ASSET_ID,POSITION_ID) values (1123031,1123083);
Insert into ASSET_LINK (ASSET_ID,POSITION_ID) values (1123157,1123165);
Insert into ASSET_LINK (ASSET_ID,POSITION_ID) values (1123157,1123192);
Insert into ASSET_LINK (ASSET_ID,POSITION_ID) values (1123409,1123412);
Insert into ASSET_LINK (ASSET_ID,POSITION_ID) values (1123420,1123422);
Insert into ASSET_LINK (ASSET_ID,POSITION_ID) values (1123427,1123440);
Insert into ASSET_LINK (ASSET_ID,POSITION_ID) values (1123458,1123470);
Insert into ASSET_LINK (ASSET_ID,POSITION_ID) values (1123523,1123558);
Insert into ASSET_LINK (ASSET_ID,POSITION_ID) values (1123584,1123589);
Insert into ASSET_LINK (ASSET_ID,POSITION_ID) values (1123767,1123772);
Insert into ASSET_LINK (ASSET_ID,POSITION_ID) values (1123825,1123829);
Insert into ASSET_LINK (ASSET_ID,POSITION_ID) values (1120816,1120824);
Insert into ASSET_LINK (ASSET_ID,POSITION_ID) values (1120922,1120929);
Insert into ASSET_LINK (ASSET_ID,POSITION_ID) values (1175253,1175256);
Insert into ASSET_LINK (ASSET_ID,POSITION_ID) values (1147679,1147681);
Insert into ASSET_LINK (ASSET_ID,POSITION_ID) values (1147679,1147687);
Insert into ASSET_LINK (ASSET_ID,POSITION_ID) values (1142357,1142374);
Insert into ASSET_LINK (ASSET_ID,POSITION_ID) values (1142357,1142390);
Insert into ASSET_LINK (ASSET_ID,POSITION_ID) values (1142502,1142507);
Insert into ASSET_LINK (ASSET_ID,POSITION_ID) values (1142512,1142517);
Insert into ASSET_LINK (ASSET_ID,POSITION_ID) values (1142531,1142534);
Insert into ASSET_LINK (ASSET_ID,POSITION_ID) values (1142531,1142554);
Insert into ASSET_LINK (ASSET_ID,POSITION_ID) values (2133592,2133594);
Insert into ASSET_LINK (ASSET_ID,POSITION_ID) values (2133592,2133595);
Insert into ASSET_LINK (ASSET_ID,POSITION_ID) values (2133592,2133596);
Insert into ASSET_LINK (ASSET_ID,POSITION_ID) values (2378539,2378540);
Insert into ASSET_LINK (ASSET_ID,POSITION_ID) values (962280,962285);
Insert into ASSET_LINK (ASSET_ID,POSITION_ID) values (976674,976680);
Insert into ASSET_LINK (ASSET_ID,POSITION_ID) values (976685,976689);
Insert into ASSET_LINK (ASSET_ID,POSITION_ID) values (985659,985663);
Insert into ASSET_LINK (ASSET_ID,POSITION_ID) values (986484,986486);
Insert into ASSET_LINK (ASSET_ID,POSITION_ID) values (986488,986491);
Insert into ASSET_LINK (ASSET_ID,POSITION_ID) values (986488,986494);
Insert into ASSET_LINK (ASSET_ID,POSITION_ID) values (986632,986638);
Insert into ASSET_LINK (ASSET_ID,POSITION_ID) values (986646,986649);
Insert into ASSET_LINK (ASSET_ID,POSITION_ID) values (994220,994223);
Insert into ASSET_LINK (ASSET_ID,POSITION_ID) values (994220,994227);
Insert into ASSET_LINK (ASSET_ID,POSITION_ID) values (994271,994277);
Insert into ASSET_LINK (ASSET_ID,POSITION_ID) values (994294,994301);
Insert into ASSET_LINK (ASSET_ID,POSITION_ID) values (994325,994369);
Insert into ASSET_LINK (ASSET_ID,POSITION_ID) values (994325,994372);
Insert into ASSET_LINK (ASSET_ID,POSITION_ID) values (994325,994393);
Insert into ASSET_LINK (ASSET_ID,POSITION_ID) values (998808,998810);
Insert into ASSET_LINK (ASSET_ID,POSITION_ID) values (1023869,1023873);
Insert into ASSET_LINK (ASSET_ID,POSITION_ID) values (1023986,1023999);
Insert into ASSET_LINK (ASSET_ID,POSITION_ID) values (1024022,1024028);
Insert into ASSET_LINK (ASSET_ID,POSITION_ID) values (1053061,1053066);
Insert into ASSET_LINK (ASSET_ID,POSITION_ID) values (1052610,1052620);
Insert into ASSET_LINK (ASSET_ID,POSITION_ID) values (1052610,1052626);
Insert into ASSET_LINK (ASSET_ID,POSITION_ID) values (1052628,1052632);
Insert into ASSET_LINK (ASSET_ID,POSITION_ID) values (1059456,1059462);
Insert into ASSET_LINK (ASSET_ID,POSITION_ID) values (1181690,1181695);
Insert into ASSET_LINK (ASSET_ID,POSITION_ID) values (1181772,1181778);
Insert into ASSET_LINK (ASSET_ID,POSITION_ID) values (1181784,1181790);
Insert into ASSET_LINK (ASSET_ID,POSITION_ID) values (1157878,1157882);
Insert into ASSET_LINK (ASSET_ID,POSITION_ID) values (1122161,1122163);
Insert into ASSET_LINK (ASSET_ID,POSITION_ID) values (1122167,1122171);
Insert into ASSET_LINK (ASSET_ID,POSITION_ID) values (1122175,1122179);
Insert into ASSET_LINK (ASSET_ID,POSITION_ID) values (1122262,1122265);
Insert into ASSET_LINK (ASSET_ID,POSITION_ID) values (1122308,1122312);
Insert into ASSET_LINK (ASSET_ID,POSITION_ID) values (1122357,1122360);
Insert into ASSET_LINK (ASSET_ID,POSITION_ID) values (1122363,1122368);
Insert into ASSET_LINK (ASSET_ID,POSITION_ID) values (1122381,1122389);
Insert into ASSET_LINK (ASSET_ID,POSITION_ID) values (1122452,1122455);
Insert into ASSET_LINK (ASSET_ID,POSITION_ID) values (1122458,1122466);
Insert into ASSET_LINK (ASSET_ID,POSITION_ID) values (1122482,1122490);
Insert into ASSET_LINK (ASSET_ID,POSITION_ID) values (1122505,1122515);
Insert into ASSET_LINK (ASSET_ID,POSITION_ID) values (1122528,1122536);
Insert into ASSET_LINK (ASSET_ID,POSITION_ID) values (1122573,1122574);
Insert into ASSET_LINK (ASSET_ID,POSITION_ID) values (1122636,1122640);
Insert into ASSET_LINK (ASSET_ID,POSITION_ID) values (1122758,1122769);
Insert into ASSET_LINK (ASSET_ID,POSITION_ID) values (1122793,1122805);
Insert into ASSET_LINK (ASSET_ID,POSITION_ID) values (1122867,1122870);
Insert into ASSET_LINK (ASSET_ID,POSITION_ID) values (1122873,1122884);
Insert into ASSET_LINK (ASSET_ID,POSITION_ID) values (1122901,1122905);
Insert into ASSET_LINK (ASSET_ID,POSITION_ID) values (1122919,1122928);
Insert into ASSET_LINK (ASSET_ID,POSITION_ID) values (1123087,1123092);
Insert into ASSET_LINK (ASSET_ID,POSITION_ID) values (1123127,1123131);
Insert into ASSET_LINK (ASSET_ID,POSITION_ID) values (1123136,1123139);
Insert into ASSET_LINK (ASSET_ID,POSITION_ID) values (1123326,1123333);
Insert into ASSET_LINK (ASSET_ID,POSITION_ID) values (1123326,1123345);
Insert into ASSET_LINK (ASSET_ID,POSITION_ID) values (1123523,1123568);
Insert into ASSET_LINK (ASSET_ID,POSITION_ID) values (1123634,1123637);
Insert into ASSET_LINK (ASSET_ID,POSITION_ID) values (1123643,1123652);
Insert into ASSET_LINK (ASSET_ID,POSITION_ID) values (1123664,1123666);
Insert into ASSET_LINK (ASSET_ID,POSITION_ID) values (1123698,1123704);
Insert into ASSET_LINK (ASSET_ID,POSITION_ID) values (1123710,1123718);
Insert into ASSET_LINK (ASSET_ID,POSITION_ID) values (1123731,1123736);
Insert into ASSET_LINK (ASSET_ID,POSITION_ID) values (1123804,1123808);
Insert into ASSET_LINK (ASSET_ID,POSITION_ID) values (1123812,1123815);
Insert into ASSET_LINK (ASSET_ID,POSITION_ID) values (1123833,1123843);
Insert into ASSET_LINK (ASSET_ID,POSITION_ID) values (1123833,1123867);
Insert into ASSET_LINK (ASSET_ID,POSITION_ID) values (1120863,1120869);
Insert into ASSET_LINK (ASSET_ID,POSITION_ID) values (1147344,1147348);
Insert into ASSET_LINK (ASSET_ID,POSITION_ID) values (1147674,1147677);
Insert into ASSET_LINK (ASSET_ID,POSITION_ID) values (1142357,1142410);
Insert into ASSET_LINK (ASSET_ID,POSITION_ID) values (1142531,1142558);
Insert into ASSET_LINK (ASSET_ID,POSITION_ID) values (2048222,2048224);
Insert into ASSET_LINK (ASSET_ID,POSITION_ID) values (976615,976633);
Insert into ASSET_LINK (ASSET_ID,POSITION_ID) values (986640,986644);
Insert into ASSET_LINK (ASSET_ID,POSITION_ID) values (988752,988755);
Insert into ASSET_LINK (ASSET_ID,POSITION_ID) values (992531,992533);
Insert into ASSET_LINK (ASSET_ID,POSITION_ID) values (994166,994213);
Insert into ASSET_LINK (ASSET_ID,POSITION_ID) values (994220,994231);
Insert into ASSET_LINK (ASSET_ID,POSITION_ID) values (998840,998843);
Insert into ASSET_LINK (ASSET_ID,POSITION_ID) values (998877,998884);
Insert into ASSET_LINK (ASSET_ID,POSITION_ID) values (1010503,1010507);
Insert into ASSET_LINK (ASSET_ID,POSITION_ID) values (1023986,1023988);
Insert into ASSET_LINK (ASSET_ID,POSITION_ID) values (1099174,1099177);
Insert into ASSET_LINK (ASSET_ID,POSITION_ID) values (1034862,1034869);
Insert into ASSET_LINK (ASSET_ID,POSITION_ID) values (1059467,1059475);
Insert into ASSET_LINK (ASSET_ID,POSITION_ID) values (1181676,1181685);
Insert into ASSET_LINK (ASSET_ID,POSITION_ID) values (1181710,1181715);
Insert into ASSET_LINK (ASSET_ID,POSITION_ID) values (1181721,1181742);
Insert into ASSET_LINK (ASSET_ID,POSITION_ID) values (1122221,1122224);
Insert into ASSET_LINK (ASSET_ID,POSITION_ID) values (1122227,1122229);
Insert into ASSET_LINK (ASSET_ID,POSITION_ID) values (1122241,1122243);
Insert into ASSET_LINK (ASSET_ID,POSITION_ID) values (1122285,1122287);
Insert into ASSET_LINK (ASSET_ID,POSITION_ID) values (1122334,1122337);
Insert into ASSET_LINK (ASSET_ID,POSITION_ID) values (1122344,1122346);
Insert into ASSET_LINK (ASSET_ID,POSITION_ID) values (1122405,1122415);
Insert into ASSET_LINK (ASSET_ID,POSITION_ID) values (1122418,1122426);
Insert into ASSET_LINK (ASSET_ID,POSITION_ID) values (1122577,1122581);
Insert into ASSET_LINK (ASSET_ID,POSITION_ID) values (1122627,1122631);
Insert into ASSET_LINK (ASSET_ID,POSITION_ID) values (1122821,1122843);
Insert into ASSET_LINK (ASSET_ID,POSITION_ID) values (1122887,1122890);
Insert into ASSET_LINK (ASSET_ID,POSITION_ID) values (1122901,1122915);
Insert into ASSET_LINK (ASSET_ID,POSITION_ID) values (1122986,1122995);
Insert into ASSET_LINK (ASSET_ID,POSITION_ID) values (1123001,1123008);
Insert into ASSET_LINK (ASSET_ID,POSITION_ID) values (1123015,1123019);
Insert into ASSET_LINK (ASSET_ID,POSITION_ID) values (1123031,1123067);
Insert into ASSET_LINK (ASSET_ID,POSITION_ID) values (1123157,1123172);
Insert into ASSET_LINK (ASSET_ID,POSITION_ID) values (1123239,1123263);
Insert into ASSET_LINK (ASSET_ID,POSITION_ID) values (1123239,1123280);
Insert into ASSET_LINK (ASSET_ID,POSITION_ID) values (1123239,1123293);
Insert into ASSET_LINK (ASSET_ID,POSITION_ID) values (1123448,1123455);
Insert into ASSET_LINK (ASSET_ID,POSITION_ID) values (1123491,1123499);
Insert into ASSET_LINK (ASSET_ID,POSITION_ID) values (1123523,1123528);
Insert into ASSET_LINK (ASSET_ID,POSITION_ID) values (1123523,1123533);
Insert into ASSET_LINK (ASSET_ID,POSITION_ID) values (1123523,1123554);
Insert into ASSET_LINK (ASSET_ID,POSITION_ID) values (1123523,1123562);
Insert into ASSET_LINK (ASSET_ID,POSITION_ID) values (1123643,1123646);
Insert into ASSET_LINK (ASSET_ID,POSITION_ID) values (1123655,1123657);
Insert into ASSET_LINK (ASSET_ID,POSITION_ID) values (1120876,1120885);
Insert into ASSET_LINK (ASSET_ID,POSITION_ID) values (1142357,1142427);
Insert into ASSET_LINK (ASSET_ID,POSITION_ID) values (1142465,1142493);
Insert into ASSET_LINK (ASSET_ID,POSITION_ID) values (1142531,1142542);
Insert into ASSET_LINK (ASSET_ID,POSITION_ID) values (2372701,2372702);
Insert into ASSET_LINK (ASSET_ID,POSITION_ID) values (962272,962275);
Insert into ASSET_LINK (ASSET_ID,POSITION_ID) values (983212,983215);
Insert into ASSET_LINK (ASSET_ID,POSITION_ID) values (994166,994171);
Insert into ASSET_LINK (ASSET_ID,POSITION_ID) values (994166,994186);
Insert into ASSET_LINK (ASSET_ID,POSITION_ID) values (994166,994195);
Insert into ASSET_LINK (ASSET_ID,POSITION_ID) values (994325,994332);
Insert into ASSET_LINK (ASSET_ID,POSITION_ID) values (994325,994401);
Insert into ASSET_LINK (ASSET_ID,POSITION_ID) values (998785,998788);
Insert into ASSET_LINK (ASSET_ID,POSITION_ID) values (998854,998858);
Insert into ASSET_LINK (ASSET_ID,POSITION_ID) values (1023892,1023896);
Insert into ASSET_LINK (ASSET_ID,POSITION_ID) values (1024005,1024011);
Insert into ASSET_LINK (ASSET_ID,POSITION_ID) values (1034862,1034873);
Insert into ASSET_LINK (ASSET_ID,POSITION_ID) values (1052610,1052624);
Insert into ASSET_LINK (ASSET_ID,POSITION_ID) values (1052628,1052629);
Insert into ASSET_LINK (ASSET_ID,POSITION_ID) values (1122200,1122207);
Insert into ASSET_LINK (ASSET_ID,POSITION_ID) values (1122258,1122260);
Insert into ASSET_LINK (ASSET_ID,POSITION_ID) values (1122271,1122273);
Insert into ASSET_LINK (ASSET_ID,POSITION_ID) values (1122295,1122298);
Insert into ASSET_LINK (ASSET_ID,POSITION_ID) values (1122315,1122320);
Insert into ASSET_LINK (ASSET_ID,POSITION_ID) values (1122334,1122341);
Insert into ASSET_LINK (ASSET_ID,POSITION_ID) values (1122438,1122445);
Insert into ASSET_LINK (ASSET_ID,POSITION_ID) values (1122519,1122524);
Insert into ASSET_LINK (ASSET_ID,POSITION_ID) values (1122528,1122534);
Insert into ASSET_LINK (ASSET_ID,POSITION_ID) values (1122528,1122540);
Insert into ASSET_LINK (ASSET_ID,POSITION_ID) values (1122545,1122548);
Insert into ASSET_LINK (ASSET_ID,POSITION_ID) values (1122605,1122610);
Insert into ASSET_LINK (ASSET_ID,POSITION_ID) values (1122661,1122666);
Insert into ASSET_LINK (ASSET_ID,POSITION_ID) values (1122710,1122714);
Insert into ASSET_LINK (ASSET_ID,POSITION_ID) values (1122719,1122742);
Insert into ASSET_LINK (ASSET_ID,POSITION_ID) values (1122758,1122780);
Insert into ASSET_LINK (ASSET_ID,POSITION_ID) values (1122821,1122840);
Insert into ASSET_LINK (ASSET_ID,POSITION_ID) values (1122860,1122864);
Insert into ASSET_LINK (ASSET_ID,POSITION_ID) values (1122901,1122910);
Insert into ASSET_LINK (ASSET_ID,POSITION_ID) values (1122919,1122959);
Insert into ASSET_LINK (ASSET_ID,POSITION_ID) values (1123031,1123040);
Insert into ASSET_LINK (ASSET_ID,POSITION_ID) values (1123097,1123102);
Insert into ASSET_LINK (ASSET_ID,POSITION_ID) values (1123107,1123112);
Insert into ASSET_LINK (ASSET_ID,POSITION_ID) values (1123147,1123151);
Insert into ASSET_LINK (ASSET_ID,POSITION_ID) values (1123197,1123203);
Insert into ASSET_LINK (ASSET_ID,POSITION_ID) values (1123350,1123357);
Insert into ASSET_LINK (ASSET_ID,POSITION_ID) values (1123350,1123364);
Insert into ASSET_LINK (ASSET_ID,POSITION_ID) values (1123414,1123417);
Insert into ASSET_LINK (ASSET_ID,POSITION_ID) values (1123458,1123463);
Insert into ASSET_LINK (ASSET_ID,POSITION_ID) values (1123476,1123483);
Insert into ASSET_LINK (ASSET_ID,POSITION_ID) values (1123595,1123612);
Insert into ASSET_LINK (ASSET_ID,POSITION_ID) values (1123643,1123649);
Insert into ASSET_LINK (ASSET_ID,POSITION_ID) values (1123685,1123688);
Insert into ASSET_LINK (ASSET_ID,POSITION_ID) values (1123788,1123792);
Insert into ASSET_LINK (ASSET_ID,POSITION_ID) values (1123833,1123872);
Insert into ASSET_LINK (ASSET_ID,POSITION_ID) values (1123833,1123876);
Insert into ASSET_LINK (ASSET_ID,POSITION_ID) values (1120783,1120789);
Insert into ASSET_LINK (ASSET_ID,POSITION_ID) values (1120892,1120899);
Insert into ASSET_LINK (ASSET_ID,POSITION_ID) values (1147222,1147226);
Insert into ASSET_LINK (ASSET_ID,POSITION_ID) values (1175241,1175246);
Insert into ASSET_LINK (ASSET_ID,POSITION_ID) values (1147661,1147665);
Insert into ASSET_LINK (ASSET_ID,POSITION_ID) values (1147669,1147672);
Insert into ASSET_LINK (ASSET_ID,POSITION_ID) values (1142357,1142362);
Insert into ASSET_LINK (ASSET_ID,POSITION_ID) values (1142357,1142442);
Insert into ASSET_LINK (ASSET_ID,POSITION_ID) values (1142465,1142468);
Insert into ASSET_LINK (ASSET_ID,POSITION_ID) values (1142465,1142472);
Insert into ASSET_LINK (ASSET_ID,POSITION_ID) values (1142465,1142483);
Insert into ASSET_LINK (ASSET_ID,POSITION_ID) values (1142465,1142488);
Insert into ASSET_LINK (ASSET_ID,POSITION_ID) values (1142531,1142547);
Insert into ASSET_LINK (ASSET_ID,POSITION_ID) values (1147940,1147946);
Insert into ASSET_LINK (ASSET_ID,POSITION_ID) values (2367659,2367660);
Insert into ASSET_LINK (ASSET_ID,POSITION_ID) values (959917,959928);
Insert into ASSET_LINK (ASSET_ID,POSITION_ID) values (976665,976670);
Insert into ASSET_LINK (ASSET_ID,POSITION_ID) values (985675,985679);
Insert into ASSET_LINK (ASSET_ID,POSITION_ID) values (985686,985691);
Insert into ASSET_LINK (ASSET_ID,POSITION_ID) values (983212,983222);
Insert into ASSET_LINK (ASSET_ID,POSITION_ID) values (986632,986634);
Insert into ASSET_LINK (ASSET_ID,POSITION_ID) values (986632,986636);
Insert into ASSET_LINK (ASSET_ID,POSITION_ID) values (986640,986642);
Insert into ASSET_LINK (ASSET_ID,POSITION_ID) values (989595,989599);
Insert into ASSET_LINK (ASSET_ID,POSITION_ID) values (994166,994176);
Insert into ASSET_LINK (ASSET_ID,POSITION_ID) values (994166,994190);
Insert into ASSET_LINK (ASSET_ID,POSITION_ID) values (994235,994238);
Insert into ASSET_LINK (ASSET_ID,POSITION_ID) values (994282,994288);
Insert into ASSET_LINK (ASSET_ID,POSITION_ID) values (994325,994335);
Insert into ASSET_LINK (ASSET_ID,POSITION_ID) values (994325,994346);
Insert into ASSET_LINK (ASSET_ID,POSITION_ID) values (994325,994351);
Insert into ASSET_LINK (ASSET_ID,POSITION_ID) values (994325,994385);
Insert into ASSET_LINK (ASSET_ID,POSITION_ID) values (994325,994398);
Insert into ASSET_LINK (ASSET_ID,POSITION_ID) values (994405,994409);
Insert into ASSET_LINK (ASSET_ID,POSITION_ID) values (994413,994418);
Insert into ASSET_LINK (ASSET_ID,POSITION_ID) values (1003446,1003452);
Insert into ASSET_LINK (ASSET_ID,POSITION_ID) values (1003457,1003463);
Insert into ASSET_LINK (ASSET_ID,POSITION_ID) values (998827,998833);
Insert into ASSET_LINK (ASSET_ID,POSITION_ID) values (1006255,1006259);
Insert into ASSET_LINK (ASSET_ID,POSITION_ID) values (1022959,1022965);
Insert into ASSET_LINK (ASSET_ID,POSITION_ID) values (1099149,1099164);
Insert into ASSET_LINK (ASSET_ID,POSITION_ID) values (1034862,1034866);
Insert into ASSET_LINK (ASSET_ID,POSITION_ID) values (1059450,1059453);
Insert into ASSET_LINK (ASSET_ID,POSITION_ID) values (1059456,1059459);
Insert into ASSET_LINK (ASSET_ID,POSITION_ID) values (1115799,1115803);
Insert into ASSET_LINK (ASSET_ID,POSITION_ID) values (1122130,1122135);
Insert into ASSET_LINK (ASSET_ID,POSITION_ID) values (1122138,1122143);
Insert into ASSET_LINK (ASSET_ID,POSITION_ID) values (1122138,1122148);
Insert into ASSET_LINK (ASSET_ID,POSITION_ID) values (1122192,1122196);
Insert into ASSET_LINK (ASSET_ID,POSITION_ID) values (1122250,1122252);
Insert into ASSET_LINK (ASSET_ID,POSITION_ID) values (1122372,1122376);
Insert into ASSET_LINK (ASSET_ID,POSITION_ID) values (1122393,1122397);
Insert into ASSET_LINK (ASSET_ID,POSITION_ID) values (1122393,1122401);
Insert into ASSET_LINK (ASSET_ID,POSITION_ID) values (1122430,1122435);
Insert into ASSET_LINK (ASSET_ID,POSITION_ID) values (1122438,1122448);
Insert into ASSET_LINK (ASSET_ID,POSITION_ID) values (1122495,1122500);
Insert into ASSET_LINK (ASSET_ID,POSITION_ID) values (1122557,1122569);
Insert into ASSET_LINK (ASSET_ID,POSITION_ID) values (1122676,1122684);
Insert into ASSET_LINK (ASSET_ID,POSITION_ID) values (1122676,1122701);
Insert into ASSET_LINK (ASSET_ID,POSITION_ID) values (1122793,1122797);
Insert into ASSET_LINK (ASSET_ID,POSITION_ID) values (1122847,1122850);
Insert into ASSET_LINK (ASSET_ID,POSITION_ID) values (1122873,1122877);
Insert into ASSET_LINK (ASSET_ID,POSITION_ID) values (1122919,1122953);
Insert into ASSET_LINK (ASSET_ID,POSITION_ID) values (1122966,1122979);
Insert into ASSET_LINK (ASSET_ID,POSITION_ID) values (1123031,1123045);
Insert into ASSET_LINK (ASSET_ID,POSITION_ID) values (1123031,1123060);
Insert into ASSET_LINK (ASSET_ID,POSITION_ID) values (1123117,1123122);
Insert into ASSET_LINK (ASSET_ID,POSITION_ID) values (1123157,1123164);
Insert into ASSET_LINK (ASSET_ID,POSITION_ID) values (1123221,1123233);
Insert into ASSET_LINK (ASSET_ID,POSITION_ID) values (1123239,1123251);
Insert into ASSET_LINK (ASSET_ID,POSITION_ID) values (1123239,1123285);
Insert into ASSET_LINK (ASSET_ID,POSITION_ID) values (1123370,1123374);
Insert into ASSET_LINK (ASSET_ID,POSITION_ID) values (1123398,1123401);
Insert into ASSET_LINK (ASSET_ID,POSITION_ID) values (1123427,1123443);
Insert into ASSET_LINK (ASSET_ID,POSITION_ID) values (1123504,1123515);
Insert into ASSET_LINK (ASSET_ID,POSITION_ID) values (1123595,1123600);
Insert into ASSET_LINK (ASSET_ID,POSITION_ID) values (1123595,1123620);
Insert into ASSET_LINK (ASSET_ID,POSITION_ID) values (1123624,1123627);
Insert into ASSET_LINK (ASSET_ID,POSITION_ID) values (1123634,1123640);
Insert into ASSET_LINK (ASSET_ID,POSITION_ID) values (1123741,1123746);
Insert into ASSET_LINK (ASSET_ID,POSITION_ID) values (1123818,1123822);
Insert into ASSET_LINK (ASSET_ID,POSITION_ID) values (1123833,1123852);
Insert into ASSET_LINK (ASSET_ID,POSITION_ID) values (1123833,1123856);
Insert into ASSET_LINK (ASSET_ID,POSITION_ID) values (1123898,1123902);
Insert into ASSET_LINK (ASSET_ID,POSITION_ID) values (1120832,1120840);
Insert into ASSET_LINK (ASSET_ID,POSITION_ID) values (1175253,1175263);
Insert into ASSET_LINK (ASSET_ID,POSITION_ID) values (1175266,1175269);
Insert into ASSET_LINK (ASSET_ID,POSITION_ID) values (1142357,1142365);
Insert into ASSET_LINK (ASSET_ID,POSITION_ID) values (1142357,1142384);
Insert into ASSET_LINK (ASSET_ID,POSITION_ID) values (1142357,1142423);
Insert into ASSET_LINK (ASSET_ID,POSITION_ID) values (1142357,1142430);
Insert into ASSET_LINK (ASSET_ID,POSITION_ID) values (1142522,1142526);
Insert into ASSET_LINK (ASSET_ID,POSITION_ID) values (1147917,1147922);
Insert into ASSET_LINK (ASSET_ID,POSITION_ID) values (2133592,2133593);
Insert into ASSET_LINK (ASSET_ID,POSITION_ID) values (2135034,2135035);
Insert into ASSET_LINK (ASSET_ID,POSITION_ID) values (2135034,2135036);
Insert into ASSET_LINK (ASSET_ID,POSITION_ID) values (2330025,2330026);
