insert into ASSET (ID,ASSET_TYPE_ID,CREATED_BY,CREATED_DATE,MUNICIPALITY_CODE) values (600029,200,'dr2_test_data', current_timestamp-INTERVAL'1 MONTH',235);
INSERT INTO LRM_POSITION (ID, LINK_ID, VVH_ID, MML_ID, START_MEASURE, END_MEASURE, SIDE_CODE) VALUES (70000003, '52d58ce5-39e8-4ab4-8c43-d347a9945ab5:1', 1611317, 388553074, 103.000, 103.000, 1);
insert into asset_link (ASSET_ID, POSITION_ID) values (600029, 70000003);
UPDATE asset SET geometry = ST_GeomFromText('POINT(374467 6677347 0 0)',3067)
  WHERE id = 600029;

insert into ASSET (ID,ASSET_TYPE_ID,CREATED_BY,CREATED_DATE,MUNICIPALITY_CODE) values (600030,200,'dr2_test_data',current_timestamp-INTERVAL'1 MONTH',235);
INSERT INTO LRM_POSITION (ID, LINK_ID, VVH_ID, MML_ID, START_MEASURE, END_MEASURE, SIDE_CODE) VALUES (70000004, '44dc1e56-79fb-452b-b35c-7ccb2b17b8aa:1', 1611341, 388553080, 69.000, 69.000, null);
insert into asset_link (ASSET_ID, POSITION_ID) values (600030, 70000004);
UPDATE asset
  SET geometry = ST_GeomFromText('POINT(374443.764141219 6677245.28337185 0 0)',3067)
  WHERE id = 600030;

insert into ASSET (ID,ASSET_TYPE_ID,CREATED_BY,CREATED_DATE,MUNICIPALITY_CODE) values (600031,200,'dr2_test_data',current_timestamp-INTERVAL'1 MONTH',235);
INSERT INTO LRM_POSITION (ID, LINK_ID, VVH_ID, MML_ID, START_MEASURE, END_MEASURE, SIDE_CODE) VALUES (70000005, 'd06dbdc7-366a-4ee3-a41f-c1d5010859ae:1', 1611353, 1140018963, 109.000, 109.000, null);
insert into asset_link (ASSET_ID, POSITION_ID) values (600031, 70000005);
UPDATE asset SET geometry = ST_GeomFromText('POINT(374675.043988335 6677274.14596169 0 0)',3067)
  WHERE id = 600031;

insert into ASSET (ID,ASSET_TYPE_ID,CREATED_BY,CREATED_DATE,MUNICIPALITY_CODE) values (600032,200,'dr2_test_data',current_timestamp-INTERVAL'1 MONTH',235);
INSERT INTO LRM_POSITION (ID, LINK_ID, VVH_ID, MML_ID, START_MEASURE, END_MEASURE, SIDE_CODE) VALUES (70000006, '59cff4a2-62ac-4a55-baac-c3a0830b5670:1', 6486040, 388554364, 113.000, 113.000, null);
insert into asset_link (ASSET_ID, POSITION_ID) values (600032, 70000006);
UPDATE asset SET geometry = ST_GeomFromText('POINT(374780.259160265 6677546.84962279 0 0)',3067)
  WHERE id = 600032;

insert into ASSET (ID,ASSET_TYPE_ID,CREATED_BY,CREATED_DATE,MUNICIPALITY_CODE) values (600033,200,'dr2_test_data',current_timestamp-INTERVAL'1 MONTH',235);
INSERT INTO LRM_POSITION (ID, LINK_ID, VVH_ID, MML_ID, START_MEASURE, END_MEASURE, SIDE_CODE) VALUES (70000007, null, null, 12345, 100.000, 100.000, null);
insert into asset_link (ASSET_ID, POSITION_ID) values (600033, 70000007);
UPDATE asset SET geometry = ST_GeomFromText('POINT(374396 6677319 0 0)',3067)
  WHERE id = 600033;
