-- select lrm.id, lrm.road_link_id, lrm.side_code, lrm.start_measure, lrm.end_measure from lrm_position lrm join asset_link al on al.position_id = lrm.id join asset a on a.id = al.asset_id where a.asset_type_id = 20;
Insert into LRM_POSITION (ID,ROAD_LINK_ID,SIDE_CODE,START_MEASURE,END_MEASURE) values (40000360,8141060,1,0,101.298);
Insert into LRM_POSITION (ID,ROAD_LINK_ID,SIDE_CODE,START_MEASURE,END_MEASURE) values (40000361,8141035,1,0,126.943);
Insert into LRM_POSITION (ID,ROAD_LINK_ID,SIDE_CODE,START_MEASURE,END_MEASURE) values (40000362,8141106,2,0,125.783);
Insert into LRM_POSITION (ID,ROAD_LINK_ID,SIDE_CODE,START_MEASURE,END_MEASURE) values (40000376,8589082,1,0,5.69);
Insert into LRM_POSITION (ID,ROAD_LINK_ID,SIDE_CODE,START_MEASURE,END_MEASURE) values (40000424,9373415,1,0,188.675);
Insert into LRM_POSITION (ID,ROAD_LINK_ID,SIDE_CODE,START_MEASURE,END_MEASURE) values (40000425,8621032,1,1.955,141.406);
Insert into LRM_POSITION (ID,ROAD_LINK_ID,SIDE_CODE,START_MEASURE,END_MEASURE) values (40000435,6799,1,0,93.592);
Insert into LRM_POSITION (ID,ROAD_LINK_ID,SIDE_CODE,START_MEASURE,END_MEASURE) values (40000436,5698306,1,0,51.35);
Insert into LRM_POSITION (ID,ROAD_LINK_ID,SIDE_CODE,START_MEASURE,END_MEASURE) values (40000437,6724,1,0.17,151.027);
Insert into LRM_POSITION (ID,ROAD_LINK_ID,SIDE_CODE,START_MEASURE,END_MEASURE) values (40000438,6724,1,151.027,364.215);
Insert into LRM_POSITION (ID,ROAD_LINK_ID,SIDE_CODE,START_MEASURE,END_MEASURE) values (40000439,6851,1,0,32.326);
Insert into LRM_POSITION (ID,ROAD_LINK_ID,SIDE_CODE,START_MEASURE,END_MEASURE) values (40000440,6875,1,0,40.237);
Insert into LRM_POSITION (ID,ROAD_LINK_ID,SIDE_CODE,START_MEASURE,END_MEASURE) values (40000317,6832,1,0,13.157);
Insert into LRM_POSITION (ID,ROAD_LINK_ID,SIDE_CODE,START_MEASURE,END_MEASURE) values (40000318,7177,1,0,78.926);
Insert into LRM_POSITION (ID,ROAD_LINK_ID,SIDE_CODE,START_MEASURE,END_MEASURE) values (40000319,6935,1,0,99.086);
Insert into LRM_POSITION (ID,ROAD_LINK_ID,SIDE_CODE,START_MEASURE,END_MEASURE) values (40000320,8141039,2,0,111.096);
Insert into LRM_POSITION (ID,ROAD_LINK_ID,SIDE_CODE,START_MEASURE,END_MEASURE) values (40000321,8141071,2,0,56.499);
Insert into LRM_POSITION (ID,ROAD_LINK_ID,SIDE_CODE,START_MEASURE,END_MEASURE) values (40000322,8141018,2,0,36.703);
Insert into LRM_POSITION (ID,ROAD_LINK_ID,SIDE_CODE,START_MEASURE,END_MEASURE) values (40000323,8141120,2,0,42.942);
Insert into LRM_POSITION (ID,ROAD_LINK_ID,SIDE_CODE,START_MEASURE,END_MEASURE) values (40000324,8141097,2,0,8.103);
Insert into LRM_POSITION (ID,ROAD_LINK_ID,SIDE_CODE,START_MEASURE,END_MEASURE) values (40000325,7430,1,0,117.064);
Insert into LRM_POSITION (ID,ROAD_LINK_ID,SIDE_CODE,START_MEASURE,END_MEASURE) values (40000326,7154,1,0,58.576);
Insert into LRM_POSITION (ID,ROAD_LINK_ID,SIDE_CODE,START_MEASURE,END_MEASURE) values (40000363,8141103,2,0,74.172);
Insert into LRM_POSITION (ID,ROAD_LINK_ID,SIDE_CODE,START_MEASURE,END_MEASURE) values (40000364,8141136,2,0,10.113);
Insert into LRM_POSITION (ID,ROAD_LINK_ID,SIDE_CODE,START_MEASURE,END_MEASURE) values (40000365,8141044,2,0,12.245);
Insert into LRM_POSITION (ID,ROAD_LINK_ID,SIDE_CODE,START_MEASURE,END_MEASURE) values (40000366,8141033,3,0,85.823);
Insert into LRM_POSITION (ID,ROAD_LINK_ID,SIDE_CODE,START_MEASURE,END_MEASURE) values (40000367,5275179,2,0,12.765);
Insert into LRM_POSITION (ID,ROAD_LINK_ID,SIDE_CODE,START_MEASURE,END_MEASURE) values (40000368,3098085,3,0,8.822);
Insert into LRM_POSITION (ID,ROAD_LINK_ID,SIDE_CODE,START_MEASURE,END_MEASURE) values (40000369,8141014,2,0,13.135);
Insert into LRM_POSITION (ID,ROAD_LINK_ID,SIDE_CODE,START_MEASURE,END_MEASURE) values (40000370,8141068,2,0,9.69);
Insert into LRM_POSITION (ID,ROAD_LINK_ID,SIDE_CODE,START_MEASURE,END_MEASURE) values (40000371,8141086,2,0,8.705);
Insert into LRM_POSITION (ID,ROAD_LINK_ID,SIDE_CODE,START_MEASURE,END_MEASURE) values (40000372,8141030,2,0,24.731);
Insert into LRM_POSITION (ID,ROAD_LINK_ID,SIDE_CODE,START_MEASURE,END_MEASURE) values (40000373,8141115,3,0,10.049);
Insert into LRM_POSITION (ID,ROAD_LINK_ID,SIDE_CODE,START_MEASURE,END_MEASURE) values (40000374,8141011,3,0,10.462);
Insert into LRM_POSITION (ID,ROAD_LINK_ID,SIDE_CODE,START_MEASURE,END_MEASURE) values (40000375,3098081,2,0,8.583);
Insert into LRM_POSITION (ID,ROAD_LINK_ID,SIDE_CODE,START_MEASURE,END_MEASURE) values (40000380,7075,1,0,34.379);
Insert into LRM_POSITION (ID,ROAD_LINK_ID,SIDE_CODE,START_MEASURE,END_MEASURE) values (40000381,6601,1,5.065,16.283);
Insert into LRM_POSITION (ID,ROAD_LINK_ID,SIDE_CODE,START_MEASURE,END_MEASURE) values (40000382,9373195,1,0,7.123);
Insert into LRM_POSITION (ID,ROAD_LINK_ID,SIDE_CODE,START_MEASURE,END_MEASURE) values (40000383,7195,1,0,13.476);
Insert into LRM_POSITION (ID,ROAD_LINK_ID,SIDE_CODE,START_MEASURE,END_MEASURE) values (40000384,7049,1,0,174.119);
Insert into LRM_POSITION (ID,ROAD_LINK_ID,SIDE_CODE,START_MEASURE,END_MEASURE) values (40000385,7019,1,0,60.575);
Insert into LRM_POSITION (ID,ROAD_LINK_ID,SIDE_CODE,START_MEASURE,END_MEASURE) values (40000386,7886240,1,0,237.315);
Insert into LRM_POSITION (ID,ROAD_LINK_ID,SIDE_CODE,START_MEASURE,END_MEASURE) values (40000387,7016,1,0,44.093);
Insert into LRM_POSITION (ID,ROAD_LINK_ID,SIDE_CODE,START_MEASURE,END_MEASURE) values (40000388,7155,1,0,29.387);
Insert into LRM_POSITION (ID,ROAD_LINK_ID,SIDE_CODE,START_MEASURE,END_MEASURE) values (40000389,7289,1,0,7.772);
Insert into LRM_POSITION (ID,ROAD_LINK_ID,SIDE_CODE,START_MEASURE,END_MEASURE) values (40000390,7481,1,0,10.308);
Insert into LRM_POSITION (ID,ROAD_LINK_ID,SIDE_CODE,START_MEASURE,END_MEASURE) values (40000391,8620892,1,0,6.485);
Insert into LRM_POSITION (ID,ROAD_LINK_ID,SIDE_CODE,START_MEASURE,END_MEASURE) values (40000392,8620912,1,0,7.666);
Insert into LRM_POSITION (ID,ROAD_LINK_ID,SIDE_CODE,START_MEASURE,END_MEASURE) values (40000393,8620917,1,0.27,7.951);
Insert into LRM_POSITION (ID,ROAD_LINK_ID,SIDE_CODE,START_MEASURE,END_MEASURE) values (40000394,8620864,1,0,4.304);
Insert into LRM_POSITION (ID,ROAD_LINK_ID,SIDE_CODE,START_MEASURE,END_MEASURE) values (40000395,8621023,1,0,20.498);
Insert into LRM_POSITION (ID,ROAD_LINK_ID,SIDE_CODE,START_MEASURE,END_MEASURE) values (40000396,8620840,1,0,7.39);
Insert into LRM_POSITION (ID,ROAD_LINK_ID,SIDE_CODE,START_MEASURE,END_MEASURE) values (40000397,8621048,1,0,5.169);
Insert into LRM_POSITION (ID,ROAD_LINK_ID,SIDE_CODE,START_MEASURE,END_MEASURE) values (40000398,8620814,1,0,14.623);
Insert into LRM_POSITION (ID,ROAD_LINK_ID,SIDE_CODE,START_MEASURE,END_MEASURE) values (40000399,8620767,1,0,11.125);
Insert into LRM_POSITION (ID,ROAD_LINK_ID,SIDE_CODE,START_MEASURE,END_MEASURE) values (40000400,6936,1,0,56.829);
Insert into LRM_POSITION (ID,ROAD_LINK_ID,SIDE_CODE,START_MEASURE,END_MEASURE) values (40000401,7319,1,0,15.875);
Insert into LRM_POSITION (ID,ROAD_LINK_ID,SIDE_CODE,START_MEASURE,END_MEASURE) values (40000402,7218,1,0,12.116);
Insert into LRM_POSITION (ID,ROAD_LINK_ID,SIDE_CODE,START_MEASURE,END_MEASURE) values (40000403,7886154,1,0,86.123);
Insert into LRM_POSITION (ID,ROAD_LINK_ID,SIDE_CODE,START_MEASURE,END_MEASURE) values (40000404,6966,1,0,87.836);
Insert into LRM_POSITION (ID,ROAD_LINK_ID,SIDE_CODE,START_MEASURE,END_MEASURE) values (40000405,7118,1,0,57.815);
Insert into LRM_POSITION (ID,ROAD_LINK_ID,SIDE_CODE,START_MEASURE,END_MEASURE) values (40000406,7003,1,0,115.676);
Insert into LRM_POSITION (ID,ROAD_LINK_ID,SIDE_CODE,START_MEASURE,END_MEASURE) values (40000407,6826,1,0,47.745);
Insert into LRM_POSITION (ID,ROAD_LINK_ID,SIDE_CODE,START_MEASURE,END_MEASURE) values (40000408,7482,1,0,169.762);
Insert into LRM_POSITION (ID,ROAD_LINK_ID,SIDE_CODE,START_MEASURE,END_MEASURE) values (40000409,7229,1,0,66.224);
Insert into LRM_POSITION (ID,ROAD_LINK_ID,SIDE_CODE,START_MEASURE,END_MEASURE) values (40000410,5698303,1,0,29.972);
Insert into LRM_POSITION (ID,ROAD_LINK_ID,SIDE_CODE,START_MEASURE,END_MEASURE) values (40000411,7358,1,0,243.333);
Insert into LRM_POSITION (ID,ROAD_LINK_ID,SIDE_CODE,START_MEASURE,END_MEASURE) values (40000412,7886103,1,0,59.934);
Insert into LRM_POSITION (ID,ROAD_LINK_ID,SIDE_CODE,START_MEASURE,END_MEASURE) values (40000413,8620927,1,0,14.116);
Insert into LRM_POSITION (ID,ROAD_LINK_ID,SIDE_CODE,START_MEASURE,END_MEASURE) values (40000414,8620822,1,0,7.128);
Insert into LRM_POSITION (ID,ROAD_LINK_ID,SIDE_CODE,START_MEASURE,END_MEASURE) values (40000415,9911508,2,0,7.583);
Insert into LRM_POSITION (ID,ROAD_LINK_ID,SIDE_CODE,START_MEASURE,END_MEASURE) values (40000441,8620969,1,0,136.04);
Insert into LRM_POSITION (ID,ROAD_LINK_ID,SIDE_CODE,START_MEASURE,END_MEASURE) values (40000442,5698053,1,7.812,52.929);
Insert into LRM_POSITION (ID,ROAD_LINK_ID,SIDE_CODE,START_MEASURE,END_MEASURE) values (40000443,6787,1,0,68.232);
Insert into LRM_POSITION (ID,ROAD_LINK_ID,SIDE_CODE,START_MEASURE,END_MEASURE) values (40000002,6895,1,164.301,237.18);
Insert into LRM_POSITION (ID,ROAD_LINK_ID,SIDE_CODE,START_MEASURE,END_MEASURE) values (40000278,6969955,1,0,154.27);
Insert into LRM_POSITION (ID,ROAD_LINK_ID,SIDE_CODE,START_MEASURE,END_MEASURE) values (40000279,6969955,1,154.27,279.851);
Insert into LRM_POSITION (ID,ROAD_LINK_ID,SIDE_CODE,START_MEASURE,END_MEASURE) values (40000280,7052,1,0,76.373);
Insert into LRM_POSITION (ID,ROAD_LINK_ID,SIDE_CODE,START_MEASURE,END_MEASURE) values (40000281,6733,1,0,49.148);
Insert into LRM_POSITION (ID,ROAD_LINK_ID,SIDE_CODE,START_MEASURE,END_MEASURE) values (40000282,7191,1,0,91.469);
Insert into LRM_POSITION (ID,ROAD_LINK_ID,SIDE_CODE,START_MEASURE,END_MEASURE) values (40000335,5698058,1,0,254.025);
Insert into LRM_POSITION (ID,ROAD_LINK_ID,SIDE_CODE,START_MEASURE,END_MEASURE) values (40000336,5994109,1,0,76.687);
Insert into LRM_POSITION (ID,ROAD_LINK_ID,SIDE_CODE,START_MEASURE,END_MEASURE) values (40000337,6657,1,0,35.952);
Insert into LRM_POSITION (ID,ROAD_LINK_ID,SIDE_CODE,START_MEASURE,END_MEASURE) values (40000338,6772,1,0,173.14);
Insert into LRM_POSITION (ID,ROAD_LINK_ID,SIDE_CODE,START_MEASURE,END_MEASURE) values (40000339,6646,1,0,118.162);
Insert into LRM_POSITION (ID,ROAD_LINK_ID,SIDE_CODE,START_MEASURE,END_MEASURE) values (40000340,6819,1,0,99.676);
Insert into LRM_POSITION (ID,ROAD_LINK_ID,SIDE_CODE,START_MEASURE,END_MEASURE) values (40000341,7015,1,0,89.622);
Insert into LRM_POSITION (ID,ROAD_LINK_ID,SIDE_CODE,START_MEASURE,END_MEASURE) values (40000342,6573,1,198.297,249.177);
Insert into LRM_POSITION (ID,ROAD_LINK_ID,SIDE_CODE,START_MEASURE,END_MEASURE) values (40000343,6804,1,3.339,49.272);
Insert into LRM_POSITION (ID,ROAD_LINK_ID,SIDE_CODE,START_MEASURE,END_MEASURE) values (40000344,5698042,1,27.168,63.406);
Insert into LRM_POSITION (ID,ROAD_LINK_ID,SIDE_CODE,START_MEASURE,END_MEASURE) values (40000345,7886262,1,0,200.021);
Insert into LRM_POSITION (ID,ROAD_LINK_ID,SIDE_CODE,START_MEASURE,END_MEASURE) values (40000346,6605,1,0,13.37);
Insert into LRM_POSITION (ID,ROAD_LINK_ID,SIDE_CODE,START_MEASURE,END_MEASURE) values (40000347,6683,1,0,37.735);
Insert into LRM_POSITION (ID,ROAD_LINK_ID,SIDE_CODE,START_MEASURE,END_MEASURE) values (40000348,7886139,1,0,7.512);
Insert into LRM_POSITION (ID,ROAD_LINK_ID,SIDE_CODE,START_MEASURE,END_MEASURE) values (40000354,3098082,1,0,8.42);
Insert into LRM_POSITION (ID,ROAD_LINK_ID,SIDE_CODE,START_MEASURE,END_MEASURE) values (40000355,6770,1,0,58.637);
Insert into LRM_POSITION (ID,ROAD_LINK_ID,SIDE_CODE,START_MEASURE,END_MEASURE) values (40000356,6757,1,0,137.816);
Insert into LRM_POSITION (ID,ROAD_LINK_ID,SIDE_CODE,START_MEASURE,END_MEASURE) values (40000357,6923,1,0,163.244);
Insert into LRM_POSITION (ID,ROAD_LINK_ID,SIDE_CODE,START_MEASURE,END_MEASURE) values (40000358,3098077,3,0,12.51);
Insert into LRM_POSITION (ID,ROAD_LINK_ID,SIDE_CODE,START_MEASURE,END_MEASURE) values (40000359,3098084,3,0,15.372);
Insert into LRM_POSITION (ID,ROAD_LINK_ID,SIDE_CODE,START_MEASURE,END_MEASURE) values (40000416,7445,1,0,27.325);
Insert into LRM_POSITION (ID,ROAD_LINK_ID,SIDE_CODE,START_MEASURE,END_MEASURE) values (40000417,7365,1,2.238,93.003);
Insert into LRM_POSITION (ID,ROAD_LINK_ID,SIDE_CODE,START_MEASURE,END_MEASURE) values (40000418,6796,1,0,104.126);
Insert into LRM_POSITION (ID,ROAD_LINK_ID,SIDE_CODE,START_MEASURE,END_MEASURE) values (40000419,6536,1,0,122.916);
Insert into LRM_POSITION (ID,ROAD_LINK_ID,SIDE_CODE,START_MEASURE,END_MEASURE) values (40000420,7125,1,0,272.934);
Insert into LRM_POSITION (ID,ROAD_LINK_ID,SIDE_CODE,START_MEASURE,END_MEASURE) values (40000421,5334830,1,0,104.818);
Insert into LRM_POSITION (ID,ROAD_LINK_ID,SIDE_CODE,START_MEASURE,END_MEASURE) values (40000426,7169,1,0,152.275);
Insert into LRM_POSITION (ID,ROAD_LINK_ID,SIDE_CODE,START_MEASURE,END_MEASURE) values (40000427,7198,1,0,28.097);
Insert into LRM_POSITION (ID,ROAD_LINK_ID,SIDE_CODE,START_MEASURE,END_MEASURE) values (40000428,6946,1,0,120.963);
Insert into LRM_POSITION (ID,ROAD_LINK_ID,SIDE_CODE,START_MEASURE,END_MEASURE) values (40000429,5698155,1,0,166.332);
Insert into LRM_POSITION (ID,ROAD_LINK_ID,SIDE_CODE,START_MEASURE,END_MEASURE) values (40000430,7451,1,0,3.25);
Insert into LRM_POSITION (ID,ROAD_LINK_ID,SIDE_CODE,START_MEASURE,END_MEASURE) values (40000444,7326,1,0,184.256);
Insert into LRM_POSITION (ID,ROAD_LINK_ID,SIDE_CODE,START_MEASURE,END_MEASURE) values (40000445,7161,1,0,46.767);
Insert into LRM_POSITION (ID,ROAD_LINK_ID,SIDE_CODE,START_MEASURE,END_MEASURE) values (40000446,6969,1,0,215.423);
Insert into LRM_POSITION (ID,ROAD_LINK_ID,SIDE_CODE,START_MEASURE,END_MEASURE) values (40000447,7442,1,0,16.577);
Insert into LRM_POSITION (ID,ROAD_LINK_ID,SIDE_CODE,START_MEASURE,END_MEASURE) values (40000448,6795,1,0,81.392);
Insert into LRM_POSITION (ID,ROAD_LINK_ID,SIDE_CODE,START_MEASURE,END_MEASURE) values (40000449,6722,1,0,153.808);
Insert into LRM_POSITION (ID,ROAD_LINK_ID,SIDE_CODE,START_MEASURE,END_MEASURE) values (40000450,7030,1,0,85.917);
Insert into LRM_POSITION (ID,ROAD_LINK_ID,SIDE_CODE,START_MEASURE,END_MEASURE) values (40000451,6848,1,0,178.23);
Insert into LRM_POSITION (ID,ROAD_LINK_ID,SIDE_CODE,START_MEASURE,END_MEASURE) values (40000452,7351,1,0,114.266);
Insert into LRM_POSITION (ID,ROAD_LINK_ID,SIDE_CODE,START_MEASURE,END_MEASURE) values (40000453,7321,1,0,63.217);
Insert into LRM_POSITION (ID,ROAD_LINK_ID,SIDE_CODE,START_MEASURE,END_MEASURE) values (40000454,8621084,1,0,5.073);
Insert into LRM_POSITION (ID,ROAD_LINK_ID,SIDE_CODE,START_MEASURE,END_MEASURE) values (40000455,6866,1,0,126.275);
Insert into LRM_POSITION (ID,ROAD_LINK_ID,SIDE_CODE,START_MEASURE,END_MEASURE) values (40000456,6874,1,0,10.462);
Insert into LRM_POSITION (ID,ROAD_LINK_ID,SIDE_CODE,START_MEASURE,END_MEASURE) values (40000457,6985,1,0,142.751);
Insert into LRM_POSITION (ID,ROAD_LINK_ID,SIDE_CODE,START_MEASURE,END_MEASURE) values (40000458,6543,1,0,15.62);
Insert into LRM_POSITION (ID,ROAD_LINK_ID,SIDE_CODE,START_MEASURE,END_MEASURE) values (40000459,6674,1,0,54.504);
Insert into LRM_POSITION (ID,ROAD_LINK_ID,SIDE_CODE,START_MEASURE,END_MEASURE) values (40000460,9373855,1,0,228.98);
Insert into LRM_POSITION (ID,ROAD_LINK_ID,SIDE_CODE,START_MEASURE,END_MEASURE) values (40000461,6842,1,0,54.776);
Insert into LRM_POSITION (ID,ROAD_LINK_ID,SIDE_CODE,START_MEASURE,END_MEASURE) values (40000462,7009,1,0,66.965);
Insert into LRM_POSITION (ID,ROAD_LINK_ID,SIDE_CODE,START_MEASURE,END_MEASURE) values (40000463,6699,1,0,59.391);
Insert into LRM_POSITION (ID,ROAD_LINK_ID,SIDE_CODE,START_MEASURE,END_MEASURE) values (40000464,6762,1,0,6.978);
Insert into LRM_POSITION (ID,ROAD_LINK_ID,SIDE_CODE,START_MEASURE,END_MEASURE) values (40000465,7033,1,0,54.298);
Insert into LRM_POSITION (ID,ROAD_LINK_ID,SIDE_CODE,START_MEASURE,END_MEASURE) values (40000466,7886220,1,0,21.051);
Insert into LRM_POSITION (ID,ROAD_LINK_ID,SIDE_CODE,START_MEASURE,END_MEASURE) values (40000467,6626,1,0,16.992);
Insert into LRM_POSITION (ID,ROAD_LINK_ID,SIDE_CODE,START_MEASURE,END_MEASURE) values (40000468,7091,1,0,38.392);
Insert into LRM_POSITION (ID,ROAD_LINK_ID,SIDE_CODE,START_MEASURE,END_MEASURE) values (40000469,6928,1,0,193.357);
Insert into LRM_POSITION (ID,ROAD_LINK_ID,SIDE_CODE,START_MEASURE,END_MEASURE) values (40000470,8620946,1,0,118.413);
Insert into LRM_POSITION (ID,ROAD_LINK_ID,SIDE_CODE,START_MEASURE,END_MEASURE) values (40000471,6643,1,0,73.104);
Insert into LRM_POSITION (ID,ROAD_LINK_ID,SIDE_CODE,START_MEASURE,END_MEASURE) values (40000472,7033,1,54.298,98.338);
Insert into LRM_POSITION (ID,ROAD_LINK_ID,SIDE_CODE,START_MEASURE,END_MEASURE) values (40000473,6811,1,0,63.886);
Insert into LRM_POSITION (ID,ROAD_LINK_ID,SIDE_CODE,START_MEASURE,END_MEASURE) values (40000474,6860,1,0,84.585);
Insert into LRM_POSITION (ID,ROAD_LINK_ID,SIDE_CODE,START_MEASURE,END_MEASURE) values (40000475,7061,1,0,286.005);
Insert into LRM_POSITION (ID,ROAD_LINK_ID,SIDE_CODE,START_MEASURE,END_MEASURE) values (40000476,6710,1,0,24.011);
Insert into LRM_POSITION (ID,ROAD_LINK_ID,SIDE_CODE,START_MEASURE,END_MEASURE) values (40000477,7060,1,0,14.982);
Insert into LRM_POSITION (ID,ROAD_LINK_ID,SIDE_CODE,START_MEASURE,END_MEASURE) values (40000478,7230,1,0,167.657);
Insert into LRM_POSITION (ID,ROAD_LINK_ID,SIDE_CODE,START_MEASURE,END_MEASURE) values (40000479,6740,1,0,91.226);
Insert into LRM_POSITION (ID,ROAD_LINK_ID,SIDE_CODE,START_MEASURE,END_MEASURE) values (40000480,7165,1,0,131.849);
Insert into LRM_POSITION (ID,ROAD_LINK_ID,SIDE_CODE,START_MEASURE,END_MEASURE) values (40000003,6711,1,0,84.974);
Insert into LRM_POSITION (ID,ROAD_LINK_ID,SIDE_CODE,START_MEASURE,END_MEASURE) values (40000004,6637,1,0,59.96);
Insert into LRM_POSITION (ID,ROAD_LINK_ID,SIDE_CODE,START_MEASURE,END_MEASURE) values (40000005,6551,1,0,136.788);
Insert into LRM_POSITION (ID,ROAD_LINK_ID,SIDE_CODE,START_MEASURE,END_MEASURE) values (40000006,7078,1,0,127.27);
Insert into LRM_POSITION (ID,ROAD_LINK_ID,SIDE_CODE,START_MEASURE,END_MEASURE) values (40000007,6912,1,0,28.982);
Insert into LRM_POSITION (ID,ROAD_LINK_ID,SIDE_CODE,START_MEASURE,END_MEASURE) values (40000008,7013,1,0,30.53);
Insert into LRM_POSITION (ID,ROAD_LINK_ID,SIDE_CODE,START_MEASURE,END_MEASURE) values (40000009,7137,1,0,69.933);
Insert into LRM_POSITION (ID,ROAD_LINK_ID,SIDE_CODE,START_MEASURE,END_MEASURE) values (40000010,6752,1,0,67.195);
Insert into LRM_POSITION (ID,ROAD_LINK_ID,SIDE_CODE,START_MEASURE,END_MEASURE) values (40000011,7095,1,1.494,54.411);
Insert into LRM_POSITION (ID,ROAD_LINK_ID,SIDE_CODE,START_MEASURE,END_MEASURE) values (40000012,7097,1,0,1.69);
Insert into LRM_POSITION (ID,ROAD_LINK_ID,SIDE_CODE,START_MEASURE,END_MEASURE) values (40000013,7097,1,1.69,3.24);
Insert into LRM_POSITION (ID,ROAD_LINK_ID,SIDE_CODE,START_MEASURE,END_MEASURE) values (40000014,7135,1,0,73.294);
Insert into LRM_POSITION (ID,ROAD_LINK_ID,SIDE_CODE,START_MEASURE,END_MEASURE) values (40000015,7495,1,0,54.25);
Insert into LRM_POSITION (ID,ROAD_LINK_ID,SIDE_CODE,START_MEASURE,END_MEASURE) values (40000016,6917,1,5.2,7.109);
Insert into LRM_POSITION (ID,ROAD_LINK_ID,SIDE_CODE,START_MEASURE,END_MEASURE) values (40000017,6917,1,1.93,5.2);
Insert into LRM_POSITION (ID,ROAD_LINK_ID,SIDE_CODE,START_MEASURE,END_MEASURE) values (40000018,7223,1,0,77.357);
Insert into LRM_POSITION (ID,ROAD_LINK_ID,SIDE_CODE,START_MEASURE,END_MEASURE) values (40000019,7440,1,0,38.598);
Insert into LRM_POSITION (ID,ROAD_LINK_ID,SIDE_CODE,START_MEASURE,END_MEASURE) values (40000020,7311,1,0,27.365);
Insert into LRM_POSITION (ID,ROAD_LINK_ID,SIDE_CODE,START_MEASURE,END_MEASURE) values (40000021,6716,1,0,36.854);
Insert into LRM_POSITION (ID,ROAD_LINK_ID,SIDE_CODE,START_MEASURE,END_MEASURE) values (40000022,7231,1,0,26.328);
Insert into LRM_POSITION (ID,ROAD_LINK_ID,SIDE_CODE,START_MEASURE,END_MEASURE) values (40000023,7886187,1,0,7.876);
Insert into LRM_POSITION (ID,ROAD_LINK_ID,SIDE_CODE,START_MEASURE,END_MEASURE) values (40000024,6628,1,0,117.318);
Insert into LRM_POSITION (ID,ROAD_LINK_ID,SIDE_CODE,START_MEASURE,END_MEASURE) values (40000025,7221,1,0,9.921);
Insert into LRM_POSITION (ID,ROAD_LINK_ID,SIDE_CODE,START_MEASURE,END_MEASURE) values (40000026,7168,1,0,19.661);
Insert into LRM_POSITION (ID,ROAD_LINK_ID,SIDE_CODE,START_MEASURE,END_MEASURE) values (40000027,7281,1,0,73.682);
Insert into LRM_POSITION (ID,ROAD_LINK_ID,SIDE_CODE,START_MEASURE,END_MEASURE) values (40000028,7280,1,0,103.525);
Insert into LRM_POSITION (ID,ROAD_LINK_ID,SIDE_CODE,START_MEASURE,END_MEASURE) values (40000029,6763,1,197.122,226.103);
Insert into LRM_POSITION (ID,ROAD_LINK_ID,SIDE_CODE,START_MEASURE,END_MEASURE) values (40000030,7245315,1,0,20.43);
Insert into LRM_POSITION (ID,ROAD_LINK_ID,SIDE_CODE,START_MEASURE,END_MEASURE) values (40000031,7245238,1,0,85.287);
Insert into LRM_POSITION (ID,ROAD_LINK_ID,SIDE_CODE,START_MEASURE,END_MEASURE) values (40000032,7353,1,51.515,385.367);
Insert into LRM_POSITION (ID,ROAD_LINK_ID,SIDE_CODE,START_MEASURE,END_MEASURE) values (40000033,7353,1,0,51.515);
Insert into LRM_POSITION (ID,ROAD_LINK_ID,SIDE_CODE,START_MEASURE,END_MEASURE) values (40000034,7886323,1,0,49.051);
Insert into LRM_POSITION (ID,ROAD_LINK_ID,SIDE_CODE,START_MEASURE,END_MEASURE) values (40000035,5334767,1,0,119.187);
Insert into LRM_POSITION (ID,ROAD_LINK_ID,SIDE_CODE,START_MEASURE,END_MEASURE) values (40000036,7004,1,1.987,117.772);
Insert into LRM_POSITION (ID,ROAD_LINK_ID,SIDE_CODE,START_MEASURE,END_MEASURE) values (40000037,7004,1,0,1.987);
Insert into LRM_POSITION (ID,ROAD_LINK_ID,SIDE_CODE,START_MEASURE,END_MEASURE) values (40000038,6937,1,0,64.631);
Insert into LRM_POSITION (ID,ROAD_LINK_ID,SIDE_CODE,START_MEASURE,END_MEASURE) values (40000039,7031,1,0.56,43.317);
Insert into LRM_POSITION (ID,ROAD_LINK_ID,SIDE_CODE,START_MEASURE,END_MEASURE) values (40000040,7031,1,0,0.56);
Insert into LRM_POSITION (ID,ROAD_LINK_ID,SIDE_CODE,START_MEASURE,END_MEASURE) values (40000041,7468,1,0,278.875);
Insert into LRM_POSITION (ID,ROAD_LINK_ID,SIDE_CODE,START_MEASURE,END_MEASURE) values (40000042,7384,1,1.608,259.985);
Insert into LRM_POSITION (ID,ROAD_LINK_ID,SIDE_CODE,START_MEASURE,END_MEASURE) values (40000043,7384,1,0,1.608);
Insert into LRM_POSITION (ID,ROAD_LINK_ID,SIDE_CODE,START_MEASURE,END_MEASURE) values (40000044,6738,1,0,147.029);
Insert into LRM_POSITION (ID,ROAD_LINK_ID,SIDE_CODE,START_MEASURE,END_MEASURE) values (40000045,7069,1,0,11.672);
Insert into LRM_POSITION (ID,ROAD_LINK_ID,SIDE_CODE,START_MEASURE,END_MEASURE) values (40000046,6798,1,0,92.608);
Insert into LRM_POSITION (ID,ROAD_LINK_ID,SIDE_CODE,START_MEASURE,END_MEASURE) values (40000047,7480,1,0,66.947);
Insert into LRM_POSITION (ID,ROAD_LINK_ID,SIDE_CODE,START_MEASURE,END_MEASURE) values (40000048,6947,1,0,90.457);
Insert into LRM_POSITION (ID,ROAD_LINK_ID,SIDE_CODE,START_MEASURE,END_MEASURE) values (40000049,6834,1,0,65.119);
Insert into LRM_POSITION (ID,ROAD_LINK_ID,SIDE_CODE,START_MEASURE,END_MEASURE) values (40000050,7253,1,0,204.216);
Insert into LRM_POSITION (ID,ROAD_LINK_ID,SIDE_CODE,START_MEASURE,END_MEASURE) values (40000051,7131,1,0,150.014);
Insert into LRM_POSITION (ID,ROAD_LINK_ID,SIDE_CODE,START_MEASURE,END_MEASURE) values (40000052,6598,1,0,282.63);
Insert into LRM_POSITION (ID,ROAD_LINK_ID,SIDE_CODE,START_MEASURE,END_MEASURE) values (40000053,7453,1,0,173.242);
Insert into LRM_POSITION (ID,ROAD_LINK_ID,SIDE_CODE,START_MEASURE,END_MEASURE) values (40000054,6780,1,2.286,265.509);
Insert into LRM_POSITION (ID,ROAD_LINK_ID,SIDE_CODE,START_MEASURE,END_MEASURE) values (40000055,6780,1,0,2.286);
Insert into LRM_POSITION (ID,ROAD_LINK_ID,SIDE_CODE,START_MEASURE,END_MEASURE) values (40000056,6992,1,0,35.728);
Insert into LRM_POSITION (ID,ROAD_LINK_ID,SIDE_CODE,START_MEASURE,END_MEASURE) values (40000057,6992,1,35.728,36.928);
Insert into LRM_POSITION (ID,ROAD_LINK_ID,SIDE_CODE,START_MEASURE,END_MEASURE) values (40000058,7160,1,0,25.246);
Insert into LRM_POSITION (ID,ROAD_LINK_ID,SIDE_CODE,START_MEASURE,END_MEASURE) values (40000059,7197,1,0,96.633);
Insert into LRM_POSITION (ID,ROAD_LINK_ID,SIDE_CODE,START_MEASURE,END_MEASURE) values (40000060,6552,1,0,8.169);
Insert into LRM_POSITION (ID,ROAD_LINK_ID,SIDE_CODE,START_MEASURE,END_MEASURE) values (40000061,7336,1,0,202.997);
Insert into LRM_POSITION (ID,ROAD_LINK_ID,SIDE_CODE,START_MEASURE,END_MEASURE) values (40000062,7054,1,0,152.93);
Insert into LRM_POSITION (ID,ROAD_LINK_ID,SIDE_CODE,START_MEASURE,END_MEASURE) values (40000063,7023,1,0,34.786);
Insert into LRM_POSITION (ID,ROAD_LINK_ID,SIDE_CODE,START_MEASURE,END_MEASURE) values (40000064,6850,1,0,235.431);
Insert into LRM_POSITION (ID,ROAD_LINK_ID,SIDE_CODE,START_MEASURE,END_MEASURE) values (40000065,6891,1,0,207.784);
Insert into LRM_POSITION (ID,ROAD_LINK_ID,SIDE_CODE,START_MEASURE,END_MEASURE) values (40000066,7465,1,0,87.014);
Insert into LRM_POSITION (ID,ROAD_LINK_ID,SIDE_CODE,START_MEASURE,END_MEASURE) values (40000067,6531606,1,0,87.104);
Insert into LRM_POSITION (ID,ROAD_LINK_ID,SIDE_CODE,START_MEASURE,END_MEASURE) values (40000068,6650,1,0,75.744);
Insert into LRM_POSITION (ID,ROAD_LINK_ID,SIDE_CODE,START_MEASURE,END_MEASURE) values (40000069,7071,1,0,78.569);
Insert into LRM_POSITION (ID,ROAD_LINK_ID,SIDE_CODE,START_MEASURE,END_MEASURE) values (40000070,6941,1,0,249.778);
Insert into LRM_POSITION (ID,ROAD_LINK_ID,SIDE_CODE,START_MEASURE,END_MEASURE) values (40000071,6885,1,0,68.882);
Insert into LRM_POSITION (ID,ROAD_LINK_ID,SIDE_CODE,START_MEASURE,END_MEASURE) values (40000072,7111,1,0,75.097);
Insert into LRM_POSITION (ID,ROAD_LINK_ID,SIDE_CODE,START_MEASURE,END_MEASURE) values (40000073,6805,1,0,30.391);
Insert into LRM_POSITION (ID,ROAD_LINK_ID,SIDE_CODE,START_MEASURE,END_MEASURE) values (40000074,7111,1,75.097,75.407);
Insert into LRM_POSITION (ID,ROAD_LINK_ID,SIDE_CODE,START_MEASURE,END_MEASURE) values (40000075,7247,1,46.297,204.137);
Insert into LRM_POSITION (ID,ROAD_LINK_ID,SIDE_CODE,START_MEASURE,END_MEASURE) values (40000076,7247,1,0,24.948);
Insert into LRM_POSITION (ID,ROAD_LINK_ID,SIDE_CODE,START_MEASURE,END_MEASURE) values (40000077,7438,1,0,115.93);
Insert into LRM_POSITION (ID,ROAD_LINK_ID,SIDE_CODE,START_MEASURE,END_MEASURE) values (40000078,7109,1,0,6.964);
Insert into LRM_POSITION (ID,ROAD_LINK_ID,SIDE_CODE,START_MEASURE,END_MEASURE) values (40000079,6713,1,0,20.677);
Insert into LRM_POSITION (ID,ROAD_LINK_ID,SIDE_CODE,START_MEASURE,END_MEASURE) values (40000080,7038,1,0,231.124);
Insert into LRM_POSITION (ID,ROAD_LINK_ID,SIDE_CODE,START_MEASURE,END_MEASURE) values (40000081,7196,1,0,93.315);
Insert into LRM_POSITION (ID,ROAD_LINK_ID,SIDE_CODE,START_MEASURE,END_MEASURE) values (40000082,6579,1,0,87.824);
Insert into LRM_POSITION (ID,ROAD_LINK_ID,SIDE_CODE,START_MEASURE,END_MEASURE) values (40000083,6538,1,1.298,107.814);
Insert into LRM_POSITION (ID,ROAD_LINK_ID,SIDE_CODE,START_MEASURE,END_MEASURE) values (40000084,5698279,1,0,66.653);
Insert into LRM_POSITION (ID,ROAD_LINK_ID,SIDE_CODE,START_MEASURE,END_MEASURE) values (40000085,6925,1,0,66.331);
Insert into LRM_POSITION (ID,ROAD_LINK_ID,SIDE_CODE,START_MEASURE,END_MEASURE) values (40000086,6790,1,0,81.877);
Insert into LRM_POSITION (ID,ROAD_LINK_ID,SIDE_CODE,START_MEASURE,END_MEASURE) values (40000087,6612,1,0,143.725);
Insert into LRM_POSITION (ID,ROAD_LINK_ID,SIDE_CODE,START_MEASURE,END_MEASURE) values (40000088,6642,1,0,59.117);
Insert into LRM_POSITION (ID,ROAD_LINK_ID,SIDE_CODE,START_MEASURE,END_MEASURE) values (40000089,7478,1,0,36.647);
Insert into LRM_POSITION (ID,ROAD_LINK_ID,SIDE_CODE,START_MEASURE,END_MEASURE) values (40000090,7398,1,0,132.375);
Insert into LRM_POSITION (ID,ROAD_LINK_ID,SIDE_CODE,START_MEASURE,END_MEASURE) values (40000091,7127,1,0,165.91);
Insert into LRM_POSITION (ID,ROAD_LINK_ID,SIDE_CODE,START_MEASURE,END_MEASURE) values (40000092,7186,1,0,177.265);
Insert into LRM_POSITION (ID,ROAD_LINK_ID,SIDE_CODE,START_MEASURE,END_MEASURE) values (40000093,7186,1,177.265,178.334);
Insert into LRM_POSITION (ID,ROAD_LINK_ID,SIDE_CODE,START_MEASURE,END_MEASURE) values (40000094,6721,1,0,71.091);
Insert into LRM_POSITION (ID,ROAD_LINK_ID,SIDE_CODE,START_MEASURE,END_MEASURE) values (40000095,6667,1,0,137.781);
Insert into LRM_POSITION (ID,ROAD_LINK_ID,SIDE_CODE,START_MEASURE,END_MEASURE) values (40000096,7046,1,0,25.79);
Insert into LRM_POSITION (ID,ROAD_LINK_ID,SIDE_CODE,START_MEASURE,END_MEASURE) values (40000097,6679,1,0,102.188);
Insert into LRM_POSITION (ID,ROAD_LINK_ID,SIDE_CODE,START_MEASURE,END_MEASURE) values (40000098,7239,1,0,277.141);
Insert into LRM_POSITION (ID,ROAD_LINK_ID,SIDE_CODE,START_MEASURE,END_MEASURE) values (40000099,7239,1,277.141,278.639);
Insert into LRM_POSITION (ID,ROAD_LINK_ID,SIDE_CODE,START_MEASURE,END_MEASURE) values (40000100,6856,1,0,126.207);
Insert into LRM_POSITION (ID,ROAD_LINK_ID,SIDE_CODE,START_MEASURE,END_MEASURE) values (40000101,3098062,1,0,33.623);
Insert into LRM_POSITION (ID,ROAD_LINK_ID,SIDE_CODE,START_MEASURE,END_MEASURE) values (40000102,6665,1,0,8.529);
Insert into LRM_POSITION (ID,ROAD_LINK_ID,SIDE_CODE,START_MEASURE,END_MEASURE) values (40000103,6638,1,2.307,107.141);
Insert into LRM_POSITION (ID,ROAD_LINK_ID,SIDE_CODE,START_MEASURE,END_MEASURE) values (40000104,6565,1,0,271.776);
Insert into LRM_POSITION (ID,ROAD_LINK_ID,SIDE_CODE,START_MEASURE,END_MEASURE) values (40000105,7426,1,0,116.298);
Insert into LRM_POSITION (ID,ROAD_LINK_ID,SIDE_CODE,START_MEASURE,END_MEASURE) values (40000106,6888,1,0,7.535);
Insert into LRM_POSITION (ID,ROAD_LINK_ID,SIDE_CODE,START_MEASURE,END_MEASURE) values (40000107,6949,1,0,91.251);
Insert into LRM_POSITION (ID,ROAD_LINK_ID,SIDE_CODE,START_MEASURE,END_MEASURE) values (40000108,7108,1,0,154.049);
Insert into LRM_POSITION (ID,ROAD_LINK_ID,SIDE_CODE,START_MEASURE,END_MEASURE) values (40000109,7116,1,0,99.483);
Insert into LRM_POSITION (ID,ROAD_LINK_ID,SIDE_CODE,START_MEASURE,END_MEASURE) values (40000110,7360,1,0,21.14);
Insert into LRM_POSITION (ID,ROAD_LINK_ID,SIDE_CODE,START_MEASURE,END_MEASURE) values (40000111,7421,1,0,146.981);
Insert into LRM_POSITION (ID,ROAD_LINK_ID,SIDE_CODE,START_MEASURE,END_MEASURE) values (40000112,7464,1,0,91.701);
Insert into LRM_POSITION (ID,ROAD_LINK_ID,SIDE_CODE,START_MEASURE,END_MEASURE) values (40000113,7413,1,0,92.548);
Insert into LRM_POSITION (ID,ROAD_LINK_ID,SIDE_CODE,START_MEASURE,END_MEASURE) values (40000114,7472,1,0,31.487);
Insert into LRM_POSITION (ID,ROAD_LINK_ID,SIDE_CODE,START_MEASURE,END_MEASURE) values (40000115,7249,1,0,74.799);
Insert into LRM_POSITION (ID,ROAD_LINK_ID,SIDE_CODE,START_MEASURE,END_MEASURE) values (40000116,7077,1,0,70.384);
Insert into LRM_POSITION (ID,ROAD_LINK_ID,SIDE_CODE,START_MEASURE,END_MEASURE) values (40000117,7079,1,0,28.606);
Insert into LRM_POSITION (ID,ROAD_LINK_ID,SIDE_CODE,START_MEASURE,END_MEASURE) values (40000118,10651645,1,0,27.127);
Insert into LRM_POSITION (ID,ROAD_LINK_ID,SIDE_CODE,START_MEASURE,END_MEASURE) values (40000119,6556,1,0,108.256);
Insert into LRM_POSITION (ID,ROAD_LINK_ID,SIDE_CODE,START_MEASURE,END_MEASURE) values (40000120,9373700,1,0,103.572);
Insert into LRM_POSITION (ID,ROAD_LINK_ID,SIDE_CODE,START_MEASURE,END_MEASURE) values (40000121,7069,1,43.444,48.656);
Insert into LRM_POSITION (ID,ROAD_LINK_ID,SIDE_CODE,START_MEASURE,END_MEASURE) values (40000122,7261,1,0,173.799);
Insert into LRM_POSITION (ID,ROAD_LINK_ID,SIDE_CODE,START_MEASURE,END_MEASURE) values (40000123,6794,1,0,46.843);
Insert into LRM_POSITION (ID,ROAD_LINK_ID,SIDE_CODE,START_MEASURE,END_MEASURE) values (40000124,7375,1,0,37.429);
Insert into LRM_POSITION (ID,ROAD_LINK_ID,SIDE_CODE,START_MEASURE,END_MEASURE) values (40000125,7350,1,0,1.669);
Insert into LRM_POSITION (ID,ROAD_LINK_ID,SIDE_CODE,START_MEASURE,END_MEASURE) values (40000126,7350,1,1.669,2.869);
Insert into LRM_POSITION (ID,ROAD_LINK_ID,SIDE_CODE,START_MEASURE,END_MEASURE) values (40000127,7427,1,0,265.736);
Insert into LRM_POSITION (ID,ROAD_LINK_ID,SIDE_CODE,START_MEASURE,END_MEASURE) values (40000128,6929,1,0,53.859);
Insert into LRM_POSITION (ID,ROAD_LINK_ID,SIDE_CODE,START_MEASURE,END_MEASURE) values (40000129,6801,1,0,103.509);
Insert into LRM_POSITION (ID,ROAD_LINK_ID,SIDE_CODE,START_MEASURE,END_MEASURE) values (40000130,6536,1,122.916,124.784);
Insert into LRM_POSITION (ID,ROAD_LINK_ID,SIDE_CODE,START_MEASURE,END_MEASURE) values (40000131,7365,1,0,2.238);
Insert into LRM_POSITION (ID,ROAD_LINK_ID,SIDE_CODE,START_MEASURE,END_MEASURE) values (40000132,6765,1,0,122.302);
Insert into LRM_POSITION (ID,ROAD_LINK_ID,SIDE_CODE,START_MEASURE,END_MEASURE) values (40000133,6810,1,0,142.426);
Insert into LRM_POSITION (ID,ROAD_LINK_ID,SIDE_CODE,START_MEASURE,END_MEASURE) values (40000134,6675,1,0,100.416);
Insert into LRM_POSITION (ID,ROAD_LINK_ID,SIDE_CODE,START_MEASURE,END_MEASURE) values (40000135,3098100,1,0,27.722);
Insert into LRM_POSITION (ID,ROAD_LINK_ID,SIDE_CODE,START_MEASURE,END_MEASURE) values (40000136,8141083,1,0,10.343);
Insert into LRM_POSITION (ID,ROAD_LINK_ID,SIDE_CODE,START_MEASURE,END_MEASURE) values (40000137,7343,1,0,98.834);
Insert into LRM_POSITION (ID,ROAD_LINK_ID,SIDE_CODE,START_MEASURE,END_MEASURE) values (40000138,3098097,1,0,8.498);
Insert into LRM_POSITION (ID,ROAD_LINK_ID,SIDE_CODE,START_MEASURE,END_MEASURE) values (40000139,7388,1,0,152.162);
Insert into LRM_POSITION (ID,ROAD_LINK_ID,SIDE_CODE,START_MEASURE,END_MEASURE) values (40000140,7337,1,0,9.344);
Insert into LRM_POSITION (ID,ROAD_LINK_ID,SIDE_CODE,START_MEASURE,END_MEASURE) values (40000141,7268,1,0,75.695);
Insert into LRM_POSITION (ID,ROAD_LINK_ID,SIDE_CODE,START_MEASURE,END_MEASURE) values (40000142,6816,1,0,309.705);
Insert into LRM_POSITION (ID,ROAD_LINK_ID,SIDE_CODE,START_MEASURE,END_MEASURE) values (40000143,6702,1,17.333,108.155);
Insert into LRM_POSITION (ID,ROAD_LINK_ID,SIDE_CODE,START_MEASURE,END_MEASURE) values (40000144,6905,1,5.188,297.239);
Insert into LRM_POSITION (ID,ROAD_LINK_ID,SIDE_CODE,START_MEASURE,END_MEASURE) values (40000145,6816,1,311.894,312.894);
Insert into LRM_POSITION (ID,ROAD_LINK_ID,SIDE_CODE,START_MEASURE,END_MEASURE) values (40000146,6905,1,0,1.17);
Insert into LRM_POSITION (ID,ROAD_LINK_ID,SIDE_CODE,START_MEASURE,END_MEASURE) values (40000147,6816,1,309.705,311.894);
Insert into LRM_POSITION (ID,ROAD_LINK_ID,SIDE_CODE,START_MEASURE,END_MEASURE) values (40000148,6905,1,1.17,5.188);
Insert into LRM_POSITION (ID,ROAD_LINK_ID,SIDE_CODE,START_MEASURE,END_MEASURE) values (40000149,7189,1,0,120.127);
Insert into LRM_POSITION (ID,ROAD_LINK_ID,SIDE_CODE,START_MEASURE,END_MEASURE) values (40000150,8620924,1,0,88.631);
Insert into LRM_POSITION (ID,ROAD_LINK_ID,SIDE_CODE,START_MEASURE,END_MEASURE) values (40000151,7036,1,0,6.728);
Insert into LRM_POSITION (ID,ROAD_LINK_ID,SIDE_CODE,START_MEASURE,END_MEASURE) values (40000152,7104,1,0,75.555);
Insert into LRM_POSITION (ID,ROAD_LINK_ID,SIDE_CODE,START_MEASURE,END_MEASURE) values (40000153,7312,1,0,129.779);
Insert into LRM_POSITION (ID,ROAD_LINK_ID,SIDE_CODE,START_MEASURE,END_MEASURE) values (40000154,10651631,1,0,48.829);
Insert into LRM_POSITION (ID,ROAD_LINK_ID,SIDE_CODE,START_MEASURE,END_MEASURE) values (40000155,6818,1,0,75.105);
Insert into LRM_POSITION (ID,ROAD_LINK_ID,SIDE_CODE,START_MEASURE,END_MEASURE) values (40000156,8620905,1,0,37.305);
Insert into LRM_POSITION (ID,ROAD_LINK_ID,SIDE_CODE,START_MEASURE,END_MEASURE) values (40000157,6575,1,0,134.684);
Insert into LRM_POSITION (ID,ROAD_LINK_ID,SIDE_CODE,START_MEASURE,END_MEASURE) values (40000158,7428,1,0,31.344);
Insert into LRM_POSITION (ID,ROAD_LINK_ID,SIDE_CODE,START_MEASURE,END_MEASURE) values (40000159,7102,1,0,15.738);
Insert into LRM_POSITION (ID,ROAD_LINK_ID,SIDE_CODE,START_MEASURE,END_MEASURE) values (40000160,6720,1,0,188.507);
Insert into LRM_POSITION (ID,ROAD_LINK_ID,SIDE_CODE,START_MEASURE,END_MEASURE) values (40000161,7500,1,0,52.548);
Insert into LRM_POSITION (ID,ROAD_LINK_ID,SIDE_CODE,START_MEASURE,END_MEASURE) values (40000162,6754,1,0,59.163);
Insert into LRM_POSITION (ID,ROAD_LINK_ID,SIDE_CODE,START_MEASURE,END_MEASURE) values (40000163,6641,1,0,133.947);
Insert into LRM_POSITION (ID,ROAD_LINK_ID,SIDE_CODE,START_MEASURE,END_MEASURE) values (40000164,8141110,1,3.551,8.573);
Insert into LRM_POSITION (ID,ROAD_LINK_ID,SIDE_CODE,START_MEASURE,END_MEASURE) values (40000165,6761,1,0,24.679);
Insert into LRM_POSITION (ID,ROAD_LINK_ID,SIDE_CODE,START_MEASURE,END_MEASURE) values (40000166,7506,1,4.17,101.772);
Insert into LRM_POSITION (ID,ROAD_LINK_ID,SIDE_CODE,START_MEASURE,END_MEASURE) values (40000167,6729,1,0,153.352);
Insert into LRM_POSITION (ID,ROAD_LINK_ID,SIDE_CODE,START_MEASURE,END_MEASURE) values (40000168,7506,1,0,1.74);
Insert into LRM_POSITION (ID,ROAD_LINK_ID,SIDE_CODE,START_MEASURE,END_MEASURE) values (40000169,9373529,1,0,169.999);
Insert into LRM_POSITION (ID,ROAD_LINK_ID,SIDE_CODE,START_MEASURE,END_MEASURE) values (40000170,9373422,1,0,87.974);
Insert into LRM_POSITION (ID,ROAD_LINK_ID,SIDE_CODE,START_MEASURE,END_MEASURE) values (40000171,6898,1,0,144.887);
Insert into LRM_POSITION (ID,ROAD_LINK_ID,SIDE_CODE,START_MEASURE,END_MEASURE) values (40000172,6732,1,0,71.409);
Insert into LRM_POSITION (ID,ROAD_LINK_ID,SIDE_CODE,START_MEASURE,END_MEASURE) values (40000173,7051,1,0,47.959);
Insert into LRM_POSITION (ID,ROAD_LINK_ID,SIDE_CODE,START_MEASURE,END_MEASURE) values (40000174,6849,1,0,209.744);
Insert into LRM_POSITION (ID,ROAD_LINK_ID,SIDE_CODE,START_MEASURE,END_MEASURE) values (40000175,7506,1,1.74,4.17);
Insert into LRM_POSITION (ID,ROAD_LINK_ID,SIDE_CODE,START_MEASURE,END_MEASURE) values (40000176,7307,1,0,55.642);
Insert into LRM_POSITION (ID,ROAD_LINK_ID,SIDE_CODE,START_MEASURE,END_MEASURE) values (40000177,7208,1,0,114.971);
Insert into LRM_POSITION (ID,ROAD_LINK_ID,SIDE_CODE,START_MEASURE,END_MEASURE) values (40000178,6788,1,0,61.622);
Insert into LRM_POSITION (ID,ROAD_LINK_ID,SIDE_CODE,START_MEASURE,END_MEASURE) values (40000179,8621078,1,0,10.622);
Insert into LRM_POSITION (ID,ROAD_LINK_ID,SIDE_CODE,START_MEASURE,END_MEASURE) values (40000180,8620965,1,0,8.797);
Insert into LRM_POSITION (ID,ROAD_LINK_ID,SIDE_CODE,START_MEASURE,END_MEASURE) values (40000181,6825,1,0,18.976);
Insert into LRM_POSITION (ID,ROAD_LINK_ID,SIDE_CODE,START_MEASURE,END_MEASURE) values (40000182,7206,1,0,132.838);
Insert into LRM_POSITION (ID,ROAD_LINK_ID,SIDE_CODE,START_MEASURE,END_MEASURE) values (40000183,6953,1,0,207.228);
Insert into LRM_POSITION (ID,ROAD_LINK_ID,SIDE_CODE,START_MEASURE,END_MEASURE) values (40000184,7402,1,0,15.064);
Insert into LRM_POSITION (ID,ROAD_LINK_ID,SIDE_CODE,START_MEASURE,END_MEASURE) values (40000185,7110,1,0,375.784);
Insert into LRM_POSITION (ID,ROAD_LINK_ID,SIDE_CODE,START_MEASURE,END_MEASURE) values (40000186,7136,1,0,185.97);
Insert into LRM_POSITION (ID,ROAD_LINK_ID,SIDE_CODE,START_MEASURE,END_MEASURE) values (40000187,6689,1,0,311.565);
Insert into LRM_POSITION (ID,ROAD_LINK_ID,SIDE_CODE,START_MEASURE,END_MEASURE) values (40000188,6974,1,0,61.838);
Insert into LRM_POSITION (ID,ROAD_LINK_ID,SIDE_CODE,START_MEASURE,END_MEASURE) values (40000189,6758,1,0,115.847);
Insert into LRM_POSITION (ID,ROAD_LINK_ID,SIDE_CODE,START_MEASURE,END_MEASURE) values (40000190,6766,1,0,44.576);
Insert into LRM_POSITION (ID,ROAD_LINK_ID,SIDE_CODE,START_MEASURE,END_MEASURE) values (40000191,7217,1,0,2.599);
Insert into LRM_POSITION (ID,ROAD_LINK_ID,SIDE_CODE,START_MEASURE,END_MEASURE) values (40000192,6621,1,0,14.587);
Insert into LRM_POSITION (ID,ROAD_LINK_ID,SIDE_CODE,START_MEASURE,END_MEASURE) values (40000193,6958,1,0,82.489);
Insert into LRM_POSITION (ID,ROAD_LINK_ID,SIDE_CODE,START_MEASURE,END_MEASURE) values (40000194,7170,1,0,25.675);
Insert into LRM_POSITION (ID,ROAD_LINK_ID,SIDE_CODE,START_MEASURE,END_MEASURE) values (40000195,6958,1,82.489,93.648);
Insert into LRM_POSITION (ID,ROAD_LINK_ID,SIDE_CODE,START_MEASURE,END_MEASURE) values (40000196,7087,1,0,55.023);
Insert into LRM_POSITION (ID,ROAD_LINK_ID,SIDE_CODE,START_MEASURE,END_MEASURE) values (40000197,7473,1,0,32.422);
Insert into LRM_POSITION (ID,ROAD_LINK_ID,SIDE_CODE,START_MEASURE,END_MEASURE) values (40000198,6561,1,0,112.982);
Insert into LRM_POSITION (ID,ROAD_LINK_ID,SIDE_CODE,START_MEASURE,END_MEASURE) values (40000199,6763,1,0,197.121);
Insert into LRM_POSITION (ID,ROAD_LINK_ID,SIDE_CODE,START_MEASURE,END_MEASURE) values (40000200,6537,1,0,13.575);
Insert into LRM_POSITION (ID,ROAD_LINK_ID,SIDE_CODE,START_MEASURE,END_MEASURE) values (40000201,7012,1,0,117.68);
Insert into LRM_POSITION (ID,ROAD_LINK_ID,SIDE_CODE,START_MEASURE,END_MEASURE) values (40000202,7462,1,82.636,164.343);
Insert into LRM_POSITION (ID,ROAD_LINK_ID,SIDE_CODE,START_MEASURE,END_MEASURE) values (40000203,7139,1,0,156.538);
Insert into LRM_POSITION (ID,ROAD_LINK_ID,SIDE_CODE,START_MEASURE,END_MEASURE) values (40000204,7272,1,0,27.553);
Insert into LRM_POSITION (ID,ROAD_LINK_ID,SIDE_CODE,START_MEASURE,END_MEASURE) values (40000205,7099,1,0,146.513);
Insert into LRM_POSITION (ID,ROAD_LINK_ID,SIDE_CODE,START_MEASURE,END_MEASURE) values (40000206,6609,1,3.416,5.624);
Insert into LRM_POSITION (ID,ROAD_LINK_ID,SIDE_CODE,START_MEASURE,END_MEASURE) values (40000207,6902,1,3.437,7.741);
Insert into LRM_POSITION (ID,ROAD_LINK_ID,SIDE_CODE,START_MEASURE,END_MEASURE) values (40000208,6973,1,0,50.997);
Insert into LRM_POSITION (ID,ROAD_LINK_ID,SIDE_CODE,START_MEASURE,END_MEASURE) values (40000209,7501,1,2.229,179.425);
Insert into LRM_POSITION (ID,ROAD_LINK_ID,SIDE_CODE,START_MEASURE,END_MEASURE) values (40000210,5697983,1,7.372,80.887);
Insert into LRM_POSITION (ID,ROAD_LINK_ID,SIDE_CODE,START_MEASURE,END_MEASURE) values (40000211,6871,1,0,154.386);
Insert into LRM_POSITION (ID,ROAD_LINK_ID,SIDE_CODE,START_MEASURE,END_MEASURE) values (40000212,6983,1,4.226,90.733);
Insert into LRM_POSITION (ID,ROAD_LINK_ID,SIDE_CODE,START_MEASURE,END_MEASURE) values (40000213,7294,1,0,223.834);
Insert into LRM_POSITION (ID,ROAD_LINK_ID,SIDE_CODE,START_MEASURE,END_MEASURE) values (40000214,7243,1,0,132.784);
Insert into LRM_POSITION (ID,ROAD_LINK_ID,SIDE_CODE,START_MEASURE,END_MEASURE) values (40000215,5698192,1,0,168.583);
Insert into LRM_POSITION (ID,ROAD_LINK_ID,SIDE_CODE,START_MEASURE,END_MEASURE) values (40000216,9373817,1,0,49.372);
Insert into LRM_POSITION (ID,ROAD_LINK_ID,SIDE_CODE,START_MEASURE,END_MEASURE) values (40000217,9373471,1,0,150.8);
Insert into LRM_POSITION (ID,ROAD_LINK_ID,SIDE_CODE,START_MEASURE,END_MEASURE) values (40000218,8620894,1,0,30.034);
Insert into LRM_POSITION (ID,ROAD_LINK_ID,SIDE_CODE,START_MEASURE,END_MEASURE) values (40000219,7172,1,0,24.844);
Insert into LRM_POSITION (ID,ROAD_LINK_ID,SIDE_CODE,START_MEASURE,END_MEASURE) values (40000220,8620996,1,0,12.043);
Insert into LRM_POSITION (ID,ROAD_LINK_ID,SIDE_CODE,START_MEASURE,END_MEASURE) values (40000221,6983,1,0,2.438);
Insert into LRM_POSITION (ID,ROAD_LINK_ID,SIDE_CODE,START_MEASURE,END_MEASURE) values (40000222,6589,1,0,9.209);
Insert into LRM_POSITION (ID,ROAD_LINK_ID,SIDE_CODE,START_MEASURE,END_MEASURE) values (40000223,7431,1,0,76.959);
Insert into LRM_POSITION (ID,ROAD_LINK_ID,SIDE_CODE,START_MEASURE,END_MEASURE) values (40000224,7058,1,0,46.439);
Insert into LRM_POSITION (ID,ROAD_LINK_ID,SIDE_CODE,START_MEASURE,END_MEASURE) values (40000225,6983,1,2.438,4.226);
Insert into LRM_POSITION (ID,ROAD_LINK_ID,SIDE_CODE,START_MEASURE,END_MEASURE) values (40000226,6918,1,0,200.114);
Insert into LRM_POSITION (ID,ROAD_LINK_ID,SIDE_CODE,START_MEASURE,END_MEASURE) values (40000227,6809,1,0,48.305);
Insert into LRM_POSITION (ID,ROAD_LINK_ID,SIDE_CODE,START_MEASURE,END_MEASURE) values (40000228,7201,1,0,13.332);
Insert into LRM_POSITION (ID,ROAD_LINK_ID,SIDE_CODE,START_MEASURE,END_MEASURE) values (40000229,6693,1,0,6.699);
Insert into LRM_POSITION (ID,ROAD_LINK_ID,SIDE_CODE,START_MEASURE,END_MEASURE) values (40000230,6693,1,6.699,9.219);
Insert into LRM_POSITION (ID,ROAD_LINK_ID,SIDE_CODE,START_MEASURE,END_MEASURE) values (40000231,6736,1,0,117.881);
Insert into LRM_POSITION (ID,ROAD_LINK_ID,SIDE_CODE,START_MEASURE,END_MEASURE) values (40000232,7434,1,0,7.37);
Insert into LRM_POSITION (ID,ROAD_LINK_ID,SIDE_CODE,START_MEASURE,END_MEASURE) values (40000233,6753,1,0,112.948);
Insert into LRM_POSITION (ID,ROAD_LINK_ID,SIDE_CODE,START_MEASURE,END_MEASURE) values (40000234,6938,1,0,79.691);
Insert into LRM_POSITION (ID,ROAD_LINK_ID,SIDE_CODE,START_MEASURE,END_MEASURE) values (40000235,7126,1,0,238.179);
Insert into LRM_POSITION (ID,ROAD_LINK_ID,SIDE_CODE,START_MEASURE,END_MEASURE) values (40000236,6703,1,0,55.354);
Insert into LRM_POSITION (ID,ROAD_LINK_ID,SIDE_CODE,START_MEASURE,END_MEASURE) values (40000237,7128,1,0,47.14);
Insert into LRM_POSITION (ID,ROAD_LINK_ID,SIDE_CODE,START_MEASURE,END_MEASURE) values (40000238,7289,1,9.612,11.113);
Insert into LRM_POSITION (ID,ROAD_LINK_ID,SIDE_CODE,START_MEASURE,END_MEASURE) values (40000239,6601,1,0,1.508);
Insert into LRM_POSITION (ID,ROAD_LINK_ID,SIDE_CODE,START_MEASURE,END_MEASURE) values (40000240,7289,1,7.772,9.612);
Insert into LRM_POSITION (ID,ROAD_LINK_ID,SIDE_CODE,START_MEASURE,END_MEASURE) values (40000241,6601,1,1.508,5.065);
Insert into LRM_POSITION (ID,ROAD_LINK_ID,SIDE_CODE,START_MEASURE,END_MEASURE) values (40000242,6620,1,0,147.193);
Insert into LRM_POSITION (ID,ROAD_LINK_ID,SIDE_CODE,START_MEASURE,END_MEASURE) values (40000243,6590,1,0,85.96);
Insert into LRM_POSITION (ID,ROAD_LINK_ID,SIDE_CODE,START_MEASURE,END_MEASURE) values (40000244,6993,1,0,56.351);
Insert into LRM_POSITION (ID,ROAD_LINK_ID,SIDE_CODE,START_MEASURE,END_MEASURE) values (40000245,6573,1,0,198.297);
Insert into LRM_POSITION (ID,ROAD_LINK_ID,SIDE_CODE,START_MEASURE,END_MEASURE) values (40000246,7091,1,72.435,170.926);
Insert into LRM_POSITION (ID,ROAD_LINK_ID,SIDE_CODE,START_MEASURE,END_MEASURE) values (40000247,7091,1,38.392,72.435);
Insert into LRM_POSITION (ID,ROAD_LINK_ID,SIDE_CODE,START_MEASURE,END_MEASURE) values (40000248,6682,1,0,106.719);
Insert into LRM_POSITION (ID,ROAD_LINK_ID,SIDE_CODE,START_MEASURE,END_MEASURE) values (40000249,7333,1,0,51.184);
Insert into LRM_POSITION (ID,ROAD_LINK_ID,SIDE_CODE,START_MEASURE,END_MEASURE) values (40000250,7278,1,3.825,95.416);
Insert into LRM_POSITION (ID,ROAD_LINK_ID,SIDE_CODE,START_MEASURE,END_MEASURE) values (40000251,7469,1,0,220.876);
Insert into LRM_POSITION (ID,ROAD_LINK_ID,SIDE_CODE,START_MEASURE,END_MEASURE) values (40000252,7393,1,2.27,103.646);
Insert into LRM_POSITION (ID,ROAD_LINK_ID,SIDE_CODE,START_MEASURE,END_MEASURE) values (40000253,7298,1,0,81.292);
Insert into LRM_POSITION (ID,ROAD_LINK_ID,SIDE_CODE,START_MEASURE,END_MEASURE) values (40000254,7498,1,0,94.078);
Insert into LRM_POSITION (ID,ROAD_LINK_ID,SIDE_CODE,START_MEASURE,END_MEASURE) values (40000255,7047,1,0,10.142);
Insert into LRM_POSITION (ID,ROAD_LINK_ID,SIDE_CODE,START_MEASURE,END_MEASURE) values (40000256,5697873,1,0,53.908);
Insert into LRM_POSITION (ID,ROAD_LINK_ID,SIDE_CODE,START_MEASURE,END_MEASURE) values (40000257,6557,1,0,59.614);
Insert into LRM_POSITION (ID,ROAD_LINK_ID,SIDE_CODE,START_MEASURE,END_MEASURE) values (40000258,6617,1,5.252,12.834);
Insert into LRM_POSITION (ID,ROAD_LINK_ID,SIDE_CODE,START_MEASURE,END_MEASURE) values (40000259,6622,1,0,42.619);
Insert into LRM_POSITION (ID,ROAD_LINK_ID,SIDE_CODE,START_MEASURE,END_MEASURE) values (40000260,6629,1,0,37.981);
Insert into LRM_POSITION (ID,ROAD_LINK_ID,SIDE_CODE,START_MEASURE,END_MEASURE) values (40000261,6705,1,0,143.713);
Insert into LRM_POSITION (ID,ROAD_LINK_ID,SIDE_CODE,START_MEASURE,END_MEASURE) values (40000000,5994175,1,0,102.288);
Insert into LRM_POSITION (ID,ROAD_LINK_ID,SIDE_CODE,START_MEASURE,END_MEASURE) values (40000001,95204,1,0,36.109);
Insert into LRM_POSITION (ID,ROAD_LINK_ID,SIDE_CODE,START_MEASURE,END_MEASURE) values (40000262,6950,1,0,161.145);
Insert into LRM_POSITION (ID,ROAD_LINK_ID,SIDE_CODE,START_MEASURE,END_MEASURE) values (40000263,6635,1,0,194.973);
Insert into LRM_POSITION (ID,ROAD_LINK_ID,SIDE_CODE,START_MEASURE,END_MEASURE) values (40000264,8621052,1,0,87.638);
Insert into LRM_POSITION (ID,ROAD_LINK_ID,SIDE_CODE,START_MEASURE,END_MEASURE) values (40000265,6545,1,0,101.079);
Insert into LRM_POSITION (ID,ROAD_LINK_ID,SIDE_CODE,START_MEASURE,END_MEASURE) values (40000266,6838,1,0,89.503);
Insert into LRM_POSITION (ID,ROAD_LINK_ID,SIDE_CODE,START_MEASURE,END_MEASURE) values (40000267,6544,1,0,5.115);
Insert into LRM_POSITION (ID,ROAD_LINK_ID,SIDE_CODE,START_MEASURE,END_MEASURE) values (40000268,7491,1,0,37.133);
Insert into LRM_POSITION (ID,ROAD_LINK_ID,SIDE_CODE,START_MEASURE,END_MEASURE) values (40000269,3097873,1,0,2.379);
Insert into LRM_POSITION (ID,ROAD_LINK_ID,SIDE_CODE,START_MEASURE,END_MEASURE) values (40000270,6544,1,7.533,9.701);
Insert into LRM_POSITION (ID,ROAD_LINK_ID,SIDE_CODE,START_MEASURE,END_MEASURE) values (40000271,3097873,1,2.379,3.739);
Insert into LRM_POSITION (ID,ROAD_LINK_ID,SIDE_CODE,START_MEASURE,END_MEASURE) values (40000272,6544,1,5.115,7.533);
Insert into LRM_POSITION (ID,ROAD_LINK_ID,SIDE_CODE,START_MEASURE,END_MEASURE) values (40000273,7372,1,0,8.957);
Insert into LRM_POSITION (ID,ROAD_LINK_ID,SIDE_CODE,START_MEASURE,END_MEASURE) values (40000274,6864,1,0,129.196);
Insert into LRM_POSITION (ID,ROAD_LINK_ID,SIDE_CODE,START_MEASURE,END_MEASURE) values (40000275,7073,1,0,126.436);
Insert into LRM_POSITION (ID,ROAD_LINK_ID,SIDE_CODE,START_MEASURE,END_MEASURE) values (40000276,6547,1,0,136.862);
Insert into LRM_POSITION (ID,ROAD_LINK_ID,SIDE_CODE,START_MEASURE,END_MEASURE) values (40000277,6959,1,0,129.605);
Insert into LRM_POSITION (ID,ROAD_LINK_ID,SIDE_CODE,START_MEASURE,END_MEASURE) values (40000283,7259,1,0,16.499);
Insert into LRM_POSITION (ID,ROAD_LINK_ID,SIDE_CODE,START_MEASURE,END_MEASURE) values (40000284,7147,1,0,112.157);
Insert into LRM_POSITION (ID,ROAD_LINK_ID,SIDE_CODE,START_MEASURE,END_MEASURE) values (40000285,5698169,1,0,214.01);
Insert into LRM_POSITION (ID,ROAD_LINK_ID,SIDE_CODE,START_MEASURE,END_MEASURE) values (40000286,6982,1,0,208.951);
Insert into LRM_POSITION (ID,ROAD_LINK_ID,SIDE_CODE,START_MEASURE,END_MEASURE) values (40000287,6894,1,0,17.118);
Insert into LRM_POSITION (ID,ROAD_LINK_ID,SIDE_CODE,START_MEASURE,END_MEASURE) values (40000288,7305,1,0,67.883);
Insert into LRM_POSITION (ID,ROAD_LINK_ID,SIDE_CODE,START_MEASURE,END_MEASURE) values (40000289,6560,1,0,10.419);
Insert into LRM_POSITION (ID,ROAD_LINK_ID,SIDE_CODE,START_MEASURE,END_MEASURE) values (40000290,6945,1,0,85.324);
Insert into LRM_POSITION (ID,ROAD_LINK_ID,SIDE_CODE,START_MEASURE,END_MEASURE) values (40000291,6712,1,0,144.476);
Insert into LRM_POSITION (ID,ROAD_LINK_ID,SIDE_CODE,START_MEASURE,END_MEASURE) values (40000292,7226,1,0,71.567);
Insert into LRM_POSITION (ID,ROAD_LINK_ID,SIDE_CODE,START_MEASURE,END_MEASURE) values (40000293,7236,1,0,148.586);
Insert into LRM_POSITION (ID,ROAD_LINK_ID,SIDE_CODE,START_MEASURE,END_MEASURE) values (40000294,6981,1,0,18.499);
Insert into LRM_POSITION (ID,ROAD_LINK_ID,SIDE_CODE,START_MEASURE,END_MEASURE) values (40000295,6846,3,0,26.084);
Insert into LRM_POSITION (ID,ROAD_LINK_ID,SIDE_CODE,START_MEASURE,END_MEASURE) values (40000296,6586,3,0,48.91);
Insert into LRM_POSITION (ID,ROAD_LINK_ID,SIDE_CODE,START_MEASURE,END_MEASURE) values (40000297,6725,2,0,23.214);
Insert into LRM_POSITION (ID,ROAD_LINK_ID,SIDE_CODE,START_MEASURE,END_MEASURE) values (40000298,6907,2,0,41.141);
Insert into LRM_POSITION (ID,ROAD_LINK_ID,SIDE_CODE,START_MEASURE,END_MEASURE) values (40000299,6940,1,0,100.609);
Insert into LRM_POSITION (ID,ROAD_LINK_ID,SIDE_CODE,START_MEASURE,END_MEASURE) values (40000300,7021,1,0,30.421);
Insert into LRM_POSITION (ID,ROAD_LINK_ID,SIDE_CODE,START_MEASURE,END_MEASURE) values (40000301,7283,1,0,223.246);
Insert into LRM_POSITION (ID,ROAD_LINK_ID,SIDE_CODE,START_MEASURE,END_MEASURE) values (40000302,7417,1,0,14.626);
Insert into LRM_POSITION (ID,ROAD_LINK_ID,SIDE_CODE,START_MEASURE,END_MEASURE) values (40000303,7245220,1,0,51.768);
Insert into LRM_POSITION (ID,ROAD_LINK_ID,SIDE_CODE,START_MEASURE,END_MEASURE) values (40000304,6997,1,0,115.022);
Insert into LRM_POSITION (ID,ROAD_LINK_ID,SIDE_CODE,START_MEASURE,END_MEASURE) values (40000305,7043,1,0,16.332);
Insert into LRM_POSITION (ID,ROAD_LINK_ID,SIDE_CODE,START_MEASURE,END_MEASURE) values (40000306,7217,1,2.599,15.077);
Insert into LRM_POSITION (ID,ROAD_LINK_ID,SIDE_CODE,START_MEASURE,END_MEASURE) values (40000307,5698092,1,0,35.265);
Insert into LRM_POSITION (ID,ROAD_LINK_ID,SIDE_CODE,START_MEASURE,END_MEASURE) values (40000308,9373977,1,0,7.019);
Insert into LRM_POSITION (ID,ROAD_LINK_ID,SIDE_CODE,START_MEASURE,END_MEASURE) values (40000309,9373194,1,9.145,136.063);
Insert into LRM_POSITION (ID,ROAD_LINK_ID,SIDE_CODE,START_MEASURE,END_MEASURE) values (40000310,9373991,1,0,107.455);
Insert into LRM_POSITION (ID,ROAD_LINK_ID,SIDE_CODE,START_MEASURE,END_MEASURE) values (40000311,7260,1,0,139.693);
Insert into LRM_POSITION (ID,ROAD_LINK_ID,SIDE_CODE,START_MEASURE,END_MEASURE) values (40000312,6587,1,0,141.841);
Insert into LRM_POSITION (ID,ROAD_LINK_ID,SIDE_CODE,START_MEASURE,END_MEASURE) values (40000313,7377,2,0,18.84);
Insert into LRM_POSITION (ID,ROAD_LINK_ID,SIDE_CODE,START_MEASURE,END_MEASURE) values (40000314,6868,2,0,13.482);
Insert into LRM_POSITION (ID,ROAD_LINK_ID,SIDE_CODE,START_MEASURE,END_MEASURE) values (40000315,6948,3,0,14.845);
Insert into LRM_POSITION (ID,ROAD_LINK_ID,SIDE_CODE,START_MEASURE,END_MEASURE) values (40000316,7389,3,0,21.306);
Insert into LRM_POSITION (ID,ROAD_LINK_ID,SIDE_CODE,START_MEASURE,END_MEASURE) values (40000327,6968,1,0,189.673);
Insert into LRM_POSITION (ID,ROAD_LINK_ID,SIDE_CODE,START_MEASURE,END_MEASURE) values (40000328,6963,1,0,35.926);
Insert into LRM_POSITION (ID,ROAD_LINK_ID,SIDE_CODE,START_MEASURE,END_MEASURE) values (40000329,5698215,1,0,113.747);
Insert into LRM_POSITION (ID,ROAD_LINK_ID,SIDE_CODE,START_MEASURE,END_MEASURE) values (40000330,6899,1,0,82.116);
Insert into LRM_POSITION (ID,ROAD_LINK_ID,SIDE_CODE,START_MEASURE,END_MEASURE) values (40000331,6585,1,0,13.808);
Insert into LRM_POSITION (ID,ROAD_LINK_ID,SIDE_CODE,START_MEASURE,END_MEASURE) values (40000332,7292,1,0,36.918);
Insert into LRM_POSITION (ID,ROAD_LINK_ID,SIDE_CODE,START_MEASURE,END_MEASURE) values (40000333,7486,1,0,67.747);
Insert into LRM_POSITION (ID,ROAD_LINK_ID,SIDE_CODE,START_MEASURE,END_MEASURE) values (40000334,7379,1,0,192.87);
Insert into LRM_POSITION (ID,ROAD_LINK_ID,SIDE_CODE,START_MEASURE,END_MEASURE) values (40000349,8620791,1,0,5.335);
Insert into LRM_POSITION (ID,ROAD_LINK_ID,SIDE_CODE,START_MEASURE,END_MEASURE) values (40000350,6791,1,0,52.265);
Insert into LRM_POSITION (ID,ROAD_LINK_ID,SIDE_CODE,START_MEASURE,END_MEASURE) values (40000351,7350,1,2.869,256.886);
Insert into LRM_POSITION (ID,ROAD_LINK_ID,SIDE_CODE,START_MEASURE,END_MEASURE) values (40000352,3098091,1,0,11.581);
Insert into LRM_POSITION (ID,ROAD_LINK_ID,SIDE_CODE,START_MEASURE,END_MEASURE) values (40000353,3097873,1,3.739,10.028);
Insert into LRM_POSITION (ID,ROAD_LINK_ID,SIDE_CODE,START_MEASURE,END_MEASURE) values (40000377,7245357,1,0,7.816);
Insert into LRM_POSITION (ID,ROAD_LINK_ID,SIDE_CODE,START_MEASURE,END_MEASURE) values (40000378,6991,1,0,23.144);
Insert into LRM_POSITION (ID,ROAD_LINK_ID,SIDE_CODE,START_MEASURE,END_MEASURE) values (40000379,7245323,1,0,26.851);
Insert into LRM_POSITION (ID,ROAD_LINK_ID,SIDE_CODE,START_MEASURE,END_MEASURE) values (40000422,3097955,1,0,60.861);
Insert into LRM_POSITION (ID,ROAD_LINK_ID,SIDE_CODE,START_MEASURE,END_MEASURE) values (40000423,5698052,1,0,13.264);
Insert into LRM_POSITION (ID,ROAD_LINK_ID,SIDE_CODE,START_MEASURE,END_MEASURE) values (40000431,5698017,1,0,68.605);
Insert into LRM_POSITION (ID,ROAD_LINK_ID,SIDE_CODE,START_MEASURE,END_MEASURE) values (40000432,7492,1,0,105.141);
Insert into LRM_POSITION (ID,ROAD_LINK_ID,SIDE_CODE,START_MEASURE,END_MEASURE) values (40000433,5698323,1,1.23,5.202);
Insert into LRM_POSITION (ID,ROAD_LINK_ID,SIDE_CODE,START_MEASURE,END_MEASURE) values (40000434,6771,1,0,126.909);

-- select id, asset_type_id from asset where asset_type_id = 20;
Insert into ASSET (ID,ASSET_TYPE_ID) values (300309,20);
Insert into ASSET (ID,ASSET_TYPE_ID) values (300310,20);
Insert into ASSET (ID,ASSET_TYPE_ID) values (300311,20);
Insert into ASSET (ID,ASSET_TYPE_ID) values (300320,20);
Insert into ASSET (ID,ASSET_TYPE_ID) values (300342,20);
Insert into ASSET (ID,ASSET_TYPE_ID) values (300343,20);
Insert into ASSET (ID,ASSET_TYPE_ID) values (300350,20);
Insert into ASSET (ID,ASSET_TYPE_ID) values (300351,20);
Insert into ASSET (ID,ASSET_TYPE_ID) values (300352,20);
Insert into ASSET (ID,ASSET_TYPE_ID) values (300353,20);
Insert into ASSET (ID,ASSET_TYPE_ID) values (300282,20);
Insert into ASSET (ID,ASSET_TYPE_ID) values (300283,20);
Insert into ASSET (ID,ASSET_TYPE_ID) values (300284,20);
Insert into ASSET (ID,ASSET_TYPE_ID) values (300285,20);
Insert into ASSET (ID,ASSET_TYPE_ID) values (300286,20);
Insert into ASSET (ID,ASSET_TYPE_ID) values (300312,20);
Insert into ASSET (ID,ASSET_TYPE_ID) values (300313,20);
Insert into ASSET (ID,ASSET_TYPE_ID) values (300314,20);
Insert into ASSET (ID,ASSET_TYPE_ID) values (300315,20);
Insert into ASSET (ID,ASSET_TYPE_ID) values (300316,20);
Insert into ASSET (ID,ASSET_TYPE_ID) values (300317,20);
Insert into ASSET (ID,ASSET_TYPE_ID) values (300318,20);
Insert into ASSET (ID,ASSET_TYPE_ID) values (300319,20);
Insert into ASSET (ID,ASSET_TYPE_ID) values (300322,20);
Insert into ASSET (ID,ASSET_TYPE_ID) values (300323,20);
Insert into ASSET (ID,ASSET_TYPE_ID) values (300324,20);
Insert into ASSET (ID,ASSET_TYPE_ID) values (300325,20);
Insert into ASSET (ID,ASSET_TYPE_ID) values (300326,20);
Insert into ASSET (ID,ASSET_TYPE_ID) values (300327,20);
Insert into ASSET (ID,ASSET_TYPE_ID) values (300328,20);
Insert into ASSET (ID,ASSET_TYPE_ID) values (300329,20);
Insert into ASSET (ID,ASSET_TYPE_ID) values (300330,20);
Insert into ASSET (ID,ASSET_TYPE_ID) values (300331,20);
Insert into ASSET (ID,ASSET_TYPE_ID) values (300332,20);
Insert into ASSET (ID,ASSET_TYPE_ID) values (300333,20);
Insert into ASSET (ID,ASSET_TYPE_ID) values (300334,20);
Insert into ASSET (ID,ASSET_TYPE_ID) values (300335,20);
Insert into ASSET (ID,ASSET_TYPE_ID) values (300336,20);
Insert into ASSET (ID,ASSET_TYPE_ID) values (300354,20);
Insert into ASSET (ID,ASSET_TYPE_ID) values (300355,20);
Insert into ASSET (ID,ASSET_TYPE_ID) values (300356,20);
Insert into ASSET (ID,ASSET_TYPE_ID) values (300094,20);
Insert into ASSET (ID,ASSET_TYPE_ID) values (300255,20);
Insert into ASSET (ID,ASSET_TYPE_ID) values (300256,20);
Insert into ASSET (ID,ASSET_TYPE_ID) values (300257,20);
Insert into ASSET (ID,ASSET_TYPE_ID) values (300258,20);
Insert into ASSET (ID,ASSET_TYPE_ID) values (300292,20);
Insert into ASSET (ID,ASSET_TYPE_ID) values (300293,20);
Insert into ASSET (ID,ASSET_TYPE_ID) values (300294,20);
Insert into ASSET (ID,ASSET_TYPE_ID) values (300295,20);
Insert into ASSET (ID,ASSET_TYPE_ID) values (300296,20);
Insert into ASSET (ID,ASSET_TYPE_ID) values (300297,20);
Insert into ASSET (ID,ASSET_TYPE_ID) values (300298,20);
Insert into ASSET (ID,ASSET_TYPE_ID) values (300299,20);
Insert into ASSET (ID,ASSET_TYPE_ID) values (300300,20);
Insert into ASSET (ID,ASSET_TYPE_ID) values (300301,20);
Insert into ASSET (ID,ASSET_TYPE_ID) values (300306,20);
Insert into ASSET (ID,ASSET_TYPE_ID) values (300307,20);
Insert into ASSET (ID,ASSET_TYPE_ID) values (300308,20);
Insert into ASSET (ID,ASSET_TYPE_ID) values (300337,20);
Insert into ASSET (ID,ASSET_TYPE_ID) values (300338,20);
Insert into ASSET (ID,ASSET_TYPE_ID) values (300339,20);
Insert into ASSET (ID,ASSET_TYPE_ID) values (300344,20);
Insert into ASSET (ID,ASSET_TYPE_ID) values (300345,20);
Insert into ASSET (ID,ASSET_TYPE_ID) values (300357,20);
Insert into ASSET (ID,ASSET_TYPE_ID) values (300358,20);
Insert into ASSET (ID,ASSET_TYPE_ID) values (300359,20);
Insert into ASSET (ID,ASSET_TYPE_ID) values (300360,20);
Insert into ASSET (ID,ASSET_TYPE_ID) values (300361,20);
Insert into ASSET (ID,ASSET_TYPE_ID) values (300362,20);
Insert into ASSET (ID,ASSET_TYPE_ID) values (300363,20);
Insert into ASSET (ID,ASSET_TYPE_ID) values (300095,20);
Insert into ASSET (ID,ASSET_TYPE_ID) values (300096,20);
Insert into ASSET (ID,ASSET_TYPE_ID) values (300097,20);
Insert into ASSET (ID,ASSET_TYPE_ID) values (300098,20);
Insert into ASSET (ID,ASSET_TYPE_ID) values (300099,20);
Insert into ASSET (ID,ASSET_TYPE_ID) values (300100,20);
Insert into ASSET (ID,ASSET_TYPE_ID) values (300101,20);
Insert into ASSET (ID,ASSET_TYPE_ID) values (300102,20);
Insert into ASSET (ID,ASSET_TYPE_ID) values (300103,20);
Insert into ASSET (ID,ASSET_TYPE_ID) values (300104,20);
Insert into ASSET (ID,ASSET_TYPE_ID) values (300105,20);
Insert into ASSET (ID,ASSET_TYPE_ID) values (300106,20);
Insert into ASSET (ID,ASSET_TYPE_ID) values (300107,20);
Insert into ASSET (ID,ASSET_TYPE_ID) values (300108,20);
Insert into ASSET (ID,ASSET_TYPE_ID) values (300109,20);
Insert into ASSET (ID,ASSET_TYPE_ID) values (300110,20);
Insert into ASSET (ID,ASSET_TYPE_ID) values (300111,20);
Insert into ASSET (ID,ASSET_TYPE_ID) values (300112,20);
Insert into ASSET (ID,ASSET_TYPE_ID) values (300113,20);
Insert into ASSET (ID,ASSET_TYPE_ID) values (300114,20);
Insert into ASSET (ID,ASSET_TYPE_ID) values (300115,20);
Insert into ASSET (ID,ASSET_TYPE_ID) values (300116,20);
Insert into ASSET (ID,ASSET_TYPE_ID) values (300117,20);
Insert into ASSET (ID,ASSET_TYPE_ID) values (300118,20);
Insert into ASSET (ID,ASSET_TYPE_ID) values (300119,20);
Insert into ASSET (ID,ASSET_TYPE_ID) values (300120,20);
Insert into ASSET (ID,ASSET_TYPE_ID) values (300121,20);
Insert into ASSET (ID,ASSET_TYPE_ID) values (300122,20);
Insert into ASSET (ID,ASSET_TYPE_ID) values (300123,20);
Insert into ASSET (ID,ASSET_TYPE_ID) values (300124,20);
Insert into ASSET (ID,ASSET_TYPE_ID) values (300125,20);
Insert into ASSET (ID,ASSET_TYPE_ID) values (300126,20);
Insert into ASSET (ID,ASSET_TYPE_ID) values (300127,20);
Insert into ASSET (ID,ASSET_TYPE_ID) values (300128,20);
Insert into ASSET (ID,ASSET_TYPE_ID) values (300129,20);
Insert into ASSET (ID,ASSET_TYPE_ID) values (300130,20);
Insert into ASSET (ID,ASSET_TYPE_ID) values (300131,20);
Insert into ASSET (ID,ASSET_TYPE_ID) values (300132,20);
Insert into ASSET (ID,ASSET_TYPE_ID) values (300133,20);
Insert into ASSET (ID,ASSET_TYPE_ID) values (300134,20);
Insert into ASSET (ID,ASSET_TYPE_ID) values (300135,20);
Insert into ASSET (ID,ASSET_TYPE_ID) values (300136,20);
Insert into ASSET (ID,ASSET_TYPE_ID) values (300137,20);
Insert into ASSET (ID,ASSET_TYPE_ID) values (300138,20);
Insert into ASSET (ID,ASSET_TYPE_ID) values (300139,20);
Insert into ASSET (ID,ASSET_TYPE_ID) values (300140,20);
Insert into ASSET (ID,ASSET_TYPE_ID) values (300141,20);
Insert into ASSET (ID,ASSET_TYPE_ID) values (300142,20);
Insert into ASSET (ID,ASSET_TYPE_ID) values (300143,20);
Insert into ASSET (ID,ASSET_TYPE_ID) values (300144,20);
Insert into ASSET (ID,ASSET_TYPE_ID) values (300145,20);
Insert into ASSET (ID,ASSET_TYPE_ID) values (300146,20);
Insert into ASSET (ID,ASSET_TYPE_ID) values (300147,20);
Insert into ASSET (ID,ASSET_TYPE_ID) values (300148,20);
Insert into ASSET (ID,ASSET_TYPE_ID) values (300149,20);
Insert into ASSET (ID,ASSET_TYPE_ID) values (300150,20);
Insert into ASSET (ID,ASSET_TYPE_ID) values (300151,20);
Insert into ASSET (ID,ASSET_TYPE_ID) values (300152,20);
Insert into ASSET (ID,ASSET_TYPE_ID) values (300153,20);
Insert into ASSET (ID,ASSET_TYPE_ID) values (300154,20);
Insert into ASSET (ID,ASSET_TYPE_ID) values (300155,20);
Insert into ASSET (ID,ASSET_TYPE_ID) values (300156,20);
Insert into ASSET (ID,ASSET_TYPE_ID) values (300157,20);
Insert into ASSET (ID,ASSET_TYPE_ID) values (300158,20);
Insert into ASSET (ID,ASSET_TYPE_ID) values (300159,20);
Insert into ASSET (ID,ASSET_TYPE_ID) values (300160,20);
Insert into ASSET (ID,ASSET_TYPE_ID) values (300161,20);
Insert into ASSET (ID,ASSET_TYPE_ID) values (300162,20);
Insert into ASSET (ID,ASSET_TYPE_ID) values (300163,20);
Insert into ASSET (ID,ASSET_TYPE_ID) values (300164,20);
Insert into ASSET (ID,ASSET_TYPE_ID) values (300165,20);
Insert into ASSET (ID,ASSET_TYPE_ID) values (300166,20);
Insert into ASSET (ID,ASSET_TYPE_ID) values (300167,20);
Insert into ASSET (ID,ASSET_TYPE_ID) values (300168,20);
Insert into ASSET (ID,ASSET_TYPE_ID) values (300169,20);
Insert into ASSET (ID,ASSET_TYPE_ID) values (300170,20);
Insert into ASSET (ID,ASSET_TYPE_ID) values (300171,20);
Insert into ASSET (ID,ASSET_TYPE_ID) values (300172,20);
Insert into ASSET (ID,ASSET_TYPE_ID) values (300173,20);
Insert into ASSET (ID,ASSET_TYPE_ID) values (300174,20);
Insert into ASSET (ID,ASSET_TYPE_ID) values (300175,20);
Insert into ASSET (ID,ASSET_TYPE_ID) values (300176,20);
Insert into ASSET (ID,ASSET_TYPE_ID) values (300177,20);
Insert into ASSET (ID,ASSET_TYPE_ID) values (300178,20);
Insert into ASSET (ID,ASSET_TYPE_ID) values (300179,20);
Insert into ASSET (ID,ASSET_TYPE_ID) values (300180,20);
Insert into ASSET (ID,ASSET_TYPE_ID) values (300181,20);
Insert into ASSET (ID,ASSET_TYPE_ID) values (300182,20);
Insert into ASSET (ID,ASSET_TYPE_ID) values (300183,20);
Insert into ASSET (ID,ASSET_TYPE_ID) values (300184,20);
Insert into ASSET (ID,ASSET_TYPE_ID) values (300185,20);
Insert into ASSET (ID,ASSET_TYPE_ID) values (300186,20);
Insert into ASSET (ID,ASSET_TYPE_ID) values (300187,20);
Insert into ASSET (ID,ASSET_TYPE_ID) values (300188,20);
Insert into ASSET (ID,ASSET_TYPE_ID) values (300189,20);
Insert into ASSET (ID,ASSET_TYPE_ID) values (300190,20);
Insert into ASSET (ID,ASSET_TYPE_ID) values (300191,20);
Insert into ASSET (ID,ASSET_TYPE_ID) values (300192,20);
Insert into ASSET (ID,ASSET_TYPE_ID) values (300193,20);
Insert into ASSET (ID,ASSET_TYPE_ID) values (300194,20);
Insert into ASSET (ID,ASSET_TYPE_ID) values (300195,20);
Insert into ASSET (ID,ASSET_TYPE_ID) values (300196,20);
Insert into ASSET (ID,ASSET_TYPE_ID) values (300197,20);
Insert into ASSET (ID,ASSET_TYPE_ID) values (300198,20);
Insert into ASSET (ID,ASSET_TYPE_ID) values (300199,20);
Insert into ASSET (ID,ASSET_TYPE_ID) values (300200,20);
Insert into ASSET (ID,ASSET_TYPE_ID) values (300201,20);
Insert into ASSET (ID,ASSET_TYPE_ID) values (300202,20);
Insert into ASSET (ID,ASSET_TYPE_ID) values (300203,20);
Insert into ASSET (ID,ASSET_TYPE_ID) values (300204,20);
Insert into ASSET (ID,ASSET_TYPE_ID) values (300205,20);
Insert into ASSET (ID,ASSET_TYPE_ID) values (300206,20);
Insert into ASSET (ID,ASSET_TYPE_ID) values (300207,20);
Insert into ASSET (ID,ASSET_TYPE_ID) values (300208,20);
Insert into ASSET (ID,ASSET_TYPE_ID) values (300209,20);
Insert into ASSET (ID,ASSET_TYPE_ID) values (300210,20);
Insert into ASSET (ID,ASSET_TYPE_ID) values (300211,20);
Insert into ASSET (ID,ASSET_TYPE_ID) values (300212,20);
Insert into ASSET (ID,ASSET_TYPE_ID) values (300213,20);
Insert into ASSET (ID,ASSET_TYPE_ID) values (300214,20);
Insert into ASSET (ID,ASSET_TYPE_ID) values (300215,20);
Insert into ASSET (ID,ASSET_TYPE_ID) values (300216,20);
Insert into ASSET (ID,ASSET_TYPE_ID) values (300217,20);
Insert into ASSET (ID,ASSET_TYPE_ID) values (300218,20);
Insert into ASSET (ID,ASSET_TYPE_ID) values (300219,20);
Insert into ASSET (ID,ASSET_TYPE_ID) values (300220,20);
Insert into ASSET (ID,ASSET_TYPE_ID) values (300221,20);
Insert into ASSET (ID,ASSET_TYPE_ID) values (300222,20);
Insert into ASSET (ID,ASSET_TYPE_ID) values (300223,20);
Insert into ASSET (ID,ASSET_TYPE_ID) values (300224,20);
Insert into ASSET (ID,ASSET_TYPE_ID) values (300225,20);
Insert into ASSET (ID,ASSET_TYPE_ID) values (300226,20);
Insert into ASSET (ID,ASSET_TYPE_ID) values (300227,20);
Insert into ASSET (ID,ASSET_TYPE_ID) values (300228,20);
Insert into ASSET (ID,ASSET_TYPE_ID) values (300229,20);
Insert into ASSET (ID,ASSET_TYPE_ID) values (300230,20);
Insert into ASSET (ID,ASSET_TYPE_ID) values (300231,20);
Insert into ASSET (ID,ASSET_TYPE_ID) values (300232,20);
Insert into ASSET (ID,ASSET_TYPE_ID) values (300233,20);
Insert into ASSET (ID,ASSET_TYPE_ID) values (300234,20);
Insert into ASSET (ID,ASSET_TYPE_ID) values (300235,20);
Insert into ASSET (ID,ASSET_TYPE_ID) values (300236,20);
Insert into ASSET (ID,ASSET_TYPE_ID) values (300237,20);
Insert into ASSET (ID,ASSET_TYPE_ID) values (300238,20);
Insert into ASSET (ID,ASSET_TYPE_ID) values (300239,20);
Insert into ASSET (ID,ASSET_TYPE_ID) values (300240,20);
Insert into ASSET (ID,ASSET_TYPE_ID) values (300241,20);
Insert into ASSET (ID,ASSET_TYPE_ID) values (300242,20);
Insert into ASSET (ID,ASSET_TYPE_ID) values (300243,20);
Insert into ASSET (ID,ASSET_TYPE_ID) values (300244,20);
Insert into ASSET (ID,ASSET_TYPE_ID) values (300245,20);
Insert into ASSET (ID,ASSET_TYPE_ID) values (300246,20);
Insert into ASSET (ID,ASSET_TYPE_ID) values (300247,20);
Insert into ASSET (ID,ASSET_TYPE_ID) values (300248,20);
Insert into ASSET (ID,ASSET_TYPE_ID) values (300249,20);
Insert into ASSET (ID,ASSET_TYPE_ID) values (300250,20);
Insert into ASSET (ID,ASSET_TYPE_ID) values (300265,20);
Insert into ASSET (ID,ASSET_TYPE_ID) values (300280,20);
Insert into ASSET (ID,ASSET_TYPE_ID) values (300281,20);
Insert into ASSET (ID,ASSET_TYPE_ID) values (300302,20);
Insert into ASSET (ID,ASSET_TYPE_ID) values (300303,20);
Insert into ASSET (ID,ASSET_TYPE_ID) values (300304,20);
Insert into ASSET (ID,ASSET_TYPE_ID) values (300305,20);
Insert into ASSET (ID,ASSET_TYPE_ID) values (300340,20);
Insert into ASSET (ID,ASSET_TYPE_ID) values (300341,20);
Insert into ASSET (ID,ASSET_TYPE_ID) values (300092,20);
Insert into ASSET (ID,ASSET_TYPE_ID) values (300093,20);
Insert into ASSET (ID,ASSET_TYPE_ID) values (300251,20);
Insert into ASSET (ID,ASSET_TYPE_ID) values (300252,20);
Insert into ASSET (ID,ASSET_TYPE_ID) values (300253,20);
Insert into ASSET (ID,ASSET_TYPE_ID) values (300254,20);
Insert into ASSET (ID,ASSET_TYPE_ID) values (300259,20);
Insert into ASSET (ID,ASSET_TYPE_ID) values (300260,20);
Insert into ASSET (ID,ASSET_TYPE_ID) values (300261,20);
Insert into ASSET (ID,ASSET_TYPE_ID) values (300262,20);
Insert into ASSET (ID,ASSET_TYPE_ID) values (300263,20);
Insert into ASSET (ID,ASSET_TYPE_ID) values (300264,20);
Insert into ASSET (ID,ASSET_TYPE_ID) values (300266,20);
Insert into ASSET (ID,ASSET_TYPE_ID) values (300267,20);
Insert into ASSET (ID,ASSET_TYPE_ID) values (300268,20);
Insert into ASSET (ID,ASSET_TYPE_ID) values (300269,20);
Insert into ASSET (ID,ASSET_TYPE_ID) values (300270,20);
Insert into ASSET (ID,ASSET_TYPE_ID) values (300271,20);
Insert into ASSET (ID,ASSET_TYPE_ID) values (300272,20);
Insert into ASSET (ID,ASSET_TYPE_ID) values (300273,20);
Insert into ASSET (ID,ASSET_TYPE_ID) values (300274,20);
Insert into ASSET (ID,ASSET_TYPE_ID) values (300275,20);
Insert into ASSET (ID,ASSET_TYPE_ID) values (300276,20);
Insert into ASSET (ID,ASSET_TYPE_ID) values (300277,20);
Insert into ASSET (ID,ASSET_TYPE_ID) values (300278,20);
Insert into ASSET (ID,ASSET_TYPE_ID) values (300279,20);
Insert into ASSET (ID,ASSET_TYPE_ID) values (300287,20);
Insert into ASSET (ID,ASSET_TYPE_ID) values (300288,20);
Insert into ASSET (ID,ASSET_TYPE_ID) values (300289,20);
Insert into ASSET (ID,ASSET_TYPE_ID) values (300290,20);
Insert into ASSET (ID,ASSET_TYPE_ID) values (300291,20);
Insert into ASSET (ID,ASSET_TYPE_ID) values (300321,20);
Insert into ASSET (ID,ASSET_TYPE_ID) values (300346,20);
Insert into ASSET (ID,ASSET_TYPE_ID) values (300347,20);
Insert into ASSET (ID,ASSET_TYPE_ID) values (300348,20);
Insert into ASSET (ID,ASSET_TYPE_ID) values (300349,20);

-- select al.asset_id, al.position_id from asset_link al join asset a on a.id = al.asset_id where a.asset_type_id = 20;
Insert into ASSET_LINK (ASSET_ID,POSITION_ID) values (300309,40000360);
Insert into ASSET_LINK (ASSET_ID,POSITION_ID) values (300310,40000361);
Insert into ASSET_LINK (ASSET_ID,POSITION_ID) values (300311,40000362);
Insert into ASSET_LINK (ASSET_ID,POSITION_ID) values (300320,40000376);
Insert into ASSET_LINK (ASSET_ID,POSITION_ID) values (300342,40000424);
Insert into ASSET_LINK (ASSET_ID,POSITION_ID) values (300343,40000425);
Insert into ASSET_LINK (ASSET_ID,POSITION_ID) values (300350,40000435);
Insert into ASSET_LINK (ASSET_ID,POSITION_ID) values (300351,40000436);
Insert into ASSET_LINK (ASSET_ID,POSITION_ID) values (300352,40000437);
Insert into ASSET_LINK (ASSET_ID,POSITION_ID) values (300353,40000438);
Insert into ASSET_LINK (ASSET_ID,POSITION_ID) values (300353,40000439);
Insert into ASSET_LINK (ASSET_ID,POSITION_ID) values (300353,40000440);
Insert into ASSET_LINK (ASSET_ID,POSITION_ID) values (300282,40000317);
Insert into ASSET_LINK (ASSET_ID,POSITION_ID) values (300283,40000318);
Insert into ASSET_LINK (ASSET_ID,POSITION_ID) values (300284,40000319);
Insert into ASSET_LINK (ASSET_ID,POSITION_ID) values (300285,40000320);
Insert into ASSET_LINK (ASSET_ID,POSITION_ID) values (300285,40000321);
Insert into ASSET_LINK (ASSET_ID,POSITION_ID) values (300285,40000322);
Insert into ASSET_LINK (ASSET_ID,POSITION_ID) values (300285,40000323);
Insert into ASSET_LINK (ASSET_ID,POSITION_ID) values (300285,40000324);
Insert into ASSET_LINK (ASSET_ID,POSITION_ID) values (300286,40000325);
Insert into ASSET_LINK (ASSET_ID,POSITION_ID) values (300286,40000326);
Insert into ASSET_LINK (ASSET_ID,POSITION_ID) values (300312,40000363);
Insert into ASSET_LINK (ASSET_ID,POSITION_ID) values (300312,40000364);
Insert into ASSET_LINK (ASSET_ID,POSITION_ID) values (300312,40000365);
Insert into ASSET_LINK (ASSET_ID,POSITION_ID) values (300313,40000366);
Insert into ASSET_LINK (ASSET_ID,POSITION_ID) values (300314,40000367);
Insert into ASSET_LINK (ASSET_ID,POSITION_ID) values (300315,40000368);
Insert into ASSET_LINK (ASSET_ID,POSITION_ID) values (300316,40000369);
Insert into ASSET_LINK (ASSET_ID,POSITION_ID) values (300317,40000370);
Insert into ASSET_LINK (ASSET_ID,POSITION_ID) values (300317,40000371);
Insert into ASSET_LINK (ASSET_ID,POSITION_ID) values (300317,40000372);
Insert into ASSET_LINK (ASSET_ID,POSITION_ID) values (300318,40000373);
Insert into ASSET_LINK (ASSET_ID,POSITION_ID) values (300318,40000374);
Insert into ASSET_LINK (ASSET_ID,POSITION_ID) values (300319,40000375);
Insert into ASSET_LINK (ASSET_ID,POSITION_ID) values (300322,40000380);
Insert into ASSET_LINK (ASSET_ID,POSITION_ID) values (300322,40000381);
Insert into ASSET_LINK (ASSET_ID,POSITION_ID) values (300322,40000382);
Insert into ASSET_LINK (ASSET_ID,POSITION_ID) values (300322,40000383);
Insert into ASSET_LINK (ASSET_ID,POSITION_ID) values (300322,40000384);
Insert into ASSET_LINK (ASSET_ID,POSITION_ID) values (300322,40000385);
Insert into ASSET_LINK (ASSET_ID,POSITION_ID) values (300322,40000386);
Insert into ASSET_LINK (ASSET_ID,POSITION_ID) values (300322,40000387);
Insert into ASSET_LINK (ASSET_ID,POSITION_ID) values (300323,40000388);
Insert into ASSET_LINK (ASSET_ID,POSITION_ID) values (300323,40000389);
Insert into ASSET_LINK (ASSET_ID,POSITION_ID) values (300323,40000390);
Insert into ASSET_LINK (ASSET_ID,POSITION_ID) values (300324,40000391);
Insert into ASSET_LINK (ASSET_ID,POSITION_ID) values (300325,40000392);
Insert into ASSET_LINK (ASSET_ID,POSITION_ID) values (300326,40000393);
Insert into ASSET_LINK (ASSET_ID,POSITION_ID) values (300327,40000394);
Insert into ASSET_LINK (ASSET_ID,POSITION_ID) values (300328,40000395);
Insert into ASSET_LINK (ASSET_ID,POSITION_ID) values (300329,40000396);
Insert into ASSET_LINK (ASSET_ID,POSITION_ID) values (300330,40000397);
Insert into ASSET_LINK (ASSET_ID,POSITION_ID) values (300331,40000398);
Insert into ASSET_LINK (ASSET_ID,POSITION_ID) values (300332,40000399);
Insert into ASSET_LINK (ASSET_ID,POSITION_ID) values (300333,40000400);
Insert into ASSET_LINK (ASSET_ID,POSITION_ID) values (300333,40000401);
Insert into ASSET_LINK (ASSET_ID,POSITION_ID) values (300333,40000402);
Insert into ASSET_LINK (ASSET_ID,POSITION_ID) values (300333,40000403);
Insert into ASSET_LINK (ASSET_ID,POSITION_ID) values (300333,40000404);
Insert into ASSET_LINK (ASSET_ID,POSITION_ID) values (300333,40000405);
Insert into ASSET_LINK (ASSET_ID,POSITION_ID) values (300333,40000406);
Insert into ASSET_LINK (ASSET_ID,POSITION_ID) values (300333,40000407);
Insert into ASSET_LINK (ASSET_ID,POSITION_ID) values (300333,40000408);
Insert into ASSET_LINK (ASSET_ID,POSITION_ID) values (300333,40000409);
Insert into ASSET_LINK (ASSET_ID,POSITION_ID) values (300333,40000410);
Insert into ASSET_LINK (ASSET_ID,POSITION_ID) values (300333,40000411);
Insert into ASSET_LINK (ASSET_ID,POSITION_ID) values (300333,40000412);
Insert into ASSET_LINK (ASSET_ID,POSITION_ID) values (300334,40000413);
Insert into ASSET_LINK (ASSET_ID,POSITION_ID) values (300335,40000414);
Insert into ASSET_LINK (ASSET_ID,POSITION_ID) values (300336,40000415);
Insert into ASSET_LINK (ASSET_ID,POSITION_ID) values (300354,40000441);
Insert into ASSET_LINK (ASSET_ID,POSITION_ID) values (300355,40000442);
Insert into ASSET_LINK (ASSET_ID,POSITION_ID) values (300356,40000443);
Insert into ASSET_LINK (ASSET_ID,POSITION_ID) values (300094,40000002);
Insert into ASSET_LINK (ASSET_ID,POSITION_ID) values (300255,40000278);
Insert into ASSET_LINK (ASSET_ID,POSITION_ID) values (300256,40000279);
Insert into ASSET_LINK (ASSET_ID,POSITION_ID) values (300257,40000280);
Insert into ASSET_LINK (ASSET_ID,POSITION_ID) values (300258,40000281);
Insert into ASSET_LINK (ASSET_ID,POSITION_ID) values (300258,40000282);
Insert into ASSET_LINK (ASSET_ID,POSITION_ID) values (300292,40000335);
Insert into ASSET_LINK (ASSET_ID,POSITION_ID) values (300293,40000336);
Insert into ASSET_LINK (ASSET_ID,POSITION_ID) values (300294,40000337);
Insert into ASSET_LINK (ASSET_ID,POSITION_ID) values (300295,40000338);
Insert into ASSET_LINK (ASSET_ID,POSITION_ID) values (300296,40000339);
Insert into ASSET_LINK (ASSET_ID,POSITION_ID) values (300296,40000340);
Insert into ASSET_LINK (ASSET_ID,POSITION_ID) values (300296,40000341);
Insert into ASSET_LINK (ASSET_ID,POSITION_ID) values (300296,40000342);
Insert into ASSET_LINK (ASSET_ID,POSITION_ID) values (300297,40000343);
Insert into ASSET_LINK (ASSET_ID,POSITION_ID) values (300298,40000344);
Insert into ASSET_LINK (ASSET_ID,POSITION_ID) values (300299,40000345);
Insert into ASSET_LINK (ASSET_ID,POSITION_ID) values (300300,40000346);
Insert into ASSET_LINK (ASSET_ID,POSITION_ID) values (300300,40000347);
Insert into ASSET_LINK (ASSET_ID,POSITION_ID) values (300301,40000348);
Insert into ASSET_LINK (ASSET_ID,POSITION_ID) values (300306,40000354);
Insert into ASSET_LINK (ASSET_ID,POSITION_ID) values (300307,40000355);
Insert into ASSET_LINK (ASSET_ID,POSITION_ID) values (300307,40000356);
Insert into ASSET_LINK (ASSET_ID,POSITION_ID) values (300307,40000357);
Insert into ASSET_LINK (ASSET_ID,POSITION_ID) values (300308,40000358);
Insert into ASSET_LINK (ASSET_ID,POSITION_ID) values (300308,40000359);
Insert into ASSET_LINK (ASSET_ID,POSITION_ID) values (300337,40000416);
Insert into ASSET_LINK (ASSET_ID,POSITION_ID) values (300337,40000417);
Insert into ASSET_LINK (ASSET_ID,POSITION_ID) values (300338,40000418);
Insert into ASSET_LINK (ASSET_ID,POSITION_ID) values (300338,40000419);
Insert into ASSET_LINK (ASSET_ID,POSITION_ID) values (300338,40000420);
Insert into ASSET_LINK (ASSET_ID,POSITION_ID) values (300339,40000421);
Insert into ASSET_LINK (ASSET_ID,POSITION_ID) values (300344,40000426);
Insert into ASSET_LINK (ASSET_ID,POSITION_ID) values (300344,40000427);
Insert into ASSET_LINK (ASSET_ID,POSITION_ID) values (300344,40000428);
Insert into ASSET_LINK (ASSET_ID,POSITION_ID) values (300344,40000429);
Insert into ASSET_LINK (ASSET_ID,POSITION_ID) values (300345,40000430);
Insert into ASSET_LINK (ASSET_ID,POSITION_ID) values (300357,40000444);
Insert into ASSET_LINK (ASSET_ID,POSITION_ID) values (300357,40000445);
Insert into ASSET_LINK (ASSET_ID,POSITION_ID) values (300357,40000446);
Insert into ASSET_LINK (ASSET_ID,POSITION_ID) values (300357,40000447);
Insert into ASSET_LINK (ASSET_ID,POSITION_ID) values (300357,40000448);
Insert into ASSET_LINK (ASSET_ID,POSITION_ID) values (300357,40000449);
Insert into ASSET_LINK (ASSET_ID,POSITION_ID) values (300357,40000450);
Insert into ASSET_LINK (ASSET_ID,POSITION_ID) values (300357,40000451);
Insert into ASSET_LINK (ASSET_ID,POSITION_ID) values (300357,40000452);
Insert into ASSET_LINK (ASSET_ID,POSITION_ID) values (300357,40000453);
Insert into ASSET_LINK (ASSET_ID,POSITION_ID) values (300357,40000454);
Insert into ASSET_LINK (ASSET_ID,POSITION_ID) values (300357,40000455);
Insert into ASSET_LINK (ASSET_ID,POSITION_ID) values (300357,40000456);
Insert into ASSET_LINK (ASSET_ID,POSITION_ID) values (300357,40000457);
Insert into ASSET_LINK (ASSET_ID,POSITION_ID) values (300357,40000458);
Insert into ASSET_LINK (ASSET_ID,POSITION_ID) values (300357,40000459);
Insert into ASSET_LINK (ASSET_ID,POSITION_ID) values (300357,40000460);
Insert into ASSET_LINK (ASSET_ID,POSITION_ID) values (300357,40000461);
Insert into ASSET_LINK (ASSET_ID,POSITION_ID) values (300357,40000462);
Insert into ASSET_LINK (ASSET_ID,POSITION_ID) values (300357,40000463);
Insert into ASSET_LINK (ASSET_ID,POSITION_ID) values (300358,40000464);
Insert into ASSET_LINK (ASSET_ID,POSITION_ID) values (300359,40000465);
Insert into ASSET_LINK (ASSET_ID,POSITION_ID) values (300360,40000466);
Insert into ASSET_LINK (ASSET_ID,POSITION_ID) values (300360,40000467);
Insert into ASSET_LINK (ASSET_ID,POSITION_ID) values (300360,40000468);
Insert into ASSET_LINK (ASSET_ID,POSITION_ID) values (300360,40000469);
Insert into ASSET_LINK (ASSET_ID,POSITION_ID) values (300360,40000470);
Insert into ASSET_LINK (ASSET_ID,POSITION_ID) values (300360,40000471);
Insert into ASSET_LINK (ASSET_ID,POSITION_ID) values (300360,40000472);
Insert into ASSET_LINK (ASSET_ID,POSITION_ID) values (300361,40000473);
Insert into ASSET_LINK (ASSET_ID,POSITION_ID) values (300362,40000474);
Insert into ASSET_LINK (ASSET_ID,POSITION_ID) values (300363,40000475);
Insert into ASSET_LINK (ASSET_ID,POSITION_ID) values (300363,40000476);
Insert into ASSET_LINK (ASSET_ID,POSITION_ID) values (300363,40000477);
Insert into ASSET_LINK (ASSET_ID,POSITION_ID) values (300363,40000478);
Insert into ASSET_LINK (ASSET_ID,POSITION_ID) values (300363,40000479);
Insert into ASSET_LINK (ASSET_ID,POSITION_ID) values (300363,40000480);
Insert into ASSET_LINK (ASSET_ID,POSITION_ID) values (300095,40000003);
Insert into ASSET_LINK (ASSET_ID,POSITION_ID) values (300096,40000004);
Insert into ASSET_LINK (ASSET_ID,POSITION_ID) values (300097,40000005);
Insert into ASSET_LINK (ASSET_ID,POSITION_ID) values (300098,40000006);
Insert into ASSET_LINK (ASSET_ID,POSITION_ID) values (300099,40000007);
Insert into ASSET_LINK (ASSET_ID,POSITION_ID) values (300100,40000008);
Insert into ASSET_LINK (ASSET_ID,POSITION_ID) values (300101,40000009);
Insert into ASSET_LINK (ASSET_ID,POSITION_ID) values (300102,40000010);
Insert into ASSET_LINK (ASSET_ID,POSITION_ID) values (300103,40000011);
Insert into ASSET_LINK (ASSET_ID,POSITION_ID) values (300104,40000012);
Insert into ASSET_LINK (ASSET_ID,POSITION_ID) values (300105,40000013);
Insert into ASSET_LINK (ASSET_ID,POSITION_ID) values (300106,40000014);
Insert into ASSET_LINK (ASSET_ID,POSITION_ID) values (300107,40000015);
Insert into ASSET_LINK (ASSET_ID,POSITION_ID) values (300107,40000016);
Insert into ASSET_LINK (ASSET_ID,POSITION_ID) values (300108,40000017);
Insert into ASSET_LINK (ASSET_ID,POSITION_ID) values (300109,40000018);
Insert into ASSET_LINK (ASSET_ID,POSITION_ID) values (300110,40000019);
Insert into ASSET_LINK (ASSET_ID,POSITION_ID) values (300111,40000020);
Insert into ASSET_LINK (ASSET_ID,POSITION_ID) values (300111,40000021);
Insert into ASSET_LINK (ASSET_ID,POSITION_ID) values (300112,40000022);
Insert into ASSET_LINK (ASSET_ID,POSITION_ID) values (300113,40000023);
Insert into ASSET_LINK (ASSET_ID,POSITION_ID) values (300114,40000024);
Insert into ASSET_LINK (ASSET_ID,POSITION_ID) values (300114,40000025);
Insert into ASSET_LINK (ASSET_ID,POSITION_ID) values (300114,40000026);
Insert into ASSET_LINK (ASSET_ID,POSITION_ID) values (300115,40000027);
Insert into ASSET_LINK (ASSET_ID,POSITION_ID) values (300116,40000028);
Insert into ASSET_LINK (ASSET_ID,POSITION_ID) values (300117,40000029);
Insert into ASSET_LINK (ASSET_ID,POSITION_ID) values (300118,40000030);
Insert into ASSET_LINK (ASSET_ID,POSITION_ID) values (300118,40000031);
Insert into ASSET_LINK (ASSET_ID,POSITION_ID) values (300119,40000032);
Insert into ASSET_LINK (ASSET_ID,POSITION_ID) values (300120,40000033);
Insert into ASSET_LINK (ASSET_ID,POSITION_ID) values (300121,40000034);
Insert into ASSET_LINK (ASSET_ID,POSITION_ID) values (300122,40000035);
Insert into ASSET_LINK (ASSET_ID,POSITION_ID) values (300123,40000036);
Insert into ASSET_LINK (ASSET_ID,POSITION_ID) values (300124,40000037);
Insert into ASSET_LINK (ASSET_ID,POSITION_ID) values (300125,40000038);
Insert into ASSET_LINK (ASSET_ID,POSITION_ID) values (300126,40000039);
Insert into ASSET_LINK (ASSET_ID,POSITION_ID) values (300127,40000040);
Insert into ASSET_LINK (ASSET_ID,POSITION_ID) values (300128,40000041);
Insert into ASSET_LINK (ASSET_ID,POSITION_ID) values (300129,40000042);
Insert into ASSET_LINK (ASSET_ID,POSITION_ID) values (300130,40000043);
Insert into ASSET_LINK (ASSET_ID,POSITION_ID) values (300131,40000044);
Insert into ASSET_LINK (ASSET_ID,POSITION_ID) values (300132,40000045);
Insert into ASSET_LINK (ASSET_ID,POSITION_ID) values (300133,40000046);
Insert into ASSET_LINK (ASSET_ID,POSITION_ID) values (300134,40000047);
Insert into ASSET_LINK (ASSET_ID,POSITION_ID) values (300135,40000048);
Insert into ASSET_LINK (ASSET_ID,POSITION_ID) values (300136,40000049);
Insert into ASSET_LINK (ASSET_ID,POSITION_ID) values (300137,40000050);
Insert into ASSET_LINK (ASSET_ID,POSITION_ID) values (300138,40000051);
Insert into ASSET_LINK (ASSET_ID,POSITION_ID) values (300138,40000052);
Insert into ASSET_LINK (ASSET_ID,POSITION_ID) values (300139,40000053);
Insert into ASSET_LINK (ASSET_ID,POSITION_ID) values (300140,40000054);
Insert into ASSET_LINK (ASSET_ID,POSITION_ID) values (300141,40000055);
Insert into ASSET_LINK (ASSET_ID,POSITION_ID) values (300142,40000056);
Insert into ASSET_LINK (ASSET_ID,POSITION_ID) values (300143,40000057);
Insert into ASSET_LINK (ASSET_ID,POSITION_ID) values (300144,40000058);
Insert into ASSET_LINK (ASSET_ID,POSITION_ID) values (300144,40000059);
Insert into ASSET_LINK (ASSET_ID,POSITION_ID) values (300145,40000060);
Insert into ASSET_LINK (ASSET_ID,POSITION_ID) values (300145,40000061);
Insert into ASSET_LINK (ASSET_ID,POSITION_ID) values (300146,40000062);
Insert into ASSET_LINK (ASSET_ID,POSITION_ID) values (300146,40000063);
Insert into ASSET_LINK (ASSET_ID,POSITION_ID) values (300147,40000064);
Insert into ASSET_LINK (ASSET_ID,POSITION_ID) values (300148,40000065);
Insert into ASSET_LINK (ASSET_ID,POSITION_ID) values (300149,40000066);
Insert into ASSET_LINK (ASSET_ID,POSITION_ID) values (300149,40000067);
Insert into ASSET_LINK (ASSET_ID,POSITION_ID) values (300149,40000068);
Insert into ASSET_LINK (ASSET_ID,POSITION_ID) values (300150,40000069);
Insert into ASSET_LINK (ASSET_ID,POSITION_ID) values (300151,40000070);
Insert into ASSET_LINK (ASSET_ID,POSITION_ID) values (300151,40000071);
Insert into ASSET_LINK (ASSET_ID,POSITION_ID) values (300152,40000072);
Insert into ASSET_LINK (ASSET_ID,POSITION_ID) values (300152,40000073);
Insert into ASSET_LINK (ASSET_ID,POSITION_ID) values (300153,40000074);
Insert into ASSET_LINK (ASSET_ID,POSITION_ID) values (300154,40000075);
Insert into ASSET_LINK (ASSET_ID,POSITION_ID) values (300155,40000076);
Insert into ASSET_LINK (ASSET_ID,POSITION_ID) values (300155,40000077);
Insert into ASSET_LINK (ASSET_ID,POSITION_ID) values (300156,40000078);
Insert into ASSET_LINK (ASSET_ID,POSITION_ID) values (300157,40000079);
Insert into ASSET_LINK (ASSET_ID,POSITION_ID) values (300157,40000080);
Insert into ASSET_LINK (ASSET_ID,POSITION_ID) values (300157,40000081);
Insert into ASSET_LINK (ASSET_ID,POSITION_ID) values (300157,40000082);
Insert into ASSET_LINK (ASSET_ID,POSITION_ID) values (300158,40000083);
Insert into ASSET_LINK (ASSET_ID,POSITION_ID) values (300159,40000084);
Insert into ASSET_LINK (ASSET_ID,POSITION_ID) values (300160,40000085);
Insert into ASSET_LINK (ASSET_ID,POSITION_ID) values (300160,40000086);
Insert into ASSET_LINK (ASSET_ID,POSITION_ID) values (300160,40000087);
Insert into ASSET_LINK (ASSET_ID,POSITION_ID) values (300160,40000088);
Insert into ASSET_LINK (ASSET_ID,POSITION_ID) values (300161,40000089);
Insert into ASSET_LINK (ASSET_ID,POSITION_ID) values (300162,40000090);
Insert into ASSET_LINK (ASSET_ID,POSITION_ID) values (300162,40000091);
Insert into ASSET_LINK (ASSET_ID,POSITION_ID) values (300162,40000092);
Insert into ASSET_LINK (ASSET_ID,POSITION_ID) values (300163,40000093);
Insert into ASSET_LINK (ASSET_ID,POSITION_ID) values (300164,40000094);
Insert into ASSET_LINK (ASSET_ID,POSITION_ID) values (300164,40000095);
Insert into ASSET_LINK (ASSET_ID,POSITION_ID) values (300164,40000096);
Insert into ASSET_LINK (ASSET_ID,POSITION_ID) values (300164,40000097);
Insert into ASSET_LINK (ASSET_ID,POSITION_ID) values (300165,40000098);
Insert into ASSET_LINK (ASSET_ID,POSITION_ID) values (300166,40000099);
Insert into ASSET_LINK (ASSET_ID,POSITION_ID) values (300167,40000100);
Insert into ASSET_LINK (ASSET_ID,POSITION_ID) values (300167,40000101);
Insert into ASSET_LINK (ASSET_ID,POSITION_ID) values (300167,40000102);
Insert into ASSET_LINK (ASSET_ID,POSITION_ID) values (300168,40000103);
Insert into ASSET_LINK (ASSET_ID,POSITION_ID) values (300168,40000104);
Insert into ASSET_LINK (ASSET_ID,POSITION_ID) values (300169,40000105);
Insert into ASSET_LINK (ASSET_ID,POSITION_ID) values (300169,40000106);
Insert into ASSET_LINK (ASSET_ID,POSITION_ID) values (300169,40000107);
Insert into ASSET_LINK (ASSET_ID,POSITION_ID) values (300169,40000108);
Insert into ASSET_LINK (ASSET_ID,POSITION_ID) values (300170,40000109);
Insert into ASSET_LINK (ASSET_ID,POSITION_ID) values (300171,40000110);
Insert into ASSET_LINK (ASSET_ID,POSITION_ID) values (300172,40000111);
Insert into ASSET_LINK (ASSET_ID,POSITION_ID) values (300173,40000112);
Insert into ASSET_LINK (ASSET_ID,POSITION_ID) values (300174,40000113);
Insert into ASSET_LINK (ASSET_ID,POSITION_ID) values (300174,40000114);
Insert into ASSET_LINK (ASSET_ID,POSITION_ID) values (300174,40000115);
Insert into ASSET_LINK (ASSET_ID,POSITION_ID) values (300174,40000116);
Insert into ASSET_LINK (ASSET_ID,POSITION_ID) values (300174,40000117);
Insert into ASSET_LINK (ASSET_ID,POSITION_ID) values (300174,40000118);
Insert into ASSET_LINK (ASSET_ID,POSITION_ID) values (300175,40000119);
Insert into ASSET_LINK (ASSET_ID,POSITION_ID) values (300175,40000120);
Insert into ASSET_LINK (ASSET_ID,POSITION_ID) values (300175,40000121);
Insert into ASSET_LINK (ASSET_ID,POSITION_ID) values (300175,40000122);
Insert into ASSET_LINK (ASSET_ID,POSITION_ID) values (300175,40000123);
Insert into ASSET_LINK (ASSET_ID,POSITION_ID) values (300175,40000124);
Insert into ASSET_LINK (ASSET_ID,POSITION_ID) values (300176,40000125);
Insert into ASSET_LINK (ASSET_ID,POSITION_ID) values (300177,40000126);
Insert into ASSET_LINK (ASSET_ID,POSITION_ID) values (300178,40000127);
Insert into ASSET_LINK (ASSET_ID,POSITION_ID) values (300178,40000128);
Insert into ASSET_LINK (ASSET_ID,POSITION_ID) values (300178,40000129);
Insert into ASSET_LINK (ASSET_ID,POSITION_ID) values (300179,40000130);
Insert into ASSET_LINK (ASSET_ID,POSITION_ID) values (300180,40000131);
Insert into ASSET_LINK (ASSET_ID,POSITION_ID) values (300181,40000132);
Insert into ASSET_LINK (ASSET_ID,POSITION_ID) values (300181,40000133);
Insert into ASSET_LINK (ASSET_ID,POSITION_ID) values (300181,40000134);
Insert into ASSET_LINK (ASSET_ID,POSITION_ID) values (300182,40000135);
Insert into ASSET_LINK (ASSET_ID,POSITION_ID) values (300182,40000136);
Insert into ASSET_LINK (ASSET_ID,POSITION_ID) values (300182,40000137);
Insert into ASSET_LINK (ASSET_ID,POSITION_ID) values (300182,40000138);
Insert into ASSET_LINK (ASSET_ID,POSITION_ID) values (300182,40000139);
Insert into ASSET_LINK (ASSET_ID,POSITION_ID) values (300182,40000140);
Insert into ASSET_LINK (ASSET_ID,POSITION_ID) values (300182,40000141);
Insert into ASSET_LINK (ASSET_ID,POSITION_ID) values (300183,40000142);
Insert into ASSET_LINK (ASSET_ID,POSITION_ID) values (300183,40000143);
Insert into ASSET_LINK (ASSET_ID,POSITION_ID) values (300184,40000144);
Insert into ASSET_LINK (ASSET_ID,POSITION_ID) values (300185,40000145);
Insert into ASSET_LINK (ASSET_ID,POSITION_ID) values (300185,40000146);
Insert into ASSET_LINK (ASSET_ID,POSITION_ID) values (300186,40000147);
Insert into ASSET_LINK (ASSET_ID,POSITION_ID) values (300187,40000148);
Insert into ASSET_LINK (ASSET_ID,POSITION_ID) values (300188,40000149);
Insert into ASSET_LINK (ASSET_ID,POSITION_ID) values (300188,40000150);
Insert into ASSET_LINK (ASSET_ID,POSITION_ID) values (300188,40000151);
Insert into ASSET_LINK (ASSET_ID,POSITION_ID) values (300188,40000152);
Insert into ASSET_LINK (ASSET_ID,POSITION_ID) values (300188,40000153);
Insert into ASSET_LINK (ASSET_ID,POSITION_ID) values (300188,40000154);
Insert into ASSET_LINK (ASSET_ID,POSITION_ID) values (300188,40000155);
Insert into ASSET_LINK (ASSET_ID,POSITION_ID) values (300188,40000156);
Insert into ASSET_LINK (ASSET_ID,POSITION_ID) values (300188,40000157);
Insert into ASSET_LINK (ASSET_ID,POSITION_ID) values (300188,40000158);
Insert into ASSET_LINK (ASSET_ID,POSITION_ID) values (300189,40000159);
Insert into ASSET_LINK (ASSET_ID,POSITION_ID) values (300190,40000160);
Insert into ASSET_LINK (ASSET_ID,POSITION_ID) values (300191,40000161);
Insert into ASSET_LINK (ASSET_ID,POSITION_ID) values (300192,40000162);
Insert into ASSET_LINK (ASSET_ID,POSITION_ID) values (300193,40000163);
Insert into ASSET_LINK (ASSET_ID,POSITION_ID) values (300194,40000164);
Insert into ASSET_LINK (ASSET_ID,POSITION_ID) values (300195,40000165);
Insert into ASSET_LINK (ASSET_ID,POSITION_ID) values (300196,40000166);
Insert into ASSET_LINK (ASSET_ID,POSITION_ID) values (300196,40000167);
Insert into ASSET_LINK (ASSET_ID,POSITION_ID) values (300197,40000168);
Insert into ASSET_LINK (ASSET_ID,POSITION_ID) values (300197,40000169);
Insert into ASSET_LINK (ASSET_ID,POSITION_ID) values (300197,40000170);
Insert into ASSET_LINK (ASSET_ID,POSITION_ID) values (300197,40000171);
Insert into ASSET_LINK (ASSET_ID,POSITION_ID) values (300197,40000172);
Insert into ASSET_LINK (ASSET_ID,POSITION_ID) values (300197,40000173);
Insert into ASSET_LINK (ASSET_ID,POSITION_ID) values (300197,40000174);
Insert into ASSET_LINK (ASSET_ID,POSITION_ID) values (300198,40000175);
Insert into ASSET_LINK (ASSET_ID,POSITION_ID) values (300199,40000176);
Insert into ASSET_LINK (ASSET_ID,POSITION_ID) values (300200,40000177);
Insert into ASSET_LINK (ASSET_ID,POSITION_ID) values (300200,40000178);
Insert into ASSET_LINK (ASSET_ID,POSITION_ID) values (300201,40000179);
Insert into ASSET_LINK (ASSET_ID,POSITION_ID) values (300201,40000180);
Insert into ASSET_LINK (ASSET_ID,POSITION_ID) values (300201,40000181);
Insert into ASSET_LINK (ASSET_ID,POSITION_ID) values (300201,40000182);
Insert into ASSET_LINK (ASSET_ID,POSITION_ID) values (300201,40000183);
Insert into ASSET_LINK (ASSET_ID,POSITION_ID) values (300201,40000184);
Insert into ASSET_LINK (ASSET_ID,POSITION_ID) values (300201,40000185);
Insert into ASSET_LINK (ASSET_ID,POSITION_ID) values (300201,40000186);
Insert into ASSET_LINK (ASSET_ID,POSITION_ID) values (300201,40000187);
Insert into ASSET_LINK (ASSET_ID,POSITION_ID) values (300201,40000188);
Insert into ASSET_LINK (ASSET_ID,POSITION_ID) values (300201,40000189);
Insert into ASSET_LINK (ASSET_ID,POSITION_ID) values (300202,40000190);
Insert into ASSET_LINK (ASSET_ID,POSITION_ID) values (300203,40000191);
Insert into ASSET_LINK (ASSET_ID,POSITION_ID) values (300204,40000192);
Insert into ASSET_LINK (ASSET_ID,POSITION_ID) values (300204,40000193);
Insert into ASSET_LINK (ASSET_ID,POSITION_ID) values (300205,40000194);
Insert into ASSET_LINK (ASSET_ID,POSITION_ID) values (300205,40000195);
Insert into ASSET_LINK (ASSET_ID,POSITION_ID) values (300206,40000196);
Insert into ASSET_LINK (ASSET_ID,POSITION_ID) values (300206,40000197);
Insert into ASSET_LINK (ASSET_ID,POSITION_ID) values (300207,40000198);
Insert into ASSET_LINK (ASSET_ID,POSITION_ID) values (300208,40000199);
Insert into ASSET_LINK (ASSET_ID,POSITION_ID) values (300209,40000200);
Insert into ASSET_LINK (ASSET_ID,POSITION_ID) values (300209,40000201);
Insert into ASSET_LINK (ASSET_ID,POSITION_ID) values (300210,40000202);
Insert into ASSET_LINK (ASSET_ID,POSITION_ID) values (300211,40000203);
Insert into ASSET_LINK (ASSET_ID,POSITION_ID) values (300212,40000204);
Insert into ASSET_LINK (ASSET_ID,POSITION_ID) values (300212,40000205);
Insert into ASSET_LINK (ASSET_ID,POSITION_ID) values (300213,40000206);
Insert into ASSET_LINK (ASSET_ID,POSITION_ID) values (300214,40000207);
Insert into ASSET_LINK (ASSET_ID,POSITION_ID) values (300214,40000208);
Insert into ASSET_LINK (ASSET_ID,POSITION_ID) values (300215,40000209);
Insert into ASSET_LINK (ASSET_ID,POSITION_ID) values (300216,40000210);
Insert into ASSET_LINK (ASSET_ID,POSITION_ID) values (300217,40000211);
Insert into ASSET_LINK (ASSET_ID,POSITION_ID) values (300217,40000212);
Insert into ASSET_LINK (ASSET_ID,POSITION_ID) values (300217,40000213);
Insert into ASSET_LINK (ASSET_ID,POSITION_ID) values (300218,40000214);
Insert into ASSET_LINK (ASSET_ID,POSITION_ID) values (300218,40000215);
Insert into ASSET_LINK (ASSET_ID,POSITION_ID) values (300218,40000216);
Insert into ASSET_LINK (ASSET_ID,POSITION_ID) values (300218,40000217);
Insert into ASSET_LINK (ASSET_ID,POSITION_ID) values (300218,40000218);
Insert into ASSET_LINK (ASSET_ID,POSITION_ID) values (300218,40000219);
Insert into ASSET_LINK (ASSET_ID,POSITION_ID) values (300218,40000220);
Insert into ASSET_LINK (ASSET_ID,POSITION_ID) values (300218,40000221);
Insert into ASSET_LINK (ASSET_ID,POSITION_ID) values (300218,40000222);
Insert into ASSET_LINK (ASSET_ID,POSITION_ID) values (300218,40000223);
Insert into ASSET_LINK (ASSET_ID,POSITION_ID) values (300219,40000224);
Insert into ASSET_LINK (ASSET_ID,POSITION_ID) values (300220,40000225);
Insert into ASSET_LINK (ASSET_ID,POSITION_ID) values (300221,40000226);
Insert into ASSET_LINK (ASSET_ID,POSITION_ID) values (300221,40000227);
Insert into ASSET_LINK (ASSET_ID,POSITION_ID) values (300221,40000228);
Insert into ASSET_LINK (ASSET_ID,POSITION_ID) values (300221,40000229);
Insert into ASSET_LINK (ASSET_ID,POSITION_ID) values (300222,40000230);
Insert into ASSET_LINK (ASSET_ID,POSITION_ID) values (300223,40000231);
Insert into ASSET_LINK (ASSET_ID,POSITION_ID) values (300223,40000232);
Insert into ASSET_LINK (ASSET_ID,POSITION_ID) values (300224,40000233);
Insert into ASSET_LINK (ASSET_ID,POSITION_ID) values (300224,40000234);
Insert into ASSET_LINK (ASSET_ID,POSITION_ID) values (300224,40000235);
Insert into ASSET_LINK (ASSET_ID,POSITION_ID) values (300225,40000236);
Insert into ASSET_LINK (ASSET_ID,POSITION_ID) values (300226,40000237);
Insert into ASSET_LINK (ASSET_ID,POSITION_ID) values (300227,40000238);
Insert into ASSET_LINK (ASSET_ID,POSITION_ID) values (300228,40000239);
Insert into ASSET_LINK (ASSET_ID,POSITION_ID) values (300229,40000240);
Insert into ASSET_LINK (ASSET_ID,POSITION_ID) values (300230,40000241);
Insert into ASSET_LINK (ASSET_ID,POSITION_ID) values (300231,40000242);
Insert into ASSET_LINK (ASSET_ID,POSITION_ID) values (300232,40000243);
Insert into ASSET_LINK (ASSET_ID,POSITION_ID) values (300232,40000244);
Insert into ASSET_LINK (ASSET_ID,POSITION_ID) values (300233,40000245);
Insert into ASSET_LINK (ASSET_ID,POSITION_ID) values (300233,40000246);
Insert into ASSET_LINK (ASSET_ID,POSITION_ID) values (300234,40000247);
Insert into ASSET_LINK (ASSET_ID,POSITION_ID) values (300235,40000248);
Insert into ASSET_LINK (ASSET_ID,POSITION_ID) values (300236,40000249);
Insert into ASSET_LINK (ASSET_ID,POSITION_ID) values (300236,40000250);
Insert into ASSET_LINK (ASSET_ID,POSITION_ID) values (300237,40000251);
Insert into ASSET_LINK (ASSET_ID,POSITION_ID) values (300238,40000252);
Insert into ASSET_LINK (ASSET_ID,POSITION_ID) values (300239,40000253);
Insert into ASSET_LINK (ASSET_ID,POSITION_ID) values (300240,40000254);
Insert into ASSET_LINK (ASSET_ID,POSITION_ID) values (300241,40000255);
Insert into ASSET_LINK (ASSET_ID,POSITION_ID) values (300242,40000256);
Insert into ASSET_LINK (ASSET_ID,POSITION_ID) values (300243,40000257);
Insert into ASSET_LINK (ASSET_ID,POSITION_ID) values (300244,40000258);
Insert into ASSET_LINK (ASSET_ID,POSITION_ID) values (300245,40000259);
Insert into ASSET_LINK (ASSET_ID,POSITION_ID) values (300246,40000260);
Insert into ASSET_LINK (ASSET_ID,POSITION_ID) values (300246,40000261);
Insert into ASSET_LINK (ASSET_ID,POSITION_ID) values (300246,40000262);
Insert into ASSET_LINK (ASSET_ID,POSITION_ID) values (300246,40000263);
Insert into ASSET_LINK (ASSET_ID,POSITION_ID) values (300246,40000264);
Insert into ASSET_LINK (ASSET_ID,POSITION_ID) values (300246,40000265);
Insert into ASSET_LINK (ASSET_ID,POSITION_ID) values (300246,40000266);
Insert into ASSET_LINK (ASSET_ID,POSITION_ID) values (300246,40000267);
Insert into ASSET_LINK (ASSET_ID,POSITION_ID) values (300246,40000268);
Insert into ASSET_LINK (ASSET_ID,POSITION_ID) values (300247,40000269);
Insert into ASSET_LINK (ASSET_ID,POSITION_ID) values (300248,40000270);
Insert into ASSET_LINK (ASSET_ID,POSITION_ID) values (300249,40000271);
Insert into ASSET_LINK (ASSET_ID,POSITION_ID) values (300250,40000272);
Insert into ASSET_LINK (ASSET_ID,POSITION_ID) values (300265,40000294);
Insert into ASSET_LINK (ASSET_ID,POSITION_ID) values (300280,40000313);
Insert into ASSET_LINK (ASSET_ID,POSITION_ID) values (300280,40000314);
Insert into ASSET_LINK (ASSET_ID,POSITION_ID) values (300281,40000315);
Insert into ASSET_LINK (ASSET_ID,POSITION_ID) values (300281,40000316);
Insert into ASSET_LINK (ASSET_ID,POSITION_ID) values (300302,40000349);
Insert into ASSET_LINK (ASSET_ID,POSITION_ID) values (300302,40000350);
Insert into ASSET_LINK (ASSET_ID,POSITION_ID) values (300303,40000351);
Insert into ASSET_LINK (ASSET_ID,POSITION_ID) values (300304,40000352);
Insert into ASSET_LINK (ASSET_ID,POSITION_ID) values (300305,40000353);
Insert into ASSET_LINK (ASSET_ID,POSITION_ID) values (300340,40000422);
Insert into ASSET_LINK (ASSET_ID,POSITION_ID) values (300341,40000423);
Insert into ASSET_LINK (ASSET_ID,POSITION_ID) values (300092,40000000);
Insert into ASSET_LINK (ASSET_ID,POSITION_ID) values (300093,40000001);
Insert into ASSET_LINK (ASSET_ID,POSITION_ID) values (300251,40000273);
Insert into ASSET_LINK (ASSET_ID,POSITION_ID) values (300252,40000274);
Insert into ASSET_LINK (ASSET_ID,POSITION_ID) values (300253,40000275);
Insert into ASSET_LINK (ASSET_ID,POSITION_ID) values (300254,40000276);
Insert into ASSET_LINK (ASSET_ID,POSITION_ID) values (300254,40000277);
Insert into ASSET_LINK (ASSET_ID,POSITION_ID) values (300259,40000283);
Insert into ASSET_LINK (ASSET_ID,POSITION_ID) values (300259,40000284);
Insert into ASSET_LINK (ASSET_ID,POSITION_ID) values (300259,40000285);
Insert into ASSET_LINK (ASSET_ID,POSITION_ID) values (300260,40000286);
Insert into ASSET_LINK (ASSET_ID,POSITION_ID) values (300260,40000287);
Insert into ASSET_LINK (ASSET_ID,POSITION_ID) values (300260,40000288);
Insert into ASSET_LINK (ASSET_ID,POSITION_ID) values (300261,40000289);
Insert into ASSET_LINK (ASSET_ID,POSITION_ID) values (300261,40000290);
Insert into ASSET_LINK (ASSET_ID,POSITION_ID) values (300262,40000291);
Insert into ASSET_LINK (ASSET_ID,POSITION_ID) values (300263,40000292);
Insert into ASSET_LINK (ASSET_ID,POSITION_ID) values (300264,40000293);
Insert into ASSET_LINK (ASSET_ID,POSITION_ID) values (300266,40000295);
Insert into ASSET_LINK (ASSET_ID,POSITION_ID) values (300267,40000296);
Insert into ASSET_LINK (ASSET_ID,POSITION_ID) values (300268,40000297);
Insert into ASSET_LINK (ASSET_ID,POSITION_ID) values (300269,40000298);
Insert into ASSET_LINK (ASSET_ID,POSITION_ID) values (300270,40000299);
Insert into ASSET_LINK (ASSET_ID,POSITION_ID) values (300271,40000300);
Insert into ASSET_LINK (ASSET_ID,POSITION_ID) values (300272,40000301);
Insert into ASSET_LINK (ASSET_ID,POSITION_ID) values (300273,40000302);
Insert into ASSET_LINK (ASSET_ID,POSITION_ID) values (300273,40000303);
Insert into ASSET_LINK (ASSET_ID,POSITION_ID) values (300274,40000304);
Insert into ASSET_LINK (ASSET_ID,POSITION_ID) values (300274,40000305);
Insert into ASSET_LINK (ASSET_ID,POSITION_ID) values (300274,40000306);
Insert into ASSET_LINK (ASSET_ID,POSITION_ID) values (300275,40000307);
Insert into ASSET_LINK (ASSET_ID,POSITION_ID) values (300276,40000308);
Insert into ASSET_LINK (ASSET_ID,POSITION_ID) values (300277,40000309);
Insert into ASSET_LINK (ASSET_ID,POSITION_ID) values (300278,40000310);
Insert into ASSET_LINK (ASSET_ID,POSITION_ID) values (300279,40000311);
Insert into ASSET_LINK (ASSET_ID,POSITION_ID) values (300279,40000312);
Insert into ASSET_LINK (ASSET_ID,POSITION_ID) values (300287,40000327);
Insert into ASSET_LINK (ASSET_ID,POSITION_ID) values (300287,40000328);
Insert into ASSET_LINK (ASSET_ID,POSITION_ID) values (300287,40000329);
Insert into ASSET_LINK (ASSET_ID,POSITION_ID) values (300288,40000330);
Insert into ASSET_LINK (ASSET_ID,POSITION_ID) values (300289,40000331);
Insert into ASSET_LINK (ASSET_ID,POSITION_ID) values (300289,40000332);
Insert into ASSET_LINK (ASSET_ID,POSITION_ID) values (300290,40000333);
Insert into ASSET_LINK (ASSET_ID,POSITION_ID) values (300291,40000334);
Insert into ASSET_LINK (ASSET_ID,POSITION_ID) values (300321,40000377);
Insert into ASSET_LINK (ASSET_ID,POSITION_ID) values (300321,40000378);
Insert into ASSET_LINK (ASSET_ID,POSITION_ID) values (300321,40000379);
Insert into ASSET_LINK (ASSET_ID,POSITION_ID) values (300346,40000431);
Insert into ASSET_LINK (ASSET_ID,POSITION_ID) values (300347,40000432);
Insert into ASSET_LINK (ASSET_ID,POSITION_ID) values (300348,40000433);
Insert into ASSET_LINK (ASSET_ID,POSITION_ID) values (300349,40000434);

-- select v.asset_id, v.enumerated_value_id, v.property_id from single_choice_value v join asset a on a.id = v.asset_id where a.asset_type_id = 20;
Insert into SINGLE_CHOICE_VALUE (ASSET_ID,ENUMERATED_VALUE_ID,PROPERTY_ID) values (300309,(select id from enumerated_value where value = 40),(select id from property where public_id = 'rajoitus'));
Insert into SINGLE_CHOICE_VALUE (ASSET_ID,ENUMERATED_VALUE_ID,PROPERTY_ID) values (300310,(select id from enumerated_value where value = 30),(select id from property where public_id = 'rajoitus'));
Insert into SINGLE_CHOICE_VALUE (ASSET_ID,ENUMERATED_VALUE_ID,PROPERTY_ID) values (300311,(select id from enumerated_value where value = 40),(select id from property where public_id = 'rajoitus'));
Insert into SINGLE_CHOICE_VALUE (ASSET_ID,ENUMERATED_VALUE_ID,PROPERTY_ID) values (300320,(select id from enumerated_value where value = 30),(select id from property where public_id = 'rajoitus'));
Insert into SINGLE_CHOICE_VALUE (ASSET_ID,ENUMERATED_VALUE_ID,PROPERTY_ID) values (300342,(select id from enumerated_value where value = 30),(select id from property where public_id = 'rajoitus'));
Insert into SINGLE_CHOICE_VALUE (ASSET_ID,ENUMERATED_VALUE_ID,PROPERTY_ID) values (300343,(select id from enumerated_value where value = 30),(select id from property where public_id = 'rajoitus'));
Insert into SINGLE_CHOICE_VALUE (ASSET_ID,ENUMERATED_VALUE_ID,PROPERTY_ID) values (300350,(select id from enumerated_value where value = 30),(select id from property where public_id = 'rajoitus'));
Insert into SINGLE_CHOICE_VALUE (ASSET_ID,ENUMERATED_VALUE_ID,PROPERTY_ID) values (300351,(select id from enumerated_value where value = 30),(select id from property where public_id = 'rajoitus'));
Insert into SINGLE_CHOICE_VALUE (ASSET_ID,ENUMERATED_VALUE_ID,PROPERTY_ID) values (300352,(select id from enumerated_value where value = 40),(select id from property where public_id = 'rajoitus'));
Insert into SINGLE_CHOICE_VALUE (ASSET_ID,ENUMERATED_VALUE_ID,PROPERTY_ID) values (300353,(select id from enumerated_value where value = 40),(select id from property where public_id = 'rajoitus'));
Insert into SINGLE_CHOICE_VALUE (ASSET_ID,ENUMERATED_VALUE_ID,PROPERTY_ID) values (300282,(select id from enumerated_value where value = 30),(select id from property where public_id = 'rajoitus'));
Insert into SINGLE_CHOICE_VALUE (ASSET_ID,ENUMERATED_VALUE_ID,PROPERTY_ID) values (300283,(select id from enumerated_value where value = 30),(select id from property where public_id = 'rajoitus'));
Insert into SINGLE_CHOICE_VALUE (ASSET_ID,ENUMERATED_VALUE_ID,PROPERTY_ID) values (300284,(select id from enumerated_value where value = 30),(select id from property where public_id = 'rajoitus'));
Insert into SINGLE_CHOICE_VALUE (ASSET_ID,ENUMERATED_VALUE_ID,PROPERTY_ID) values (300285,(select id from enumerated_value where value = 40),(select id from property where public_id = 'rajoitus'));
Insert into SINGLE_CHOICE_VALUE (ASSET_ID,ENUMERATED_VALUE_ID,PROPERTY_ID) values (300286,(select id from enumerated_value where value = 40),(select id from property where public_id = 'rajoitus'));
Insert into SINGLE_CHOICE_VALUE (ASSET_ID,ENUMERATED_VALUE_ID,PROPERTY_ID) values (300312,(select id from enumerated_value where value = 40),(select id from property where public_id = 'rajoitus'));
Insert into SINGLE_CHOICE_VALUE (ASSET_ID,ENUMERATED_VALUE_ID,PROPERTY_ID) values (300313,(select id from enumerated_value where value = 40),(select id from property where public_id = 'rajoitus'));
Insert into SINGLE_CHOICE_VALUE (ASSET_ID,ENUMERATED_VALUE_ID,PROPERTY_ID) values (300314,(select id from enumerated_value where value = 40),(select id from property where public_id = 'rajoitus'));
Insert into SINGLE_CHOICE_VALUE (ASSET_ID,ENUMERATED_VALUE_ID,PROPERTY_ID) values (300315,(select id from enumerated_value where value = 40),(select id from property where public_id = 'rajoitus'));
Insert into SINGLE_CHOICE_VALUE (ASSET_ID,ENUMERATED_VALUE_ID,PROPERTY_ID) values (300316,(select id from enumerated_value where value = 40),(select id from property where public_id = 'rajoitus'));
Insert into SINGLE_CHOICE_VALUE (ASSET_ID,ENUMERATED_VALUE_ID,PROPERTY_ID) values (300317,(select id from enumerated_value where value = 40),(select id from property where public_id = 'rajoitus'));
Insert into SINGLE_CHOICE_VALUE (ASSET_ID,ENUMERATED_VALUE_ID,PROPERTY_ID) values (300318,(select id from enumerated_value where value = 40),(select id from property where public_id = 'rajoitus'));
Insert into SINGLE_CHOICE_VALUE (ASSET_ID,ENUMERATED_VALUE_ID,PROPERTY_ID) values (300319,(select id from enumerated_value where value = 40),(select id from property where public_id = 'rajoitus'));
Insert into SINGLE_CHOICE_VALUE (ASSET_ID,ENUMERATED_VALUE_ID,PROPERTY_ID) values (300322,(select id from enumerated_value where value = 30),(select id from property where public_id = 'rajoitus'));
Insert into SINGLE_CHOICE_VALUE (ASSET_ID,ENUMERATED_VALUE_ID,PROPERTY_ID) values (300323,(select id from enumerated_value where value = 30),(select id from property where public_id = 'rajoitus'));
Insert into SINGLE_CHOICE_VALUE (ASSET_ID,ENUMERATED_VALUE_ID,PROPERTY_ID) values (300324,(select id from enumerated_value where value = 40),(select id from property where public_id = 'rajoitus'));
Insert into SINGLE_CHOICE_VALUE (ASSET_ID,ENUMERATED_VALUE_ID,PROPERTY_ID) values (300325,(select id from enumerated_value where value = 40),(select id from property where public_id = 'rajoitus'));
Insert into SINGLE_CHOICE_VALUE (ASSET_ID,ENUMERATED_VALUE_ID,PROPERTY_ID) values (300326,(select id from enumerated_value where value = 40),(select id from property where public_id = 'rajoitus'));
Insert into SINGLE_CHOICE_VALUE (ASSET_ID,ENUMERATED_VALUE_ID,PROPERTY_ID) values (300327,(select id from enumerated_value where value = 30),(select id from property where public_id = 'rajoitus'));
Insert into SINGLE_CHOICE_VALUE (ASSET_ID,ENUMERATED_VALUE_ID,PROPERTY_ID) values (300328,(select id from enumerated_value where value = 30),(select id from property where public_id = 'rajoitus'));
Insert into SINGLE_CHOICE_VALUE (ASSET_ID,ENUMERATED_VALUE_ID,PROPERTY_ID) values (300329,(select id from enumerated_value where value = 30),(select id from property where public_id = 'rajoitus'));
Insert into SINGLE_CHOICE_VALUE (ASSET_ID,ENUMERATED_VALUE_ID,PROPERTY_ID) values (300330,(select id from enumerated_value where value = 30),(select id from property where public_id = 'rajoitus'));
Insert into SINGLE_CHOICE_VALUE (ASSET_ID,ENUMERATED_VALUE_ID,PROPERTY_ID) values (300331,(select id from enumerated_value where value = 50),(select id from property where public_id = 'rajoitus'));
Insert into SINGLE_CHOICE_VALUE (ASSET_ID,ENUMERATED_VALUE_ID,PROPERTY_ID) values (300332,(select id from enumerated_value where value = 30),(select id from property where public_id = 'rajoitus'));
Insert into SINGLE_CHOICE_VALUE (ASSET_ID,ENUMERATED_VALUE_ID,PROPERTY_ID) values (300333,(select id from enumerated_value where value = 30),(select id from property where public_id = 'rajoitus'));
Insert into SINGLE_CHOICE_VALUE (ASSET_ID,ENUMERATED_VALUE_ID,PROPERTY_ID) values (300334,(select id from enumerated_value where value = 40),(select id from property where public_id = 'rajoitus'));
Insert into SINGLE_CHOICE_VALUE (ASSET_ID,ENUMERATED_VALUE_ID,PROPERTY_ID) values (300335,(select id from enumerated_value where value = 40),(select id from property where public_id = 'rajoitus'));
Insert into SINGLE_CHOICE_VALUE (ASSET_ID,ENUMERATED_VALUE_ID,PROPERTY_ID) values (300336,(select id from enumerated_value where value = 40),(select id from property where public_id = 'rajoitus'));
Insert into SINGLE_CHOICE_VALUE (ASSET_ID,ENUMERATED_VALUE_ID,PROPERTY_ID) values (300354,(select id from enumerated_value where value = 30),(select id from property where public_id = 'rajoitus'));
Insert into SINGLE_CHOICE_VALUE (ASSET_ID,ENUMERATED_VALUE_ID,PROPERTY_ID) values (300355,(select id from enumerated_value where value = 30),(select id from property where public_id = 'rajoitus'));
Insert into SINGLE_CHOICE_VALUE (ASSET_ID,ENUMERATED_VALUE_ID,PROPERTY_ID) values (300356,(select id from enumerated_value where value = 30),(select id from property where public_id = 'rajoitus'));
Insert into SINGLE_CHOICE_VALUE (ASSET_ID,ENUMERATED_VALUE_ID,PROPERTY_ID) values (300094,(select id from enumerated_value where value = 30),(select id from property where public_id = 'rajoitus'));
Insert into SINGLE_CHOICE_VALUE (ASSET_ID,ENUMERATED_VALUE_ID,PROPERTY_ID) values (300255,(select id from enumerated_value where value = 30),(select id from property where public_id = 'rajoitus'));
Insert into SINGLE_CHOICE_VALUE (ASSET_ID,ENUMERATED_VALUE_ID,PROPERTY_ID) values (300256,(select id from enumerated_value where value = 30),(select id from property where public_id = 'rajoitus'));
Insert into SINGLE_CHOICE_VALUE (ASSET_ID,ENUMERATED_VALUE_ID,PROPERTY_ID) values (300257,(select id from enumerated_value where value = 30),(select id from property where public_id = 'rajoitus'));
Insert into SINGLE_CHOICE_VALUE (ASSET_ID,ENUMERATED_VALUE_ID,PROPERTY_ID) values (300258,(select id from enumerated_value where value = 30),(select id from property where public_id = 'rajoitus'));
Insert into SINGLE_CHOICE_VALUE (ASSET_ID,ENUMERATED_VALUE_ID,PROPERTY_ID) values (300292,(select id from enumerated_value where value = 50),(select id from property where public_id = 'rajoitus'));
Insert into SINGLE_CHOICE_VALUE (ASSET_ID,ENUMERATED_VALUE_ID,PROPERTY_ID) values (300293,(select id from enumerated_value where value = 30),(select id from property where public_id = 'rajoitus'));
Insert into SINGLE_CHOICE_VALUE (ASSET_ID,ENUMERATED_VALUE_ID,PROPERTY_ID) values (300294,(select id from enumerated_value where value = 30),(select id from property where public_id = 'rajoitus'));
Insert into SINGLE_CHOICE_VALUE (ASSET_ID,ENUMERATED_VALUE_ID,PROPERTY_ID) values (300295,(select id from enumerated_value where value = 30),(select id from property where public_id = 'rajoitus'));
Insert into SINGLE_CHOICE_VALUE (ASSET_ID,ENUMERATED_VALUE_ID,PROPERTY_ID) values (300296,(select id from enumerated_value where value = 40),(select id from property where public_id = 'rajoitus'));
Insert into SINGLE_CHOICE_VALUE (ASSET_ID,ENUMERATED_VALUE_ID,PROPERTY_ID) values (300297,(select id from enumerated_value where value = 40),(select id from property where public_id = 'rajoitus'));
Insert into SINGLE_CHOICE_VALUE (ASSET_ID,ENUMERATED_VALUE_ID,PROPERTY_ID) values (300298,(select id from enumerated_value where value = 30),(select id from property where public_id = 'rajoitus'));
Insert into SINGLE_CHOICE_VALUE (ASSET_ID,ENUMERATED_VALUE_ID,PROPERTY_ID) values (300299,(select id from enumerated_value where value = 30),(select id from property where public_id = 'rajoitus'));
Insert into SINGLE_CHOICE_VALUE (ASSET_ID,ENUMERATED_VALUE_ID,PROPERTY_ID) values (300300,(select id from enumerated_value where value = 40),(select id from property where public_id = 'rajoitus'));
Insert into SINGLE_CHOICE_VALUE (ASSET_ID,ENUMERATED_VALUE_ID,PROPERTY_ID) values (300301,(select id from enumerated_value where value = 30),(select id from property where public_id = 'rajoitus'));
Insert into SINGLE_CHOICE_VALUE (ASSET_ID,ENUMERATED_VALUE_ID,PROPERTY_ID) values (300306,(select id from enumerated_value where value = 30),(select id from property where public_id = 'rajoitus'));
Insert into SINGLE_CHOICE_VALUE (ASSET_ID,ENUMERATED_VALUE_ID,PROPERTY_ID) values (300307,(select id from enumerated_value where value = 30),(select id from property where public_id = 'rajoitus'));
Insert into SINGLE_CHOICE_VALUE (ASSET_ID,ENUMERATED_VALUE_ID,PROPERTY_ID) values (300308,(select id from enumerated_value where value = 40),(select id from property where public_id = 'rajoitus'));
Insert into SINGLE_CHOICE_VALUE (ASSET_ID,ENUMERATED_VALUE_ID,PROPERTY_ID) values (300337,(select id from enumerated_value where value = 30),(select id from property where public_id = 'rajoitus'));
Insert into SINGLE_CHOICE_VALUE (ASSET_ID,ENUMERATED_VALUE_ID,PROPERTY_ID) values (300338,(select id from enumerated_value where value = 30),(select id from property where public_id = 'rajoitus'));
Insert into SINGLE_CHOICE_VALUE (ASSET_ID,ENUMERATED_VALUE_ID,PROPERTY_ID) values (300339,(select id from enumerated_value where value = 30),(select id from property where public_id = 'rajoitus'));
Insert into SINGLE_CHOICE_VALUE (ASSET_ID,ENUMERATED_VALUE_ID,PROPERTY_ID) values (300344,(select id from enumerated_value where value = 40),(select id from property where public_id = 'rajoitus'));
Insert into SINGLE_CHOICE_VALUE (ASSET_ID,ENUMERATED_VALUE_ID,PROPERTY_ID) values (300345,(select id from enumerated_value where value = 40),(select id from property where public_id = 'rajoitus'));
Insert into SINGLE_CHOICE_VALUE (ASSET_ID,ENUMERATED_VALUE_ID,PROPERTY_ID) values (300357,(select id from enumerated_value where value = 40),(select id from property where public_id = 'rajoitus'));
Insert into SINGLE_CHOICE_VALUE (ASSET_ID,ENUMERATED_VALUE_ID,PROPERTY_ID) values (300358,(select id from enumerated_value where value = 40),(select id from property where public_id = 'rajoitus'));
Insert into SINGLE_CHOICE_VALUE (ASSET_ID,ENUMERATED_VALUE_ID,PROPERTY_ID) values (300359,(select id from enumerated_value where value = 40),(select id from property where public_id = 'rajoitus'));
Insert into SINGLE_CHOICE_VALUE (ASSET_ID,ENUMERATED_VALUE_ID,PROPERTY_ID) values (300360,(select id from enumerated_value where value = 40),(select id from property where public_id = 'rajoitus'));
Insert into SINGLE_CHOICE_VALUE (ASSET_ID,ENUMERATED_VALUE_ID,PROPERTY_ID) values (300361,(select id from enumerated_value where value = 40),(select id from property where public_id = 'rajoitus'));
Insert into SINGLE_CHOICE_VALUE (ASSET_ID,ENUMERATED_VALUE_ID,PROPERTY_ID) values (300362,(select id from enumerated_value where value = 40),(select id from property where public_id = 'rajoitus'));
Insert into SINGLE_CHOICE_VALUE (ASSET_ID,ENUMERATED_VALUE_ID,PROPERTY_ID) values (300363,(select id from enumerated_value where value = 40),(select id from property where public_id = 'rajoitus'));
Insert into SINGLE_CHOICE_VALUE (ASSET_ID,ENUMERATED_VALUE_ID,PROPERTY_ID) values (300095,(select id from enumerated_value where value = 30),(select id from property where public_id = 'rajoitus'));
Insert into SINGLE_CHOICE_VALUE (ASSET_ID,ENUMERATED_VALUE_ID,PROPERTY_ID) values (300096,(select id from enumerated_value where value = 30),(select id from property where public_id = 'rajoitus'));
Insert into SINGLE_CHOICE_VALUE (ASSET_ID,ENUMERATED_VALUE_ID,PROPERTY_ID) values (300097,(select id from enumerated_value where value = 30),(select id from property where public_id = 'rajoitus'));
Insert into SINGLE_CHOICE_VALUE (ASSET_ID,ENUMERATED_VALUE_ID,PROPERTY_ID) values (300098,(select id from enumerated_value where value = 30),(select id from property where public_id = 'rajoitus'));
Insert into SINGLE_CHOICE_VALUE (ASSET_ID,ENUMERATED_VALUE_ID,PROPERTY_ID) values (300099,(select id from enumerated_value where value = 40),(select id from property where public_id = 'rajoitus'));
Insert into SINGLE_CHOICE_VALUE (ASSET_ID,ENUMERATED_VALUE_ID,PROPERTY_ID) values (300100,(select id from enumerated_value where value = 30),(select id from property where public_id = 'rajoitus'));
Insert into SINGLE_CHOICE_VALUE (ASSET_ID,ENUMERATED_VALUE_ID,PROPERTY_ID) values (300101,(select id from enumerated_value where value = 30),(select id from property where public_id = 'rajoitus'));
Insert into SINGLE_CHOICE_VALUE (ASSET_ID,ENUMERATED_VALUE_ID,PROPERTY_ID) values (300102,(select id from enumerated_value where value = 30),(select id from property where public_id = 'rajoitus'));
Insert into SINGLE_CHOICE_VALUE (ASSET_ID,ENUMERATED_VALUE_ID,PROPERTY_ID) values (300103,(select id from enumerated_value where value = 30),(select id from property where public_id = 'rajoitus'));
Insert into SINGLE_CHOICE_VALUE (ASSET_ID,ENUMERATED_VALUE_ID,PROPERTY_ID) values (300104,(select id from enumerated_value where value = 40),(select id from property where public_id = 'rajoitus'));
Insert into SINGLE_CHOICE_VALUE (ASSET_ID,ENUMERATED_VALUE_ID,PROPERTY_ID) values (300105,(select id from enumerated_value where value = 50),(select id from property where public_id = 'rajoitus'));
Insert into SINGLE_CHOICE_VALUE (ASSET_ID,ENUMERATED_VALUE_ID,PROPERTY_ID) values (300106,(select id from enumerated_value where value = 30),(select id from property where public_id = 'rajoitus'));
Insert into SINGLE_CHOICE_VALUE (ASSET_ID,ENUMERATED_VALUE_ID,PROPERTY_ID) values (300107,(select id from enumerated_value where value = 30),(select id from property where public_id = 'rajoitus'));
Insert into SINGLE_CHOICE_VALUE (ASSET_ID,ENUMERATED_VALUE_ID,PROPERTY_ID) values (300108,(select id from enumerated_value where value = 40),(select id from property where public_id = 'rajoitus'));
Insert into SINGLE_CHOICE_VALUE (ASSET_ID,ENUMERATED_VALUE_ID,PROPERTY_ID) values (300109,(select id from enumerated_value where value = 50),(select id from property where public_id = 'rajoitus'));
Insert into SINGLE_CHOICE_VALUE (ASSET_ID,ENUMERATED_VALUE_ID,PROPERTY_ID) values (300110,(select id from enumerated_value where value = 30),(select id from property where public_id = 'rajoitus'));
Insert into SINGLE_CHOICE_VALUE (ASSET_ID,ENUMERATED_VALUE_ID,PROPERTY_ID) values (300111,(select id from enumerated_value where value = 30),(select id from property where public_id = 'rajoitus'));
Insert into SINGLE_CHOICE_VALUE (ASSET_ID,ENUMERATED_VALUE_ID,PROPERTY_ID) values (300112,(select id from enumerated_value where value = 30),(select id from property where public_id = 'rajoitus'));
Insert into SINGLE_CHOICE_VALUE (ASSET_ID,ENUMERATED_VALUE_ID,PROPERTY_ID) values (300113,(select id from enumerated_value where value = 30),(select id from property where public_id = 'rajoitus'));
Insert into SINGLE_CHOICE_VALUE (ASSET_ID,ENUMERATED_VALUE_ID,PROPERTY_ID) values (300114,(select id from enumerated_value where value = 30),(select id from property where public_id = 'rajoitus'));
Insert into SINGLE_CHOICE_VALUE (ASSET_ID,ENUMERATED_VALUE_ID,PROPERTY_ID) values (300115,(select id from enumerated_value where value = 30),(select id from property where public_id = 'rajoitus'));
Insert into SINGLE_CHOICE_VALUE (ASSET_ID,ENUMERATED_VALUE_ID,PROPERTY_ID) values (300116,(select id from enumerated_value where value = 30),(select id from property where public_id = 'rajoitus'));
Insert into SINGLE_CHOICE_VALUE (ASSET_ID,ENUMERATED_VALUE_ID,PROPERTY_ID) values (300117,(select id from enumerated_value where value = 30),(select id from property where public_id = 'rajoitus'));
Insert into SINGLE_CHOICE_VALUE (ASSET_ID,ENUMERATED_VALUE_ID,PROPERTY_ID) values (300118,(select id from enumerated_value where value = 30),(select id from property where public_id = 'rajoitus'));
Insert into SINGLE_CHOICE_VALUE (ASSET_ID,ENUMERATED_VALUE_ID,PROPERTY_ID) values (300119,(select id from enumerated_value where value = 40),(select id from property where public_id = 'rajoitus'));
Insert into SINGLE_CHOICE_VALUE (ASSET_ID,ENUMERATED_VALUE_ID,PROPERTY_ID) values (300120,(select id from enumerated_value where value = 40),(select id from property where public_id = 'rajoitus'));
Insert into SINGLE_CHOICE_VALUE (ASSET_ID,ENUMERATED_VALUE_ID,PROPERTY_ID) values (300121,(select id from enumerated_value where value = 30),(select id from property where public_id = 'rajoitus'));
Insert into SINGLE_CHOICE_VALUE (ASSET_ID,ENUMERATED_VALUE_ID,PROPERTY_ID) values (300122,(select id from enumerated_value where value = 30),(select id from property where public_id = 'rajoitus'));
Insert into SINGLE_CHOICE_VALUE (ASSET_ID,ENUMERATED_VALUE_ID,PROPERTY_ID) values (300123,(select id from enumerated_value where value = 30),(select id from property where public_id = 'rajoitus'));
Insert into SINGLE_CHOICE_VALUE (ASSET_ID,ENUMERATED_VALUE_ID,PROPERTY_ID) values (300124,(select id from enumerated_value where value = 40),(select id from property where public_id = 'rajoitus'));
Insert into SINGLE_CHOICE_VALUE (ASSET_ID,ENUMERATED_VALUE_ID,PROPERTY_ID) values (300125,(select id from enumerated_value where value = 30),(select id from property where public_id = 'rajoitus'));
Insert into SINGLE_CHOICE_VALUE (ASSET_ID,ENUMERATED_VALUE_ID,PROPERTY_ID) values (300126,(select id from enumerated_value where value = 30),(select id from property where public_id = 'rajoitus'));
Insert into SINGLE_CHOICE_VALUE (ASSET_ID,ENUMERATED_VALUE_ID,PROPERTY_ID) values (300127,(select id from enumerated_value where value = 50),(select id from property where public_id = 'rajoitus'));
Insert into SINGLE_CHOICE_VALUE (ASSET_ID,ENUMERATED_VALUE_ID,PROPERTY_ID) values (300128,(select id from enumerated_value where value = 30),(select id from property where public_id = 'rajoitus'));
Insert into SINGLE_CHOICE_VALUE (ASSET_ID,ENUMERATED_VALUE_ID,PROPERTY_ID) values (300129,(select id from enumerated_value where value = 30),(select id from property where public_id = 'rajoitus'));
Insert into SINGLE_CHOICE_VALUE (ASSET_ID,ENUMERATED_VALUE_ID,PROPERTY_ID) values (300130,(select id from enumerated_value where value = 40),(select id from property where public_id = 'rajoitus'));
Insert into SINGLE_CHOICE_VALUE (ASSET_ID,ENUMERATED_VALUE_ID,PROPERTY_ID) values (300131,(select id from enumerated_value where value = 30),(select id from property where public_id = 'rajoitus'));
Insert into SINGLE_CHOICE_VALUE (ASSET_ID,ENUMERATED_VALUE_ID,PROPERTY_ID) values (300132,(select id from enumerated_value where value = 30),(select id from property where public_id = 'rajoitus'));
Insert into SINGLE_CHOICE_VALUE (ASSET_ID,ENUMERATED_VALUE_ID,PROPERTY_ID) values (300133,(select id from enumerated_value where value = 30),(select id from property where public_id = 'rajoitus'));
Insert into SINGLE_CHOICE_VALUE (ASSET_ID,ENUMERATED_VALUE_ID,PROPERTY_ID) values (300134,(select id from enumerated_value where value = 30),(select id from property where public_id = 'rajoitus'));
Insert into SINGLE_CHOICE_VALUE (ASSET_ID,ENUMERATED_VALUE_ID,PROPERTY_ID) values (300135,(select id from enumerated_value where value = 30),(select id from property where public_id = 'rajoitus'));
Insert into SINGLE_CHOICE_VALUE (ASSET_ID,ENUMERATED_VALUE_ID,PROPERTY_ID) values (300136,(select id from enumerated_value where value = 30),(select id from property where public_id = 'rajoitus'));
Insert into SINGLE_CHOICE_VALUE (ASSET_ID,ENUMERATED_VALUE_ID,PROPERTY_ID) values (300137,(select id from enumerated_value where value = 30),(select id from property where public_id = 'rajoitus'));
Insert into SINGLE_CHOICE_VALUE (ASSET_ID,ENUMERATED_VALUE_ID,PROPERTY_ID) values (300138,(select id from enumerated_value where value = 30),(select id from property where public_id = 'rajoitus'));
Insert into SINGLE_CHOICE_VALUE (ASSET_ID,ENUMERATED_VALUE_ID,PROPERTY_ID) values (300139,(select id from enumerated_value where value = 30),(select id from property where public_id = 'rajoitus'));
Insert into SINGLE_CHOICE_VALUE (ASSET_ID,ENUMERATED_VALUE_ID,PROPERTY_ID) values (300140,(select id from enumerated_value where value = 30),(select id from property where public_id = 'rajoitus'));
Insert into SINGLE_CHOICE_VALUE (ASSET_ID,ENUMERATED_VALUE_ID,PROPERTY_ID) values (300141,(select id from enumerated_value where value = 40),(select id from property where public_id = 'rajoitus'));
Insert into SINGLE_CHOICE_VALUE (ASSET_ID,ENUMERATED_VALUE_ID,PROPERTY_ID) values (300142,(select id from enumerated_value where value = 30),(select id from property where public_id = 'rajoitus'));
Insert into SINGLE_CHOICE_VALUE (ASSET_ID,ENUMERATED_VALUE_ID,PROPERTY_ID) values (300143,(select id from enumerated_value where value = 50),(select id from property where public_id = 'rajoitus'));
Insert into SINGLE_CHOICE_VALUE (ASSET_ID,ENUMERATED_VALUE_ID,PROPERTY_ID) values (300144,(select id from enumerated_value where value = 30),(select id from property where public_id = 'rajoitus'));
Insert into SINGLE_CHOICE_VALUE (ASSET_ID,ENUMERATED_VALUE_ID,PROPERTY_ID) values (300145,(select id from enumerated_value where value = 30),(select id from property where public_id = 'rajoitus'));
Insert into SINGLE_CHOICE_VALUE (ASSET_ID,ENUMERATED_VALUE_ID,PROPERTY_ID) values (300146,(select id from enumerated_value where value = 30),(select id from property where public_id = 'rajoitus'));
Insert into SINGLE_CHOICE_VALUE (ASSET_ID,ENUMERATED_VALUE_ID,PROPERTY_ID) values (300147,(select id from enumerated_value where value = 30),(select id from property where public_id = 'rajoitus'));
Insert into SINGLE_CHOICE_VALUE (ASSET_ID,ENUMERATED_VALUE_ID,PROPERTY_ID) values (300148,(select id from enumerated_value where value = 30),(select id from property where public_id = 'rajoitus'));
Insert into SINGLE_CHOICE_VALUE (ASSET_ID,ENUMERATED_VALUE_ID,PROPERTY_ID) values (300149,(select id from enumerated_value where value = 30),(select id from property where public_id = 'rajoitus'));
Insert into SINGLE_CHOICE_VALUE (ASSET_ID,ENUMERATED_VALUE_ID,PROPERTY_ID) values (300150,(select id from enumerated_value where value = 30),(select id from property where public_id = 'rajoitus'));
Insert into SINGLE_CHOICE_VALUE (ASSET_ID,ENUMERATED_VALUE_ID,PROPERTY_ID) values (300151,(select id from enumerated_value where value = 30),(select id from property where public_id = 'rajoitus'));
Insert into SINGLE_CHOICE_VALUE (ASSET_ID,ENUMERATED_VALUE_ID,PROPERTY_ID) values (300152,(select id from enumerated_value where value = 30),(select id from property where public_id = 'rajoitus'));
Insert into SINGLE_CHOICE_VALUE (ASSET_ID,ENUMERATED_VALUE_ID,PROPERTY_ID) values (300153,(select id from enumerated_value where value = 50),(select id from property where public_id = 'rajoitus'));
Insert into SINGLE_CHOICE_VALUE (ASSET_ID,ENUMERATED_VALUE_ID,PROPERTY_ID) values (300154,(select id from enumerated_value where value = 30),(select id from property where public_id = 'rajoitus'));
Insert into SINGLE_CHOICE_VALUE (ASSET_ID,ENUMERATED_VALUE_ID,PROPERTY_ID) values (300155,(select id from enumerated_value where value = 30),(select id from property where public_id = 'rajoitus'));
Insert into SINGLE_CHOICE_VALUE (ASSET_ID,ENUMERATED_VALUE_ID,PROPERTY_ID) values (300156,(select id from enumerated_value where value = 30),(select id from property where public_id = 'rajoitus'));
Insert into SINGLE_CHOICE_VALUE (ASSET_ID,ENUMERATED_VALUE_ID,PROPERTY_ID) values (300157,(select id from enumerated_value where value = 30),(select id from property where public_id = 'rajoitus'));
Insert into SINGLE_CHOICE_VALUE (ASSET_ID,ENUMERATED_VALUE_ID,PROPERTY_ID) values (300158,(select id from enumerated_value where value = 30),(select id from property where public_id = 'rajoitus'));
Insert into SINGLE_CHOICE_VALUE (ASSET_ID,ENUMERATED_VALUE_ID,PROPERTY_ID) values (300159,(select id from enumerated_value where value = 30),(select id from property where public_id = 'rajoitus'));
Insert into SINGLE_CHOICE_VALUE (ASSET_ID,ENUMERATED_VALUE_ID,PROPERTY_ID) values (300160,(select id from enumerated_value where value = 30),(select id from property where public_id = 'rajoitus'));
Insert into SINGLE_CHOICE_VALUE (ASSET_ID,ENUMERATED_VALUE_ID,PROPERTY_ID) values (300161,(select id from enumerated_value where value = 30),(select id from property where public_id = 'rajoitus'));
Insert into SINGLE_CHOICE_VALUE (ASSET_ID,ENUMERATED_VALUE_ID,PROPERTY_ID) values (300162,(select id from enumerated_value where value = 30),(select id from property where public_id = 'rajoitus'));
Insert into SINGLE_CHOICE_VALUE (ASSET_ID,ENUMERATED_VALUE_ID,PROPERTY_ID) values (300163,(select id from enumerated_value where value = 40),(select id from property where public_id = 'rajoitus'));
Insert into SINGLE_CHOICE_VALUE (ASSET_ID,ENUMERATED_VALUE_ID,PROPERTY_ID) values (300164,(select id from enumerated_value where value = 30),(select id from property where public_id = 'rajoitus'));
Insert into SINGLE_CHOICE_VALUE (ASSET_ID,ENUMERATED_VALUE_ID,PROPERTY_ID) values (300165,(select id from enumerated_value where value = 30),(select id from property where public_id = 'rajoitus'));
Insert into SINGLE_CHOICE_VALUE (ASSET_ID,ENUMERATED_VALUE_ID,PROPERTY_ID) values (300166,(select id from enumerated_value where value = 40),(select id from property where public_id = 'rajoitus'));
Insert into SINGLE_CHOICE_VALUE (ASSET_ID,ENUMERATED_VALUE_ID,PROPERTY_ID) values (300167,(select id from enumerated_value where value = 40),(select id from property where public_id = 'rajoitus'));
Insert into SINGLE_CHOICE_VALUE (ASSET_ID,ENUMERATED_VALUE_ID,PROPERTY_ID) values (300168,(select id from enumerated_value where value = 30),(select id from property where public_id = 'rajoitus'));
Insert into SINGLE_CHOICE_VALUE (ASSET_ID,ENUMERATED_VALUE_ID,PROPERTY_ID) values (300169,(select id from enumerated_value where value = 30),(select id from property where public_id = 'rajoitus'));
Insert into SINGLE_CHOICE_VALUE (ASSET_ID,ENUMERATED_VALUE_ID,PROPERTY_ID) values (300170,(select id from enumerated_value where value = 30),(select id from property where public_id = 'rajoitus'));
Insert into SINGLE_CHOICE_VALUE (ASSET_ID,ENUMERATED_VALUE_ID,PROPERTY_ID) values (300171,(select id from enumerated_value where value = 40),(select id from property where public_id = 'rajoitus'));
Insert into SINGLE_CHOICE_VALUE (ASSET_ID,ENUMERATED_VALUE_ID,PROPERTY_ID) values (300172,(select id from enumerated_value where value = 30),(select id from property where public_id = 'rajoitus'));
Insert into SINGLE_CHOICE_VALUE (ASSET_ID,ENUMERATED_VALUE_ID,PROPERTY_ID) values (300173,(select id from enumerated_value where value = 30),(select id from property where public_id = 'rajoitus'));
Insert into SINGLE_CHOICE_VALUE (ASSET_ID,ENUMERATED_VALUE_ID,PROPERTY_ID) values (300174,(select id from enumerated_value where value = 30),(select id from property where public_id = 'rajoitus'));
Insert into SINGLE_CHOICE_VALUE (ASSET_ID,ENUMERATED_VALUE_ID,PROPERTY_ID) values (300175,(select id from enumerated_value where value = 30),(select id from property where public_id = 'rajoitus'));
Insert into SINGLE_CHOICE_VALUE (ASSET_ID,ENUMERATED_VALUE_ID,PROPERTY_ID) values (300176,(select id from enumerated_value where value = 40),(select id from property where public_id = 'rajoitus'));
Insert into SINGLE_CHOICE_VALUE (ASSET_ID,ENUMERATED_VALUE_ID,PROPERTY_ID) values (300177,(select id from enumerated_value where value = 50),(select id from property where public_id = 'rajoitus'));
Insert into SINGLE_CHOICE_VALUE (ASSET_ID,ENUMERATED_VALUE_ID,PROPERTY_ID) values (300178,(select id from enumerated_value where value = 30),(select id from property where public_id = 'rajoitus'));
Insert into SINGLE_CHOICE_VALUE (ASSET_ID,ENUMERATED_VALUE_ID,PROPERTY_ID) values (300179,(select id from enumerated_value where value = 40),(select id from property where public_id = 'rajoitus'));
Insert into SINGLE_CHOICE_VALUE (ASSET_ID,ENUMERATED_VALUE_ID,PROPERTY_ID) values (300180,(select id from enumerated_value where value = 40),(select id from property where public_id = 'rajoitus'));
Insert into SINGLE_CHOICE_VALUE (ASSET_ID,ENUMERATED_VALUE_ID,PROPERTY_ID) values (300181,(select id from enumerated_value where value = 30),(select id from property where public_id = 'rajoitus'));
Insert into SINGLE_CHOICE_VALUE (ASSET_ID,ENUMERATED_VALUE_ID,PROPERTY_ID) values (300182,(select id from enumerated_value where value = 30),(select id from property where public_id = 'rajoitus'));
Insert into SINGLE_CHOICE_VALUE (ASSET_ID,ENUMERATED_VALUE_ID,PROPERTY_ID) values (300183,(select id from enumerated_value where value = 30),(select id from property where public_id = 'rajoitus'));
Insert into SINGLE_CHOICE_VALUE (ASSET_ID,ENUMERATED_VALUE_ID,PROPERTY_ID) values (300184,(select id from enumerated_value where value = 30),(select id from property where public_id = 'rajoitus'));
Insert into SINGLE_CHOICE_VALUE (ASSET_ID,ENUMERATED_VALUE_ID,PROPERTY_ID) values (300185,(select id from enumerated_value where value = 40),(select id from property where public_id = 'rajoitus'));
Insert into SINGLE_CHOICE_VALUE (ASSET_ID,ENUMERATED_VALUE_ID,PROPERTY_ID) values (300186,(select id from enumerated_value where value = 50),(select id from property where public_id = 'rajoitus'));
Insert into SINGLE_CHOICE_VALUE (ASSET_ID,ENUMERATED_VALUE_ID,PROPERTY_ID) values (300187,(select id from enumerated_value where value = 50),(select id from property where public_id = 'rajoitus'));
Insert into SINGLE_CHOICE_VALUE (ASSET_ID,ENUMERATED_VALUE_ID,PROPERTY_ID) values (300188,(select id from enumerated_value where value = 30),(select id from property where public_id = 'rajoitus'));
Insert into SINGLE_CHOICE_VALUE (ASSET_ID,ENUMERATED_VALUE_ID,PROPERTY_ID) values (300189,(select id from enumerated_value where value = 30),(select id from property where public_id = 'rajoitus'));
Insert into SINGLE_CHOICE_VALUE (ASSET_ID,ENUMERATED_VALUE_ID,PROPERTY_ID) values (300190,(select id from enumerated_value where value = 30),(select id from property where public_id = 'rajoitus'));
Insert into SINGLE_CHOICE_VALUE (ASSET_ID,ENUMERATED_VALUE_ID,PROPERTY_ID) values (300191,(select id from enumerated_value where value = 30),(select id from property where public_id = 'rajoitus'));
Insert into SINGLE_CHOICE_VALUE (ASSET_ID,ENUMERATED_VALUE_ID,PROPERTY_ID) values (300192,(select id from enumerated_value where value = 30),(select id from property where public_id = 'rajoitus'));
Insert into SINGLE_CHOICE_VALUE (ASSET_ID,ENUMERATED_VALUE_ID,PROPERTY_ID) values (300193,(select id from enumerated_value where value = 30),(select id from property where public_id = 'rajoitus'));
Insert into SINGLE_CHOICE_VALUE (ASSET_ID,ENUMERATED_VALUE_ID,PROPERTY_ID) values (300194,(select id from enumerated_value where value = 50),(select id from property where public_id = 'rajoitus'));
Insert into SINGLE_CHOICE_VALUE (ASSET_ID,ENUMERATED_VALUE_ID,PROPERTY_ID) values (300195,(select id from enumerated_value where value = 40),(select id from property where public_id = 'rajoitus'));
Insert into SINGLE_CHOICE_VALUE (ASSET_ID,ENUMERATED_VALUE_ID,PROPERTY_ID) values (300196,(select id from enumerated_value where value = 30),(select id from property where public_id = 'rajoitus'));
Insert into SINGLE_CHOICE_VALUE (ASSET_ID,ENUMERATED_VALUE_ID,PROPERTY_ID) values (300197,(select id from enumerated_value where value = 40),(select id from property where public_id = 'rajoitus'));
Insert into SINGLE_CHOICE_VALUE (ASSET_ID,ENUMERATED_VALUE_ID,PROPERTY_ID) values (300198,(select id from enumerated_value where value = 50),(select id from property where public_id = 'rajoitus'));
Insert into SINGLE_CHOICE_VALUE (ASSET_ID,ENUMERATED_VALUE_ID,PROPERTY_ID) values (300199,(select id from enumerated_value where value = 30),(select id from property where public_id = 'rajoitus'));
Insert into SINGLE_CHOICE_VALUE (ASSET_ID,ENUMERATED_VALUE_ID,PROPERTY_ID) values (300200,(select id from enumerated_value where value = 30),(select id from property where public_id = 'rajoitus'));
Insert into SINGLE_CHOICE_VALUE (ASSET_ID,ENUMERATED_VALUE_ID,PROPERTY_ID) values (300201,(select id from enumerated_value where value = 40),(select id from property where public_id = 'rajoitus'));
Insert into SINGLE_CHOICE_VALUE (ASSET_ID,ENUMERATED_VALUE_ID,PROPERTY_ID) values (300202,(select id from enumerated_value where value = 30),(select id from property where public_id = 'rajoitus'));
Insert into SINGLE_CHOICE_VALUE (ASSET_ID,ENUMERATED_VALUE_ID,PROPERTY_ID) values (300203,(select id from enumerated_value where value = 40),(select id from property where public_id = 'rajoitus'));
Insert into SINGLE_CHOICE_VALUE (ASSET_ID,ENUMERATED_VALUE_ID,PROPERTY_ID) values (300204,(select id from enumerated_value where value = 40),(select id from property where public_id = 'rajoitus'));
Insert into SINGLE_CHOICE_VALUE (ASSET_ID,ENUMERATED_VALUE_ID,PROPERTY_ID) values (300205,(select id from enumerated_value where value = 30),(select id from property where public_id = 'rajoitus'));
Insert into SINGLE_CHOICE_VALUE (ASSET_ID,ENUMERATED_VALUE_ID,PROPERTY_ID) values (300206,(select id from enumerated_value where value = 30),(select id from property where public_id = 'rajoitus'));
Insert into SINGLE_CHOICE_VALUE (ASSET_ID,ENUMERATED_VALUE_ID,PROPERTY_ID) values (300207,(select id from enumerated_value where value = 30),(select id from property where public_id = 'rajoitus'));
Insert into SINGLE_CHOICE_VALUE (ASSET_ID,ENUMERATED_VALUE_ID,PROPERTY_ID) values (300208,(select id from enumerated_value where value = 30),(select id from property where public_id = 'rajoitus'));
Insert into SINGLE_CHOICE_VALUE (ASSET_ID,ENUMERATED_VALUE_ID,PROPERTY_ID) values (300209,(select id from enumerated_value where value = 30),(select id from property where public_id = 'rajoitus'));
Insert into SINGLE_CHOICE_VALUE (ASSET_ID,ENUMERATED_VALUE_ID,PROPERTY_ID) values (300210,(select id from enumerated_value where value = 30),(select id from property where public_id = 'rajoitus'));
Insert into SINGLE_CHOICE_VALUE (ASSET_ID,ENUMERATED_VALUE_ID,PROPERTY_ID) values (300211,(select id from enumerated_value where value = 30),(select id from property where public_id = 'rajoitus'));
Insert into SINGLE_CHOICE_VALUE (ASSET_ID,ENUMERATED_VALUE_ID,PROPERTY_ID) values (300212,(select id from enumerated_value where value = 30),(select id from property where public_id = 'rajoitus'));
Insert into SINGLE_CHOICE_VALUE (ASSET_ID,ENUMERATED_VALUE_ID,PROPERTY_ID) values (300213,(select id from enumerated_value where value = 40),(select id from property where public_id = 'rajoitus'));
Insert into SINGLE_CHOICE_VALUE (ASSET_ID,ENUMERATED_VALUE_ID,PROPERTY_ID) values (300214,(select id from enumerated_value where value = 30),(select id from property where public_id = 'rajoitus'));
Insert into SINGLE_CHOICE_VALUE (ASSET_ID,ENUMERATED_VALUE_ID,PROPERTY_ID) values (300215,(select id from enumerated_value where value = 30),(select id from property where public_id = 'rajoitus'));
Insert into SINGLE_CHOICE_VALUE (ASSET_ID,ENUMERATED_VALUE_ID,PROPERTY_ID) values (300216,(select id from enumerated_value where value = 30),(select id from property where public_id = 'rajoitus'));
Insert into SINGLE_CHOICE_VALUE (ASSET_ID,ENUMERATED_VALUE_ID,PROPERTY_ID) values (300217,(select id from enumerated_value where value = 30),(select id from property where public_id = 'rajoitus'));
Insert into SINGLE_CHOICE_VALUE (ASSET_ID,ENUMERATED_VALUE_ID,PROPERTY_ID) values (300218,(select id from enumerated_value where value = 40),(select id from property where public_id = 'rajoitus'));
Insert into SINGLE_CHOICE_VALUE (ASSET_ID,ENUMERATED_VALUE_ID,PROPERTY_ID) values (300219,(select id from enumerated_value where value = 40),(select id from property where public_id = 'rajoitus'));
Insert into SINGLE_CHOICE_VALUE (ASSET_ID,ENUMERATED_VALUE_ID,PROPERTY_ID) values (300220,(select id from enumerated_value where value = 50),(select id from property where public_id = 'rajoitus'));
Insert into SINGLE_CHOICE_VALUE (ASSET_ID,ENUMERATED_VALUE_ID,PROPERTY_ID) values (300221,(select id from enumerated_value where value = 30),(select id from property where public_id = 'rajoitus'));
Insert into SINGLE_CHOICE_VALUE (ASSET_ID,ENUMERATED_VALUE_ID,PROPERTY_ID) values (300222,(select id from enumerated_value where value = 50),(select id from property where public_id = 'rajoitus'));
Insert into SINGLE_CHOICE_VALUE (ASSET_ID,ENUMERATED_VALUE_ID,PROPERTY_ID) values (300223,(select id from enumerated_value where value = 30),(select id from property where public_id = 'rajoitus'));
Insert into SINGLE_CHOICE_VALUE (ASSET_ID,ENUMERATED_VALUE_ID,PROPERTY_ID) values (300224,(select id from enumerated_value where value = 30),(select id from property where public_id = 'rajoitus'));
Insert into SINGLE_CHOICE_VALUE (ASSET_ID,ENUMERATED_VALUE_ID,PROPERTY_ID) values (300225,(select id from enumerated_value where value = 30),(select id from property where public_id = 'rajoitus'));
Insert into SINGLE_CHOICE_VALUE (ASSET_ID,ENUMERATED_VALUE_ID,PROPERTY_ID) values (300226,(select id from enumerated_value where value = 30),(select id from property where public_id = 'rajoitus'));
Insert into SINGLE_CHOICE_VALUE (ASSET_ID,ENUMERATED_VALUE_ID,PROPERTY_ID) values (300227,(select id from enumerated_value where value = 40),(select id from property where public_id = 'rajoitus'));
Insert into SINGLE_CHOICE_VALUE (ASSET_ID,ENUMERATED_VALUE_ID,PROPERTY_ID) values (300228,(select id from enumerated_value where value = 40),(select id from property where public_id = 'rajoitus'));
Insert into SINGLE_CHOICE_VALUE (ASSET_ID,ENUMERATED_VALUE_ID,PROPERTY_ID) values (300229,(select id from enumerated_value where value = 50),(select id from property where public_id = 'rajoitus'));
Insert into SINGLE_CHOICE_VALUE (ASSET_ID,ENUMERATED_VALUE_ID,PROPERTY_ID) values (300230,(select id from enumerated_value where value = 50),(select id from property where public_id = 'rajoitus'));
Insert into SINGLE_CHOICE_VALUE (ASSET_ID,ENUMERATED_VALUE_ID,PROPERTY_ID) values (300231,(select id from enumerated_value where value = 30),(select id from property where public_id = 'rajoitus'));
Insert into SINGLE_CHOICE_VALUE (ASSET_ID,ENUMERATED_VALUE_ID,PROPERTY_ID) values (300232,(select id from enumerated_value where value = 30),(select id from property where public_id = 'rajoitus'));
Insert into SINGLE_CHOICE_VALUE (ASSET_ID,ENUMERATED_VALUE_ID,PROPERTY_ID) values (300233,(select id from enumerated_value where value = 40),(select id from property where public_id = 'rajoitus'));
Insert into SINGLE_CHOICE_VALUE (ASSET_ID,ENUMERATED_VALUE_ID,PROPERTY_ID) values (300234,(select id from enumerated_value where value = 40),(select id from property where public_id = 'rajoitus'));
Insert into SINGLE_CHOICE_VALUE (ASSET_ID,ENUMERATED_VALUE_ID,PROPERTY_ID) values (300235,(select id from enumerated_value where value = 30),(select id from property where public_id = 'rajoitus'));
Insert into SINGLE_CHOICE_VALUE (ASSET_ID,ENUMERATED_VALUE_ID,PROPERTY_ID) values (300236,(select id from enumerated_value where value = 30),(select id from property where public_id = 'rajoitus'));
Insert into SINGLE_CHOICE_VALUE (ASSET_ID,ENUMERATED_VALUE_ID,PROPERTY_ID) values (300237,(select id from enumerated_value where value = 30),(select id from property where public_id = 'rajoitus'));
Insert into SINGLE_CHOICE_VALUE (ASSET_ID,ENUMERATED_VALUE_ID,PROPERTY_ID) values (300238,(select id from enumerated_value where value = 30),(select id from property where public_id = 'rajoitus'));
Insert into SINGLE_CHOICE_VALUE (ASSET_ID,ENUMERATED_VALUE_ID,PROPERTY_ID) values (300239,(select id from enumerated_value where value = 30),(select id from property where public_id = 'rajoitus'));
Insert into SINGLE_CHOICE_VALUE (ASSET_ID,ENUMERATED_VALUE_ID,PROPERTY_ID) values (300240,(select id from enumerated_value where value = 30),(select id from property where public_id = 'rajoitus'));
Insert into SINGLE_CHOICE_VALUE (ASSET_ID,ENUMERATED_VALUE_ID,PROPERTY_ID) values (300241,(select id from enumerated_value where value = 30),(select id from property where public_id = 'rajoitus'));
Insert into SINGLE_CHOICE_VALUE (ASSET_ID,ENUMERATED_VALUE_ID,PROPERTY_ID) values (300242,(select id from enumerated_value where value = 30),(select id from property where public_id = 'rajoitus'));
Insert into SINGLE_CHOICE_VALUE (ASSET_ID,ENUMERATED_VALUE_ID,PROPERTY_ID) values (300243,(select id from enumerated_value where value = 30),(select id from property where public_id = 'rajoitus'));
Insert into SINGLE_CHOICE_VALUE (ASSET_ID,ENUMERATED_VALUE_ID,PROPERTY_ID) values (300244,(select id from enumerated_value where value = 30),(select id from property where public_id = 'rajoitus'));
Insert into SINGLE_CHOICE_VALUE (ASSET_ID,ENUMERATED_VALUE_ID,PROPERTY_ID) values (300245,(select id from enumerated_value where value = 30),(select id from property where public_id = 'rajoitus'));
Insert into SINGLE_CHOICE_VALUE (ASSET_ID,ENUMERATED_VALUE_ID,PROPERTY_ID) values (300246,(select id from enumerated_value where value = 30),(select id from property where public_id = 'rajoitus'));
Insert into SINGLE_CHOICE_VALUE (ASSET_ID,ENUMERATED_VALUE_ID,PROPERTY_ID) values (300247,(select id from enumerated_value where value = 40),(select id from property where public_id = 'rajoitus'));
Insert into SINGLE_CHOICE_VALUE (ASSET_ID,ENUMERATED_VALUE_ID,PROPERTY_ID) values (300248,(select id from enumerated_value where value = 40),(select id from property where public_id = 'rajoitus'));
Insert into SINGLE_CHOICE_VALUE (ASSET_ID,ENUMERATED_VALUE_ID,PROPERTY_ID) values (300249,(select id from enumerated_value where value = 50),(select id from property where public_id = 'rajoitus'));
Insert into SINGLE_CHOICE_VALUE (ASSET_ID,ENUMERATED_VALUE_ID,PROPERTY_ID) values (300250,(select id from enumerated_value where value = 50),(select id from property where public_id = 'rajoitus'));
Insert into SINGLE_CHOICE_VALUE (ASSET_ID,ENUMERATED_VALUE_ID,PROPERTY_ID) values (300265,(select id from enumerated_value where value = 30),(select id from property where public_id = 'rajoitus'));
Insert into SINGLE_CHOICE_VALUE (ASSET_ID,ENUMERATED_VALUE_ID,PROPERTY_ID) values (300280,(select id from enumerated_value where value = 40),(select id from property where public_id = 'rajoitus'));
Insert into SINGLE_CHOICE_VALUE (ASSET_ID,ENUMERATED_VALUE_ID,PROPERTY_ID) values (300281,(select id from enumerated_value where value = 40),(select id from property where public_id = 'rajoitus'));
Insert into SINGLE_CHOICE_VALUE (ASSET_ID,ENUMERATED_VALUE_ID,PROPERTY_ID) values (300302,(select id from enumerated_value where value = 30),(select id from property where public_id = 'rajoitus'));
Insert into SINGLE_CHOICE_VALUE (ASSET_ID,ENUMERATED_VALUE_ID,PROPERTY_ID) values (300303,(select id from enumerated_value where value = 30),(select id from property where public_id = 'rajoitus'));
Insert into SINGLE_CHOICE_VALUE (ASSET_ID,ENUMERATED_VALUE_ID,PROPERTY_ID) values (300304,(select id from enumerated_value where value = 30),(select id from property where public_id = 'rajoitus'));
Insert into SINGLE_CHOICE_VALUE (ASSET_ID,ENUMERATED_VALUE_ID,PROPERTY_ID) values (300305,(select id from enumerated_value where value = 30),(select id from property where public_id = 'rajoitus'));
Insert into SINGLE_CHOICE_VALUE (ASSET_ID,ENUMERATED_VALUE_ID,PROPERTY_ID) values (300340,(select id from enumerated_value where value = 30),(select id from property where public_id = 'rajoitus'));
Insert into SINGLE_CHOICE_VALUE (ASSET_ID,ENUMERATED_VALUE_ID,PROPERTY_ID) values (300341,(select id from enumerated_value where value = 30),(select id from property where public_id = 'rajoitus'));
Insert into SINGLE_CHOICE_VALUE (ASSET_ID,ENUMERATED_VALUE_ID,PROPERTY_ID) values (300092,(select id from enumerated_value where value = 40),(select id from property where public_id = 'rajoitus'));
Insert into SINGLE_CHOICE_VALUE (ASSET_ID,ENUMERATED_VALUE_ID,PROPERTY_ID) values (300093,(select id from enumerated_value where value = 40),(select id from property where public_id = 'rajoitus'));
Insert into SINGLE_CHOICE_VALUE (ASSET_ID,ENUMERATED_VALUE_ID,PROPERTY_ID) values (300251,(select id from enumerated_value where value = 30),(select id from property where public_id = 'rajoitus'));
Insert into SINGLE_CHOICE_VALUE (ASSET_ID,ENUMERATED_VALUE_ID,PROPERTY_ID) values (300252,(select id from enumerated_value where value = 30),(select id from property where public_id = 'rajoitus'));
Insert into SINGLE_CHOICE_VALUE (ASSET_ID,ENUMERATED_VALUE_ID,PROPERTY_ID) values (300253,(select id from enumerated_value where value = 30),(select id from property where public_id = 'rajoitus'));
Insert into SINGLE_CHOICE_VALUE (ASSET_ID,ENUMERATED_VALUE_ID,PROPERTY_ID) values (300254,(select id from enumerated_value where value = 30),(select id from property where public_id = 'rajoitus'));
Insert into SINGLE_CHOICE_VALUE (ASSET_ID,ENUMERATED_VALUE_ID,PROPERTY_ID) values (300259,(select id from enumerated_value where value = 40),(select id from property where public_id = 'rajoitus'));
Insert into SINGLE_CHOICE_VALUE (ASSET_ID,ENUMERATED_VALUE_ID,PROPERTY_ID) values (300260,(select id from enumerated_value where value = 30),(select id from property where public_id = 'rajoitus'));
Insert into SINGLE_CHOICE_VALUE (ASSET_ID,ENUMERATED_VALUE_ID,PROPERTY_ID) values (300261,(select id from enumerated_value where value = 30),(select id from property where public_id = 'rajoitus'));
Insert into SINGLE_CHOICE_VALUE (ASSET_ID,ENUMERATED_VALUE_ID,PROPERTY_ID) values (300262,(select id from enumerated_value where value = 30),(select id from property where public_id = 'rajoitus'));
Insert into SINGLE_CHOICE_VALUE (ASSET_ID,ENUMERATED_VALUE_ID,PROPERTY_ID) values (300263,(select id from enumerated_value where value = 30),(select id from property where public_id = 'rajoitus'));
Insert into SINGLE_CHOICE_VALUE (ASSET_ID,ENUMERATED_VALUE_ID,PROPERTY_ID) values (300264,(select id from enumerated_value where value = 30),(select id from property where public_id = 'rajoitus'));
Insert into SINGLE_CHOICE_VALUE (ASSET_ID,ENUMERATED_VALUE_ID,PROPERTY_ID) values (300266,(select id from enumerated_value where value = 40),(select id from property where public_id = 'rajoitus'));
Insert into SINGLE_CHOICE_VALUE (ASSET_ID,ENUMERATED_VALUE_ID,PROPERTY_ID) values (300267,(select id from enumerated_value where value = 40),(select id from property where public_id = 'rajoitus'));
Insert into SINGLE_CHOICE_VALUE (ASSET_ID,ENUMERATED_VALUE_ID,PROPERTY_ID) values (300268,(select id from enumerated_value where value = 40),(select id from property where public_id = 'rajoitus'));
Insert into SINGLE_CHOICE_VALUE (ASSET_ID,ENUMERATED_VALUE_ID,PROPERTY_ID) values (300269,(select id from enumerated_value where value = 40),(select id from property where public_id = 'rajoitus'));
Insert into SINGLE_CHOICE_VALUE (ASSET_ID,ENUMERATED_VALUE_ID,PROPERTY_ID) values (300270,(select id from enumerated_value where value = 40),(select id from property where public_id = 'rajoitus'));
Insert into SINGLE_CHOICE_VALUE (ASSET_ID,ENUMERATED_VALUE_ID,PROPERTY_ID) values (300271,(select id from enumerated_value where value = 40),(select id from property where public_id = 'rajoitus'));
Insert into SINGLE_CHOICE_VALUE (ASSET_ID,ENUMERATED_VALUE_ID,PROPERTY_ID) values (300272,(select id from enumerated_value where value = 30),(select id from property where public_id = 'rajoitus'));
Insert into SINGLE_CHOICE_VALUE (ASSET_ID,ENUMERATED_VALUE_ID,PROPERTY_ID) values (300273,(select id from enumerated_value where value = 30),(select id from property where public_id = 'rajoitus'));
Insert into SINGLE_CHOICE_VALUE (ASSET_ID,ENUMERATED_VALUE_ID,PROPERTY_ID) values (300274,(select id from enumerated_value where value = 30),(select id from property where public_id = 'rajoitus'));
Insert into SINGLE_CHOICE_VALUE (ASSET_ID,ENUMERATED_VALUE_ID,PROPERTY_ID) values (300275,(select id from enumerated_value where value = 30),(select id from property where public_id = 'rajoitus'));
Insert into SINGLE_CHOICE_VALUE (ASSET_ID,ENUMERATED_VALUE_ID,PROPERTY_ID) values (300276,(select id from enumerated_value where value = 50),(select id from property where public_id = 'rajoitus'));
Insert into SINGLE_CHOICE_VALUE (ASSET_ID,ENUMERATED_VALUE_ID,PROPERTY_ID) values (300277,(select id from enumerated_value where value = 30),(select id from property where public_id = 'rajoitus'));
Insert into SINGLE_CHOICE_VALUE (ASSET_ID,ENUMERATED_VALUE_ID,PROPERTY_ID) values (300278,(select id from enumerated_value where value = 40),(select id from property where public_id = 'rajoitus'));
Insert into SINGLE_CHOICE_VALUE (ASSET_ID,ENUMERATED_VALUE_ID,PROPERTY_ID) values (300279,(select id from enumerated_value where value = 30),(select id from property where public_id = 'rajoitus'));
Insert into SINGLE_CHOICE_VALUE (ASSET_ID,ENUMERATED_VALUE_ID,PROPERTY_ID) values (300287,(select id from enumerated_value where value = 30),(select id from property where public_id = 'rajoitus'));
Insert into SINGLE_CHOICE_VALUE (ASSET_ID,ENUMERATED_VALUE_ID,PROPERTY_ID) values (300288,(select id from enumerated_value where value = 30),(select id from property where public_id = 'rajoitus'));
Insert into SINGLE_CHOICE_VALUE (ASSET_ID,ENUMERATED_VALUE_ID,PROPERTY_ID) values (300289,(select id from enumerated_value where value = 40),(select id from property where public_id = 'rajoitus'));
Insert into SINGLE_CHOICE_VALUE (ASSET_ID,ENUMERATED_VALUE_ID,PROPERTY_ID) values (300290,(select id from enumerated_value where value = 30),(select id from property where public_id = 'rajoitus'));
Insert into SINGLE_CHOICE_VALUE (ASSET_ID,ENUMERATED_VALUE_ID,PROPERTY_ID) values (300291,(select id from enumerated_value where value = 30),(select id from property where public_id = 'rajoitus'));
Insert into SINGLE_CHOICE_VALUE (ASSET_ID,ENUMERATED_VALUE_ID,PROPERTY_ID) values (300321,(select id from enumerated_value where value = 40),(select id from property where public_id = 'rajoitus'));
Insert into SINGLE_CHOICE_VALUE (ASSET_ID,ENUMERATED_VALUE_ID,PROPERTY_ID) values (300346,(select id from enumerated_value where value = 30),(select id from property where public_id = 'rajoitus'));
Insert into SINGLE_CHOICE_VALUE (ASSET_ID,ENUMERATED_VALUE_ID,PROPERTY_ID) values (300347,(select id from enumerated_value where value = 30),(select id from property where public_id = 'rajoitus'));
Insert into SINGLE_CHOICE_VALUE (ASSET_ID,ENUMERATED_VALUE_ID,PROPERTY_ID) values (300348,(select id from enumerated_value where value = 30),(select id from property where public_id = 'rajoitus'));
Insert into SINGLE_CHOICE_VALUE (ASSET_ID,ENUMERATED_VALUE_ID,PROPERTY_ID) values (300349,(select id from enumerated_value where value = 30),(select id from property where public_id = 'rajoitus'));

