Insert into LRM_POSITION (ID,ROAD_LINK_ID,SIDE_CODE,START_MEASURE,END_MEASURE) values (900097,2148025,1,0,254.025);
Insert into LRM_POSITION (ID,ROAD_LINK_ID,SIDE_CODE,START_MEASURE,END_MEASURE) values (900099,2190509,1,0,76.687);
Insert into LRM_POSITION (ID,ROAD_LINK_ID,SIDE_CODE,START_MEASURE,END_MEASURE) values (900101,5589,1,0,35.952);
Insert into LRM_POSITION (ID,ROAD_LINK_ID,SIDE_CODE,START_MEASURE,END_MEASURE) values (900103,5649,1,0,173.14);
Insert into LRM_POSITION (ID,ROAD_LINK_ID,SIDE_CODE,START_MEASURE,END_MEASURE) values (900105,5544,1,198.297,249.177);
Insert into LRM_POSITION (ID,ROAD_LINK_ID,SIDE_CODE,START_MEASURE,END_MEASURE) values (900107,5768,1,0,89.622);
Insert into LRM_POSITION (ID,ROAD_LINK_ID,SIDE_CODE,START_MEASURE,END_MEASURE) values (900109,5672,1,0,99.676);
Insert into LRM_POSITION (ID,ROAD_LINK_ID,SIDE_CODE,START_MEASURE,END_MEASURE) values (900110,5585,1,0,118.162);
Insert into LRM_POSITION (ID,ROAD_LINK_ID,SIDE_CODE,START_MEASURE,END_MEASURE) values (900115,5663,1,3.339,49.272);
Insert into LRM_POSITION (ID,ROAD_LINK_ID,SIDE_CODE,START_MEASURE,END_MEASURE) values (900119,2148021,1,27.168,63.406);
Insert into LRM_POSITION (ID,ROAD_LINK_ID,SIDE_CODE,START_MEASURE,END_MEASURE) values (900122,2414745,1,0,200.021);
Insert into LRM_POSITION (ID,ROAD_LINK_ID,SIDE_CODE,START_MEASURE,END_MEASURE) values (900127,5562,1,0,13.37);
Insert into LRM_POSITION (ID,ROAD_LINK_ID,SIDE_CODE,START_MEASURE,END_MEASURE) values (900128,5601,1,0,37.735);
Insert into LRM_POSITION (ID,ROAD_LINK_ID,SIDE_CODE,START_MEASURE,END_MEASURE) values (900108,5614,1,0,84.974);
Insert into LRM_POSITION (ID,ROAD_LINK_ID,SIDE_CODE,START_MEASURE,END_MEASURE) values (900113,5579,1,0,59.96);
Insert into LRM_POSITION (ID,ROAD_LINK_ID,SIDE_CODE,START_MEASURE,END_MEASURE) values (900116,5537,1,0,136.788);
Insert into LRM_POSITION (ID,ROAD_LINK_ID,SIDE_CODE,START_MEASURE,END_MEASURE) values (900121,5804,1,0,127.27);
Insert into LRM_POSITION (ID,ROAD_LINK_ID,SIDE_CODE,START_MEASURE,END_MEASURE) values (900125,5710,1,0,28.982);
Insert into LRM_POSITION (ID,ROAD_LINK_ID,SIDE_CODE,START_MEASURE,END_MEASURE) values (900129,5767,1,0,30.53);
Insert into LRM_POSITION (ID,ROAD_LINK_ID,SIDE_CODE,START_MEASURE,END_MEASURE) values (900131,5831,1,0,69.933);
Insert into LRM_POSITION (ID,ROAD_LINK_ID,SIDE_CODE,START_MEASURE,END_MEASURE) values (900133,5633,1,0,67.195);
Insert into LRM_POSITION (ID,ROAD_LINK_ID,SIDE_CODE,START_MEASURE,END_MEASURE) values (900135,5810,1,1.494,54.411);
Insert into LRM_POSITION (ID,ROAD_LINK_ID,SIDE_CODE,START_MEASURE,END_MEASURE) values (900337,2499824,1,0,5.335);
Insert into LRM_POSITION (ID,ROAD_LINK_ID,SIDE_CODE,START_MEASURE,END_MEASURE) values (900339,5655,1,0,52.265);
Insert into LRM_POSITION (ID,ROAD_LINK_ID,SIDE_CODE,START_MEASURE,END_MEASURE) values (900343,5926,1,2.869,256.886);
Insert into LRM_POSITION (ID,ROAD_LINK_ID,SIDE_CODE,START_MEASURE,END_MEASURE) values (900347,1913718,1,0,11.581);
Insert into LRM_POSITION (ID,ROAD_LINK_ID,SIDE_CODE,START_MEASURE,END_MEASURE) values (900351,1913686,1,3.739,10.028);
Insert into LRM_POSITION (ID,ROAD_LINK_ID,SIDE_CODE,START_MEASURE,END_MEASURE) values (900650,5742,1,0,35.926);
Insert into LRM_POSITION (ID,ROAD_LINK_ID,SIDE_CODE,START_MEASURE,END_MEASURE) values (900651,2148037,1,0,113.747);
Insert into LRM_POSITION (ID,ROAD_LINK_ID,SIDE_CODE,START_MEASURE,END_MEASURE) values (900652,5745,1,0,189.673);
Insert into LRM_POSITION (ID,ROAD_LINK_ID,SIDE_CODE,START_MEASURE,END_MEASURE) values (900654,5706,1,0,82.116);
Insert into LRM_POSITION (ID,ROAD_LINK_ID,SIDE_CODE,START_MEASURE,END_MEASURE) values (900656,5550,1,0,13.808);
Insert into LRM_POSITION (ID,ROAD_LINK_ID,SIDE_CODE,START_MEASURE,END_MEASURE) values (900657,5903,1,0,36.918);
Insert into LRM_POSITION (ID,ROAD_LINK_ID,SIDE_CODE,START_MEASURE,END_MEASURE) values (900659,5992,1,0,67.747);
Insert into LRM_POSITION (ID,ROAD_LINK_ID,SIDE_CODE,START_MEASURE,END_MEASURE) values (900661,5691,1,129.196,179.394);
Insert into LRM_POSITION (ID,ROAD_LINK_ID,SIDE_CODE,START_MEASURE,END_MEASURE) values (900663,5940,1,0,192.87);
Insert into LRM_POSITION (ID,ROAD_LINK_ID,SIDE_CODE,START_MEASURE,END_MEASURE) values (900665,2414741,1,7.876,32.084);
Insert into LRM_POSITION (ID,ROAD_LINK_ID,SIDE_CODE,START_MEASURE,END_MEASURE) values (900678,2148017,1,0,68.605);
Insert into LRM_POSITION (ID,ROAD_LINK_ID,SIDE_CODE,START_MEASURE,END_MEASURE) values (900680,5994,1,0,105.141);
Insert into LRM_POSITION (ID,ROAD_LINK_ID,SIDE_CODE,START_MEASURE,END_MEASURE) values (900682,2148050,1,1.23,5.202);
Insert into LRM_POSITION (ID,ROAD_LINK_ID,SIDE_CODE,START_MEASURE,END_MEASURE) values (900684,5648,1,0,126.909);
Insert into LRM_POSITION (ID,ROAD_LINK_ID,SIDE_CODE,START_MEASURE,END_MEASURE) values (900708,2414744,1,0,237.315);
Insert into LRM_POSITION (ID,ROAD_LINK_ID,SIDE_CODE,START_MEASURE,END_MEASURE) values (900709,2574318,1,0,7.123);
Insert into LRM_POSITION (ID,ROAD_LINK_ID,SIDE_CODE,START_MEASURE,END_MEASURE) values (900710,5769,1,0,44.093);
Insert into LRM_POSITION (ID,ROAD_LINK_ID,SIDE_CODE,START_MEASURE,END_MEASURE) values (900711,5559,1,5.065,16.283);
Insert into LRM_POSITION (ID,ROAD_LINK_ID,SIDE_CODE,START_MEASURE,END_MEASURE) values (900712,5801,1,0,34.379);
Insert into LRM_POSITION (ID,ROAD_LINK_ID,SIDE_CODE,START_MEASURE,END_MEASURE) values (900713,5853,1,0,13.476);
Insert into LRM_POSITION (ID,ROAD_LINK_ID,SIDE_CODE,START_MEASURE,END_MEASURE) values (900714,5788,1,0,174.119);
Insert into LRM_POSITION (ID,ROAD_LINK_ID,SIDE_CODE,START_MEASURE,END_MEASURE) values (900715,5770,1,0,60.575);
Insert into LRM_POSITION (ID,ROAD_LINK_ID,SIDE_CODE,START_MEASURE,END_MEASURE) values (900717,5836,1,0,29.387);
Insert into LRM_POSITION (ID,ROAD_LINK_ID,SIDE_CODE,START_MEASURE,END_MEASURE) values (900718,5901,1,0,7.772);
Insert into LRM_POSITION (ID,ROAD_LINK_ID,SIDE_CODE,START_MEASURE,END_MEASURE) values (900719,5989,1,0,10.308);
Insert into LRM_POSITION (ID,ROAD_LINK_ID,SIDE_CODE,START_MEASURE,END_MEASURE) values (900721,2499846,1,0,6.485);
Insert into LRM_POSITION (ID,ROAD_LINK_ID,SIDE_CODE,START_MEASURE,END_MEASURE) values (900723,2499851,1,0,7.666);
Insert into LRM_POSITION (ID,ROAD_LINK_ID,SIDE_CODE,START_MEASURE,END_MEASURE) values (900725,2499853,1,0.27,7.951);
Insert into LRM_POSITION (ID,ROAD_LINK_ID,SIDE_CODE,START_MEASURE,END_MEASURE) values (900727,2499842,1,0,4.304);
Insert into LRM_POSITION (ID,ROAD_LINK_ID,SIDE_CODE,START_MEASURE,END_MEASURE) values (900729,2499879,1,0,20.498);
Insert into LRM_POSITION (ID,ROAD_LINK_ID,SIDE_CODE,START_MEASURE,END_MEASURE) values (900731,2499834,1,0,7.39);
Insert into LRM_POSITION (ID,ROAD_LINK_ID,SIDE_CODE,START_MEASURE,END_MEASURE) values (900733,2499885,1,0,5.169);
Insert into LRM_POSITION (ID,ROAD_LINK_ID,SIDE_CODE,START_MEASURE,END_MEASURE) values (900735,2499827,1,0,14.623);
Insert into LRM_POSITION (ID,ROAD_LINK_ID,SIDE_CODE,START_MEASURE,END_MEASURE) values (900737,2499819,1,0,11.125);
Insert into LRM_POSITION (ID,ROAD_LINK_ID,SIDE_CODE,START_MEASURE,END_MEASURE) values (900739,5990,1,0,169.761);
Insert into LRM_POSITION (ID,ROAD_LINK_ID,SIDE_CODE,START_MEASURE,END_MEASURE) values (900740,5914,1,0,15.875);
Insert into LRM_POSITION (ID,ROAD_LINK_ID,SIDE_CODE,START_MEASURE,END_MEASURE) values (900741,2414739,1,0,86.123);
Insert into LRM_POSITION (ID,ROAD_LINK_ID,SIDE_CODE,START_MEASURE,END_MEASURE) values (900742,5865,1,0,12.116);
Insert into LRM_POSITION (ID,ROAD_LINK_ID,SIDE_CODE,START_MEASURE,END_MEASURE) values (900743,5871,1,0,66.224);
Insert into LRM_POSITION (ID,ROAD_LINK_ID,SIDE_CODE,START_MEASURE,END_MEASURE) values (900744,5744,1,0,87.836);
Insert into LRM_POSITION (ID,ROAD_LINK_ID,SIDE_CODE,START_MEASURE,END_MEASURE) values (900745,5821,1,0,57.815);
Insert into LRM_POSITION (ID,ROAD_LINK_ID,SIDE_CODE,START_MEASURE,END_MEASURE) values (900746,5761,1,0,115.677);
Insert into LRM_POSITION (ID,ROAD_LINK_ID,SIDE_CODE,START_MEASURE,END_MEASURE) values (900747,2148048,1,0,29.972);
Insert into LRM_POSITION (ID,ROAD_LINK_ID,SIDE_CODE,START_MEASURE,END_MEASURE) values (900748,5675,1,0,47.745);
Insert into LRM_POSITION (ID,ROAD_LINK_ID,SIDE_CODE,START_MEASURE,END_MEASURE) values (900749,2414737,1,0,59.934);
Insert into LRM_POSITION (ID,ROAD_LINK_ID,SIDE_CODE,START_MEASURE,END_MEASURE) values (900750,5931,1,0,243.333);
Insert into LRM_POSITION (ID,ROAD_LINK_ID,SIDE_CODE,START_MEASURE,END_MEASURE) values (900751,5724,1,0,56.829);
Insert into LRM_POSITION (ID,ROAD_LINK_ID,SIDE_CODE,START_MEASURE,END_MEASURE) values (900753,2499856,1,0,14.116);
Insert into LRM_POSITION (ID,ROAD_LINK_ID,SIDE_CODE,START_MEASURE,END_MEASURE) values (900755,2499829,1,0,7.128);
Insert into LRM_POSITION (ID,ROAD_LINK_ID,SIDE_CODE,START_MEASURE,END_MEASURE) values (900824,2302468,1,0,154.27);
Insert into LRM_POSITION (ID,ROAD_LINK_ID,SIDE_CODE,START_MEASURE,END_MEASURE) values (900828,2302468,1,154.27,279.851);
Insert into LRM_POSITION (ID,ROAD_LINK_ID,SIDE_CODE,START_MEASURE,END_MEASURE) values (900846,5640,1,24.679,34.071);
Insert into LRM_POSITION (ID,ROAD_LINK_ID,SIDE_CODE,START_MEASURE,END_MEASURE) values (900848,5889,1,0,16.499);
Insert into LRM_POSITION (ID,ROAD_LINK_ID,SIDE_CODE,START_MEASURE,END_MEASURE) values (900849,2148033,1,0,214.01);
Insert into LRM_POSITION (ID,ROAD_LINK_ID,SIDE_CODE,START_MEASURE,END_MEASURE) values (900850,5834,1,0,112.157);
Insert into LRM_POSITION (ID,ROAD_LINK_ID,SIDE_CODE,START_MEASURE,END_MEASURE) values (900852,5751,1,0,208.951);
Insert into LRM_POSITION (ID,ROAD_LINK_ID,SIDE_CODE,START_MEASURE,END_MEASURE) values (900853,5703,1,0,17.118);
Insert into LRM_POSITION (ID,ROAD_LINK_ID,SIDE_CODE,START_MEASURE,END_MEASURE) values (900854,5909,1,0,67.883);
Insert into LRM_POSITION (ID,ROAD_LINK_ID,SIDE_CODE,START_MEASURE,END_MEASURE) values (900856,5730,1,0,85.324);
Insert into LRM_POSITION (ID,ROAD_LINK_ID,SIDE_CODE,START_MEASURE,END_MEASURE) values (900857,5541,1,0,10.419);
Insert into LRM_POSITION (ID,ROAD_LINK_ID,SIDE_CODE,START_MEASURE,END_MEASURE) values (900859,5615,1,0,144.476);
Insert into LRM_POSITION (ID,ROAD_LINK_ID,SIDE_CODE,START_MEASURE,END_MEASURE) values (900861,5870,1,0,71.567);
Insert into LRM_POSITION (ID,ROAD_LINK_ID,SIDE_CODE,START_MEASURE,END_MEASURE) values (900863,5876,1,0,148.586);
Insert into LRM_POSITION (ID,ROAD_LINK_ID,SIDE_CODE,START_MEASURE,END_MEASURE) values (900865,5750,1,0,18.499);
Insert into LRM_POSITION (ID,ROAD_LINK_ID,SIDE_CODE,START_MEASURE,END_MEASURE) values (900867,5677,1,0,13.157);
Insert into LRM_POSITION (ID,ROAD_LINK_ID,SIDE_CODE,START_MEASURE,END_MEASURE) values (900869,5847,1,0,78.926);
Insert into LRM_POSITION (ID,ROAD_LINK_ID,SIDE_CODE,START_MEASURE,END_MEASURE) values (900871,5723,1,0,99.086);
Insert into LRM_POSITION (ID,ROAD_LINK_ID,SIDE_CODE,START_MEASURE,END_MEASURE) values (900873,2446579,2,0,42.942);
Insert into LRM_POSITION (ID,ROAD_LINK_ID,SIDE_CODE,START_MEASURE,END_MEASURE) values (900874,2446559,2,0,56.499);
Insert into LRM_POSITION (ID,ROAD_LINK_ID,SIDE_CODE,START_MEASURE,END_MEASURE) values (900875,2446567,2,0,8.103);
Insert into LRM_POSITION (ID,ROAD_LINK_ID,SIDE_CODE,START_MEASURE,END_MEASURE) values (900876,2446549,2,0,111.096);
Insert into LRM_POSITION (ID,ROAD_LINK_ID,SIDE_CODE,START_MEASURE,END_MEASURE) values (900877,2446542,2,0,36.703);
Insert into LRM_POSITION (ID,ROAD_LINK_ID,SIDE_CODE,START_MEASURE,END_MEASURE) values (900879,5960,1,0,117.064);
Insert into LRM_POSITION (ID,ROAD_LINK_ID,SIDE_CODE,START_MEASURE,END_MEASURE) values (900880,5835,1,0,58.576);
Insert into LRM_POSITION (ID,ROAD_LINK_ID,SIDE_CODE,START_MEASURE,END_MEASURE) values (900890,5602,3,0,266.65);
Insert into LRM_POSITION (ID,ROAD_LINK_ID,SIDE_CODE,START_MEASURE,END_MEASURE) values (900892,5937,3,0,122.543);
Insert into LRM_POSITION (ID,ROAD_LINK_ID,SIDE_CODE,START_MEASURE,END_MEASURE) values (900893,5722,3,0,319.551);
Insert into LRM_POSITION (ID,ROAD_LINK_ID,SIDE_CODE,START_MEASURE,END_MEASURE) values (900894,2245186,3,0,367.384);
Insert into LRM_POSITION (ID,ROAD_LINK_ID,SIDE_CODE,START_MEASURE,END_MEASURE) values (900895,5651,3,0,17.064);
Insert into LRM_POSITION (ID,ROAD_LINK_ID,SIDE_CODE,START_MEASURE,END_MEASURE) values (900897,5714,2,0,236.82);
Insert into LRM_POSITION (ID,ROAD_LINK_ID,SIDE_CODE,START_MEASURE,END_MEASURE) values (900899,5822,2,0,821.811);
Insert into LRM_POSITION (ID,ROAD_LINK_ID,SIDE_CODE,START_MEASURE,END_MEASURE) values (900900,5570,2,0,16.785);
Insert into LRM_POSITION (ID,ROAD_LINK_ID,SIDE_CODE,START_MEASURE,END_MEASURE) values (900902,5566,2,0,497.39);
Insert into LRM_POSITION (ID,ROAD_LINK_ID,SIDE_CODE,START_MEASURE,END_MEASURE) values (900904,5566,3,0,495.751);
Insert into LRM_POSITION (ID,ROAD_LINK_ID,SIDE_CODE,START_MEASURE,END_MEASURE) values (900914,2446577,2,174.459,300.291);
Insert into LRM_POSITION (ID,ROAD_LINK_ID,SIDE_CODE,START_MEASURE,END_MEASURE) values (900916,5976,3,175.444,300.485);
Insert into LRM_POSITION (ID,ROAD_LINK_ID,SIDE_CODE,START_MEASURE,END_MEASURE) values (900093,71442,1,0,36.109);
Insert into LRM_POSITION (ID,ROAD_LINK_ID,SIDE_CODE,START_MEASURE,END_MEASURE) values (900095,5704,1,164.301,237.18);
Insert into LRM_POSITION (ID,ROAD_LINK_ID,SIDE_CODE,START_MEASURE,END_MEASURE) values (900223,5731,1,0,120.963);
Insert into LRM_POSITION (ID,ROAD_LINK_ID,SIDE_CODE,START_MEASURE,END_MEASURE) values (900225,2148032,1,0,166.332);
Insert into LRM_POSITION (ID,ROAD_LINK_ID,SIDE_CODE,START_MEASURE,END_MEASURE) values (900227,5856,1,0,28.097);
Insert into LRM_POSITION (ID,ROAD_LINK_ID,SIDE_CODE,START_MEASURE,END_MEASURE) values (900229,5842,1,0,152.275);
Insert into LRM_POSITION (ID,ROAD_LINK_ID,SIDE_CODE,START_MEASURE,END_MEASURE) values (900233,5764,1,0,99.986);
Insert into LRM_POSITION (ID,ROAD_LINK_ID,SIDE_CODE,START_MEASURE,END_MEASURE) values (900236,5973,1,3.25,17.739);
Insert into LRM_POSITION (ID,ROAD_LINK_ID,SIDE_CODE,START_MEASURE,END_MEASURE) values (900240,5973,1,0,3.25);
Insert into LRM_POSITION (ID,ROAD_LINK_ID,SIDE_CODE,START_MEASURE,END_MEASURE) values (900589,1913712,1,0,8.42);
Insert into LRM_POSITION (ID,ROAD_LINK_ID,SIDE_CODE,START_MEASURE,END_MEASURE) values (900591,5715,1,0,163.244);
Insert into LRM_POSITION (ID,ROAD_LINK_ID,SIDE_CODE,START_MEASURE,END_MEASURE) values (900592,5647,1,0,58.637);
Insert into LRM_POSITION (ID,ROAD_LINK_ID,SIDE_CODE,START_MEASURE,END_MEASURE) values (900593,5637,1,0,137.816);
Insert into LRM_POSITION (ID,ROAD_LINK_ID,SIDE_CODE,START_MEASURE,END_MEASURE) values (900595,1913708,3,0,12.51);
Insert into LRM_POSITION (ID,ROAD_LINK_ID,SIDE_CODE,START_MEASURE,END_MEASURE) values (900596,1913713,3,0,15.372);
Insert into LRM_POSITION (ID,ROAD_LINK_ID,SIDE_CODE,START_MEASURE,END_MEASURE) values (900598,5939,2,0,18.84);
Insert into LRM_POSITION (ID,ROAD_LINK_ID,SIDE_CODE,START_MEASURE,END_MEASURE) values (900599,5694,2,0,13.482);
Insert into LRM_POSITION (ID,ROAD_LINK_ID,SIDE_CODE,START_MEASURE,END_MEASURE) values (900601,5733,3,0,14.845);
Insert into LRM_POSITION (ID,ROAD_LINK_ID,SIDE_CODE,START_MEASURE,END_MEASURE) values (900602,5946,3,0,21.306);
Insert into LRM_POSITION (ID,ROAD_LINK_ID,SIDE_CODE,START_MEASURE,END_MEASURE) values (900604,2574339,1,0,228.98);
Insert into LRM_POSITION (ID,ROAD_LINK_ID,SIDE_CODE,START_MEASURE,END_MEASURE) values (900605,5839,1,0,46.767);
Insert into LRM_POSITION (ID,ROAD_LINK_ID,SIDE_CODE,START_MEASURE,END_MEASURE) values (900606,5746,1,0,215.423);
Insert into LRM_POSITION (ID,ROAD_LINK_ID,SIDE_CODE,START_MEASURE,END_MEASURE) values (900607,5658,1,0,81.392);
Insert into LRM_POSITION (ID,ROAD_LINK_ID,SIDE_CODE,START_MEASURE,END_MEASURE) values (900608,5968,1,0,16.577);
Insert into LRM_POSITION (ID,ROAD_LINK_ID,SIDE_CODE,START_MEASURE,END_MEASURE) values (900609,5696,1,0,10.462);
Insert into LRM_POSITION (ID,ROAD_LINK_ID,SIDE_CODE,START_MEASURE,END_MEASURE) values (900610,5621,1,0,153.808);
Insert into LRM_POSITION (ID,ROAD_LINK_ID,SIDE_CODE,START_MEASURE,END_MEASURE) values (900611,5917,1,0,184.256);
Insert into LRM_POSITION (ID,ROAD_LINK_ID,SIDE_CODE,START_MEASURE,END_MEASURE) values (900612,5776,1,0,85.917);
Insert into LRM_POSITION (ID,ROAD_LINK_ID,SIDE_CODE,START_MEASURE,END_MEASURE) values (900613,5682,1,0,178.23);
Insert into LRM_POSITION (ID,ROAD_LINK_ID,SIDE_CODE,START_MEASURE,END_MEASURE) values (900614,5753,1,0,142.751);
Insert into LRM_POSITION (ID,ROAD_LINK_ID,SIDE_CODE,START_MEASURE,END_MEASURE) values (900615,5927,1,0,114.266);
Insert into LRM_POSITION (ID,ROAD_LINK_ID,SIDE_CODE,START_MEASURE,END_MEASURE) values (900616,5915,1,0,63.217);
Insert into LRM_POSITION (ID,ROAD_LINK_ID,SIDE_CODE,START_MEASURE,END_MEASURE) values (900617,2499893,1,0,5.073);
Insert into LRM_POSITION (ID,ROAD_LINK_ID,SIDE_CODE,START_MEASURE,END_MEASURE) values (900618,5533,1,0,15.62);
Insert into LRM_POSITION (ID,ROAD_LINK_ID,SIDE_CODE,START_MEASURE,END_MEASURE) values (900619,5594,1,0,54.504);
Insert into LRM_POSITION (ID,ROAD_LINK_ID,SIDE_CODE,START_MEASURE,END_MEASURE) values (900620,5680,1,0,54.776);
Insert into LRM_POSITION (ID,ROAD_LINK_ID,SIDE_CODE,START_MEASURE,END_MEASURE) values (900621,5608,1,0,59.391);
Insert into LRM_POSITION (ID,ROAD_LINK_ID,SIDE_CODE,START_MEASURE,END_MEASURE) values (900622,5692,1,0,126.275);
Insert into LRM_POSITION (ID,ROAD_LINK_ID,SIDE_CODE,START_MEASURE,END_MEASURE) values (900623,5765,1,0,66.965);
Insert into LRM_POSITION (ID,ROAD_LINK_ID,SIDE_CODE,START_MEASURE,END_MEASURE) values (900625,5641,1,0,6.978);
Insert into LRM_POSITION (ID,ROAD_LINK_ID,SIDE_CODE,START_MEASURE,END_MEASURE) values (900627,5778,1,0,54.298);
Insert into LRM_POSITION (ID,ROAD_LINK_ID,SIDE_CODE,START_MEASURE,END_MEASURE) values (900629,2414742,1,0,21.051);
Insert into LRM_POSITION (ID,ROAD_LINK_ID,SIDE_CODE,START_MEASURE,END_MEASURE) values (900630,5574,1,0,16.992);
Insert into LRM_POSITION (ID,ROAD_LINK_ID,SIDE_CODE,START_MEASURE,END_MEASURE) values (900631,2499861,1,0,118.413);
Insert into LRM_POSITION (ID,ROAD_LINK_ID,SIDE_CODE,START_MEASURE,END_MEASURE) values (900632,5809,1,0,38.392);
Insert into LRM_POSITION (ID,ROAD_LINK_ID,SIDE_CODE,START_MEASURE,END_MEASURE) values (900633,5778,1,54.298,98.338);
Insert into LRM_POSITION (ID,ROAD_LINK_ID,SIDE_CODE,START_MEASURE,END_MEASURE) values (900634,5583,1,0,73.104);
Insert into LRM_POSITION (ID,ROAD_LINK_ID,SIDE_CODE,START_MEASURE,END_MEASURE) values (900635,5718,1,0,193.357);
Insert into LRM_POSITION (ID,ROAD_LINK_ID,SIDE_CODE,START_MEASURE,END_MEASURE) values (900637,5667,1,0,63.886);
Insert into LRM_POSITION (ID,ROAD_LINK_ID,SIDE_CODE,START_MEASURE,END_MEASURE) values (900639,5667,1,63.886,193.569);
Insert into LRM_POSITION (ID,ROAD_LINK_ID,SIDE_CODE,START_MEASURE,END_MEASURE) values (900641,5690,1,0,82.351);
Insert into LRM_POSITION (ID,ROAD_LINK_ID,SIDE_CODE,START_MEASURE,END_MEASURE) values (900643,5795,1,0,286.005);
Insert into LRM_POSITION (ID,ROAD_LINK_ID,SIDE_CODE,START_MEASURE,END_MEASURE) values (900644,5631,1,0,91.226);
Insert into LRM_POSITION (ID,ROAD_LINK_ID,SIDE_CODE,START_MEASURE,END_MEASURE) values (900645,5613,1,0,24.011);
Insert into LRM_POSITION (ID,ROAD_LINK_ID,SIDE_CODE,START_MEASURE,END_MEASURE) values (900646,5840,1,0,131.849);
Insert into LRM_POSITION (ID,ROAD_LINK_ID,SIDE_CODE,START_MEASURE,END_MEASURE) values (900647,5794,1,0,14.982);
Insert into LRM_POSITION (ID,ROAD_LINK_ID,SIDE_CODE,START_MEASURE,END_MEASURE) values (900648,5872,1,0,167.657);
Insert into LRM_POSITION (ID,ROAD_LINK_ID,SIDE_CODE,START_MEASURE,END_MEASURE) values (900686,5661,1,0,93.592);
Insert into LRM_POSITION (ID,ROAD_LINK_ID,SIDE_CODE,START_MEASURE,END_MEASURE) values (900688,2148049,1,0,51.35);
Insert into LRM_POSITION (ID,ROAD_LINK_ID,SIDE_CODE,START_MEASURE,END_MEASURE) values (900690,5622,1,0.17,151.027);
Insert into LRM_POSITION (ID,ROAD_LINK_ID,SIDE_CODE,START_MEASURE,END_MEASURE) values (900692,5622,1,151.027,364.214);
Insert into LRM_POSITION (ID,ROAD_LINK_ID,SIDE_CODE,START_MEASURE,END_MEASURE) values (900693,5685,1,0,32.326);
Insert into LRM_POSITION (ID,ROAD_LINK_ID,SIDE_CODE,START_MEASURE,END_MEASURE) values (900694,5697,1,0,40.237);
Insert into LRM_POSITION (ID,ROAD_LINK_ID,SIDE_CODE,START_MEASURE,END_MEASURE) values (900699,2446555,1,0,101.299);
Insert into LRM_POSITION (ID,ROAD_LINK_ID,SIDE_CODE,START_MEASURE,END_MEASURE) values (900703,2446547,1,0,126.943);
Insert into LRM_POSITION (ID,ROAD_LINK_ID,SIDE_CODE,START_MEASURE,END_MEASURE) values (900706,2497566,1,0,5.689);
Insert into LRM_POSITION (ID,ROAD_LINK_ID,SIDE_CODE,START_MEASURE,END_MEASURE) values (900757,1913688,1,0,60.861);
Insert into LRM_POSITION (ID,ROAD_LINK_ID,SIDE_CODE,START_MEASURE,END_MEASURE) values (900759,2148023,1,0,13.264);
Insert into LRM_POSITION (ID,ROAD_LINK_ID,SIDE_CODE,START_MEASURE,END_MEASURE) values (900761,2574322,1,0,188.675);
Insert into LRM_POSITION (ID,ROAD_LINK_ID,SIDE_CODE,START_MEASURE,END_MEASURE) values (900763,2499881,1,1.955,141.406);
Insert into LRM_POSITION (ID,ROAD_LINK_ID,SIDE_CODE,START_MEASURE,END_MEASURE) values (900774,2336515,1,0,7.815);
Insert into LRM_POSITION (ID,ROAD_LINK_ID,SIDE_CODE,START_MEASURE,END_MEASURE) values (900776,2336512,1,0,26.851);
Insert into LRM_POSITION (ID,ROAD_LINK_ID,SIDE_CODE,START_MEASURE,END_MEASURE) values (900778,5756,1,0,23.144);
Insert into LRM_POSITION (ID,ROAD_LINK_ID,SIDE_CODE,START_MEASURE,END_MEASURE) values (900767,2446582,2,0,10.113);
Insert into LRM_POSITION (ID,ROAD_LINK_ID,SIDE_CODE,START_MEASURE,END_MEASURE) values (900768,2446551,2,0,12.245);
Insert into LRM_POSITION (ID,ROAD_LINK_ID,SIDE_CODE,START_MEASURE,END_MEASURE) values (900769,2446570,2,0,74.172);
Insert into LRM_POSITION (ID,ROAD_LINK_ID,SIDE_CODE,START_MEASURE,END_MEASURE) values (900771,2446545,3,0,85.823);
Insert into LRM_POSITION (ID,ROAD_LINK_ID,SIDE_CODE,START_MEASURE,END_MEASURE) values (900775,2092489,2,0,12.765);
Insert into LRM_POSITION (ID,ROAD_LINK_ID,SIDE_CODE,START_MEASURE,END_MEASURE) values (900779,1913714,3,0,8.822);
Insert into LRM_POSITION (ID,ROAD_LINK_ID,SIDE_CODE,START_MEASURE,END_MEASURE) values (900781,2446541,2,0,13.135);
Insert into LRM_POSITION (ID,ROAD_LINK_ID,SIDE_CODE,START_MEASURE,END_MEASURE) values (900783,2446558,2,0,9.69);
Insert into LRM_POSITION (ID,ROAD_LINK_ID,SIDE_CODE,START_MEASURE,END_MEASURE) values (900784,2446562,2,0,8.705);
Insert into LRM_POSITION (ID,ROAD_LINK_ID,SIDE_CODE,START_MEASURE,END_MEASURE) values (900785,2446544,2,0,24.731);
Insert into LRM_POSITION (ID,ROAD_LINK_ID,SIDE_CODE,START_MEASURE,END_MEASURE) values (900787,2446540,3,0,10.462);
Insert into LRM_POSITION (ID,ROAD_LINK_ID,SIDE_CODE,START_MEASURE,END_MEASURE) values (900788,2446576,3,0,10.049);
Insert into LRM_POSITION (ID,ROAD_LINK_ID,SIDE_CODE,START_MEASURE,END_MEASURE) values (900790,1913711,2,0,8.583);
Insert into LRM_POSITION (ID,ROAD_LINK_ID,SIDE_CODE,START_MEASURE,END_MEASURE) values (900792,2628531,2,0,7.583);
Insert into LRM_POSITION (ID,ROAD_LINK_ID,SIDE_CODE,START_MEASURE,END_MEASURE) values (900794,2190513,1,0,102.288);
Insert into LRM_POSITION (ID,ROAD_LINK_ID,SIDE_CODE,START_MEASURE,END_MEASURE) values (900796,5691,1,0,129.196);
Insert into LRM_POSITION (ID,ROAD_LINK_ID,SIDE_CODE,START_MEASURE,END_MEASURE) values (900798,5800,1,0,126.436);
Insert into LRM_POSITION (ID,ROAD_LINK_ID,SIDE_CODE,START_MEASURE,END_MEASURE) values (900800,5536,1,0,136.862);
Insert into LRM_POSITION (ID,ROAD_LINK_ID,SIDE_CODE,START_MEASURE,END_MEASURE) values (900801,5741,1,0,129.605);
Insert into LRM_POSITION (ID,ROAD_LINK_ID,SIDE_CODE,START_MEASURE,END_MEASURE) values (900803,5936,1,32.108,100.813);
Insert into LRM_POSITION (ID,ROAD_LINK_ID,SIDE_CODE,START_MEASURE,END_MEASURE) values (900841,5790,1,0,76.373);
Insert into LRM_POSITION (ID,ROAD_LINK_ID,SIDE_CODE,START_MEASURE,END_MEASURE) values (900843,5852,1,0,91.469);
Insert into LRM_POSITION (ID,ROAD_LINK_ID,SIDE_CODE,START_MEASURE,END_MEASURE) values (900844,5628,1,0,49.148);
Insert into LRM_POSITION (ID,ROAD_LINK_ID,SIDE_CODE,START_MEASURE,END_MEASURE) values (900882,2405449,2,0,5.312);
Insert into LRM_POSITION (ID,ROAD_LINK_ID,SIDE_CODE,START_MEASURE,END_MEASURE) values (900884,2405451,2,0,80.282);
Insert into LRM_POSITION (ID,ROAD_LINK_ID,SIDE_CODE,START_MEASURE,END_MEASURE) values (900886,2405440,3,0,5.218);
Insert into LRM_POSITION (ID,ROAD_LINK_ID,SIDE_CODE,START_MEASURE,END_MEASURE) values (900888,2405438,3,0,79.721);
Insert into LRM_POSITION (ID,ROAD_LINK_ID,SIDE_CODE,START_MEASURE,END_MEASURE) values (900906,5806,3,0,131.601);
Insert into LRM_POSITION (ID,ROAD_LINK_ID,SIDE_CODE,START_MEASURE,END_MEASURE) values (900908,2439413,2,0,133.287);
Insert into LRM_POSITION (ID,ROAD_LINK_ID,SIDE_CODE,START_MEASURE,END_MEASURE) values (900910,2446577,2,0,174.459);
Insert into LRM_POSITION (ID,ROAD_LINK_ID,SIDE_CODE,START_MEASURE,END_MEASURE) values (900912,5976,3,0,175.444);
Insert into LRM_POSITION (ID,ROAD_LINK_ID,SIDE_CODE,START_MEASURE,END_MEASURE) values (900137,5811,1,0,1.69);
Insert into LRM_POSITION (ID,ROAD_LINK_ID,SIDE_CODE,START_MEASURE,END_MEASURE) values (900139,5811,1,1.69,3.24);
Insert into LRM_POSITION (ID,ROAD_LINK_ID,SIDE_CODE,START_MEASURE,END_MEASURE) values (900141,5907,1,82.772,142.592);
Insert into LRM_POSITION (ID,ROAD_LINK_ID,SIDE_CODE,START_MEASURE,END_MEASURE) values (900143,5829,1,0,73.294);
Insert into LRM_POSITION (ID,ROAD_LINK_ID,SIDE_CODE,START_MEASURE,END_MEASURE) values (900145,5712,1,5.2,7.109);
Insert into LRM_POSITION (ID,ROAD_LINK_ID,SIDE_CODE,START_MEASURE,END_MEASURE) values (900146,5997,1,0,54.25);
Insert into LRM_POSITION (ID,ROAD_LINK_ID,SIDE_CODE,START_MEASURE,END_MEASURE) values (900148,5712,1,1.93,5.2);
Insert into LRM_POSITION (ID,ROAD_LINK_ID,SIDE_CODE,START_MEASURE,END_MEASURE) values (900150,5869,1,0,77.357);
Insert into LRM_POSITION (ID,ROAD_LINK_ID,SIDE_CODE,START_MEASURE,END_MEASURE) values (900152,5967,1,0,38.598);
Insert into LRM_POSITION (ID,ROAD_LINK_ID,SIDE_CODE,START_MEASURE,END_MEASURE) values (900154,5911,1,0,27.365);
Insert into LRM_POSITION (ID,ROAD_LINK_ID,SIDE_CODE,START_MEASURE,END_MEASURE) values (900155,5618,1,0,36.854);
Insert into LRM_POSITION (ID,ROAD_LINK_ID,SIDE_CODE,START_MEASURE,END_MEASURE) values (900157,5873,1,0,26.328);
Insert into LRM_POSITION (ID,ROAD_LINK_ID,SIDE_CODE,START_MEASURE,END_MEASURE) values (900159,2414741,1,0,7.876);
Insert into LRM_POSITION (ID,ROAD_LINK_ID,SIDE_CODE,START_MEASURE,END_MEASURE) values (900161,5841,1,0,19.661);
Insert into LRM_POSITION (ID,ROAD_LINK_ID,SIDE_CODE,START_MEASURE,END_MEASURE) values (900162,5575,1,0,117.318);
Insert into LRM_POSITION (ID,ROAD_LINK_ID,SIDE_CODE,START_MEASURE,END_MEASURE) values (900163,5867,1,0,9.921);
Insert into LRM_POSITION (ID,ROAD_LINK_ID,SIDE_CODE,START_MEASURE,END_MEASURE) values (900165,5898,1,0,73.682);
Insert into LRM_POSITION (ID,ROAD_LINK_ID,SIDE_CODE,START_MEASURE,END_MEASURE) values (900167,5897,1,0,103.525);
Insert into LRM_POSITION (ID,ROAD_LINK_ID,SIDE_CODE,START_MEASURE,END_MEASURE) values (900169,5642,1,197.122,226.103);
Insert into LRM_POSITION (ID,ROAD_LINK_ID,SIDE_CODE,START_MEASURE,END_MEASURE) values (900171,2336511,1,0,20.43);
Insert into LRM_POSITION (ID,ROAD_LINK_ID,SIDE_CODE,START_MEASURE,END_MEASURE) values (900172,2336504,1,0,85.287);
Insert into LRM_POSITION (ID,ROAD_LINK_ID,SIDE_CODE,START_MEASURE,END_MEASURE) values (900174,5928,1,51.515,385.367);
Insert into LRM_POSITION (ID,ROAD_LINK_ID,SIDE_CODE,START_MEASURE,END_MEASURE) values (900176,5928,1,0,51.515);
Insert into LRM_POSITION (ID,ROAD_LINK_ID,SIDE_CODE,START_MEASURE,END_MEASURE) values (900178,2414746,1,0,49.051);
Insert into LRM_POSITION (ID,ROAD_LINK_ID,SIDE_CODE,START_MEASURE,END_MEASURE) values (900180,5936,1,8.957,32.108);
Insert into LRM_POSITION (ID,ROAD_LINK_ID,SIDE_CODE,START_MEASURE,END_MEASURE) values (900182,2100079,1,0,119.187);
Insert into LRM_POSITION (ID,ROAD_LINK_ID,SIDE_CODE,START_MEASURE,END_MEASURE) values (900184,2148049,1,51.35,78.973);
Insert into LRM_POSITION (ID,ROAD_LINK_ID,SIDE_CODE,START_MEASURE,END_MEASURE) values (900186,5762,1,1.987,117.772);
Insert into LRM_POSITION (ID,ROAD_LINK_ID,SIDE_CODE,START_MEASURE,END_MEASURE) values (900188,5762,1,0,1.987);
Insert into LRM_POSITION (ID,ROAD_LINK_ID,SIDE_CODE,START_MEASURE,END_MEASURE) values (900190,5725,1,0,64.631);
Insert into LRM_POSITION (ID,ROAD_LINK_ID,SIDE_CODE,START_MEASURE,END_MEASURE) values (900192,5777,1,0.56,43.317);
Insert into LRM_POSITION (ID,ROAD_LINK_ID,SIDE_CODE,START_MEASURE,END_MEASURE) values (900194,5777,1,0,0.56);
Insert into LRM_POSITION (ID,ROAD_LINK_ID,SIDE_CODE,START_MEASURE,END_MEASURE) values (900196,5981,1,0,278.875);
Insert into LRM_POSITION (ID,ROAD_LINK_ID,SIDE_CODE,START_MEASURE,END_MEASURE) values (900198,5942,1,1.608,259.985);
Insert into LRM_POSITION (ID,ROAD_LINK_ID,SIDE_CODE,START_MEASURE,END_MEASURE) values (900200,5942,1,0,1.608);
Insert into LRM_POSITION (ID,ROAD_LINK_ID,SIDE_CODE,START_MEASURE,END_MEASURE) values (900202,5630,1,0,147.029);
Insert into LRM_POSITION (ID,ROAD_LINK_ID,SIDE_CODE,START_MEASURE,END_MEASURE) values (900204,5796,1,0,11.672);
Insert into LRM_POSITION (ID,ROAD_LINK_ID,SIDE_CODE,START_MEASURE,END_MEASURE) values (900206,5660,1,0,92.608);
Insert into LRM_POSITION (ID,ROAD_LINK_ID,SIDE_CODE,START_MEASURE,END_MEASURE) values (900208,5988,1,0,66.947);
Insert into LRM_POSITION (ID,ROAD_LINK_ID,SIDE_CODE,START_MEASURE,END_MEASURE) values (900210,5732,1,0,90.457);
Insert into LRM_POSITION (ID,ROAD_LINK_ID,SIDE_CODE,START_MEASURE,END_MEASURE) values (900212,5678,1,0,65.119);
Insert into LRM_POSITION (ID,ROAD_LINK_ID,SIDE_CODE,START_MEASURE,END_MEASURE) values (900214,5887,1,0,204.216);
Insert into LRM_POSITION (ID,ROAD_LINK_ID,SIDE_CODE,START_MEASURE,END_MEASURE) values (900216,5828,1,0,150.014);
Insert into LRM_POSITION (ID,ROAD_LINK_ID,SIDE_CODE,START_MEASURE,END_MEASURE) values (900217,5558,1,0,282.63);
Insert into LRM_POSITION (ID,ROAD_LINK_ID,SIDE_CODE,START_MEASURE,END_MEASURE) values (900219,5974,1,0,173.242);
Insert into LRM_POSITION (ID,ROAD_LINK_ID,SIDE_CODE,START_MEASURE,END_MEASURE) values (900222,5650,1,2.289,265.895);
Insert into LRM_POSITION (ID,ROAD_LINK_ID,SIDE_CODE,START_MEASURE,END_MEASURE) values (900226,5650,1,0,2.289);
Insert into LRM_POSITION (ID,ROAD_LINK_ID,SIDE_CODE,START_MEASURE,END_MEASURE) values (900230,5757,1,0,35.728);
Insert into LRM_POSITION (ID,ROAD_LINK_ID,SIDE_CODE,START_MEASURE,END_MEASURE) values (900234,5757,1,35.728,36.928);
Insert into LRM_POSITION (ID,ROAD_LINK_ID,SIDE_CODE,START_MEASURE,END_MEASURE) values (900237,5838,1,0,25.246);
Insert into LRM_POSITION (ID,ROAD_LINK_ID,SIDE_CODE,START_MEASURE,END_MEASURE) values (900239,5855,1,0,96.633);
Insert into LRM_POSITION (ID,ROAD_LINK_ID,SIDE_CODE,START_MEASURE,END_MEASURE) values (900242,5921,1,0,202.997);
Insert into LRM_POSITION (ID,ROAD_LINK_ID,SIDE_CODE,START_MEASURE,END_MEASURE) values (900243,5538,1,0,8.169);
Insert into LRM_POSITION (ID,ROAD_LINK_ID,SIDE_CODE,START_MEASURE,END_MEASURE) values (900245,5791,1,0,152.929);
Insert into LRM_POSITION (ID,ROAD_LINK_ID,SIDE_CODE,START_MEASURE,END_MEASURE) values (900246,5772,1,0,34.786);
Insert into LRM_POSITION (ID,ROAD_LINK_ID,SIDE_CODE,START_MEASURE,END_MEASURE) values (900248,5684,1,0,235.431);
Insert into LRM_POSITION (ID,ROAD_LINK_ID,SIDE_CODE,START_MEASURE,END_MEASURE) values (900250,5702,1,0,207.784);
Insert into LRM_POSITION (ID,ROAD_LINK_ID,SIDE_CODE,START_MEASURE,END_MEASURE) values (900252,5586,1,0,75.744);
Insert into LRM_POSITION (ID,ROAD_LINK_ID,SIDE_CODE,START_MEASURE,END_MEASURE) values (900253,2245188,1,0,87.104);
Insert into LRM_POSITION (ID,ROAD_LINK_ID,SIDE_CODE,START_MEASURE,END_MEASURE) values (900254,5980,1,0,87.014);
Insert into LRM_POSITION (ID,ROAD_LINK_ID,SIDE_CODE,START_MEASURE,END_MEASURE) values (900256,5798,1,0,93.887);
Insert into LRM_POSITION (ID,ROAD_LINK_ID,SIDE_CODE,START_MEASURE,END_MEASURE) values (900258,5729,1,0,249.778);
Insert into LRM_POSITION (ID,ROAD_LINK_ID,SIDE_CODE,START_MEASURE,END_MEASURE) values (900259,5699,1,0,68.882);
Insert into LRM_POSITION (ID,ROAD_LINK_ID,SIDE_CODE,START_MEASURE,END_MEASURE) values (900261,5664,1,0,30.391);
Insert into LRM_POSITION (ID,ROAD_LINK_ID,SIDE_CODE,START_MEASURE,END_MEASURE) values (900262,5819,1,0,75.097);
Insert into LRM_POSITION (ID,ROAD_LINK_ID,SIDE_CODE,START_MEASURE,END_MEASURE) values (900264,5819,1,75.097,75.407);
Insert into LRM_POSITION (ID,ROAD_LINK_ID,SIDE_CODE,START_MEASURE,END_MEASURE) values (900266,5884,1,46.297,204.137);
Insert into LRM_POSITION (ID,ROAD_LINK_ID,SIDE_CODE,START_MEASURE,END_MEASURE) values (900268,5884,1,0,24.948);
Insert into LRM_POSITION (ID,ROAD_LINK_ID,SIDE_CODE,START_MEASURE,END_MEASURE) values (900269,5966,1,0,115.93);
Insert into LRM_POSITION (ID,ROAD_LINK_ID,SIDE_CODE,START_MEASURE,END_MEASURE) values (900271,5817,1,0,6.964);
Insert into LRM_POSITION (ID,ROAD_LINK_ID,SIDE_CODE,START_MEASURE,END_MEASURE) values (900273,5547,1,0,87.824);
Insert into LRM_POSITION (ID,ROAD_LINK_ID,SIDE_CODE,START_MEASURE,END_MEASURE) values (900274,5616,1,0,20.677);
Insert into LRM_POSITION (ID,ROAD_LINK_ID,SIDE_CODE,START_MEASURE,END_MEASURE) values (900275,5781,1,0,231.124);
Insert into LRM_POSITION (ID,ROAD_LINK_ID,SIDE_CODE,START_MEASURE,END_MEASURE) values (900276,5854,1,0,93.315);
Insert into LRM_POSITION (ID,ROAD_LINK_ID,SIDE_CODE,START_MEASURE,END_MEASURE) values (900278,5531,1,1.298,107.814);
Insert into LRM_POSITION (ID,ROAD_LINK_ID,SIDE_CODE,START_MEASURE,END_MEASURE) values (900280,2148045,1,0,66.653);
Insert into LRM_POSITION (ID,ROAD_LINK_ID,SIDE_CODE,START_MEASURE,END_MEASURE) values (900282,5654,1,0,81.877);
Insert into LRM_POSITION (ID,ROAD_LINK_ID,SIDE_CODE,START_MEASURE,END_MEASURE) values (900283,5567,1,0,143.725);
Insert into LRM_POSITION (ID,ROAD_LINK_ID,SIDE_CODE,START_MEASURE,END_MEASURE) values (900284,5717,1,0,66.331);
Insert into LRM_POSITION (ID,ROAD_LINK_ID,SIDE_CODE,START_MEASURE,END_MEASURE) values (900285,5582,1,0,59.117);
Insert into LRM_POSITION (ID,ROAD_LINK_ID,SIDE_CODE,START_MEASURE,END_MEASURE) values (900287,5986,1,36.647,195.996);
Insert into LRM_POSITION (ID,ROAD_LINK_ID,SIDE_CODE,START_MEASURE,END_MEASURE) values (900289,5986,1,0,36.647);
Insert into LRM_POSITION (ID,ROAD_LINK_ID,SIDE_CODE,START_MEASURE,END_MEASURE) values (900291,5948,1,0,132.375);
Insert into LRM_POSITION (ID,ROAD_LINK_ID,SIDE_CODE,START_MEASURE,END_MEASURE) values (900292,5826,1,0,165.91);
Insert into LRM_POSITION (ID,ROAD_LINK_ID,SIDE_CODE,START_MEASURE,END_MEASURE) values (900293,5850,1,0,177.265);
Insert into LRM_POSITION (ID,ROAD_LINK_ID,SIDE_CODE,START_MEASURE,END_MEASURE) values (900295,5850,1,177.265,178.334);
Insert into LRM_POSITION (ID,ROAD_LINK_ID,SIDE_CODE,START_MEASURE,END_MEASURE) values (900297,5592,1,0,137.781);
Insert into LRM_POSITION (ID,ROAD_LINK_ID,SIDE_CODE,START_MEASURE,END_MEASURE) values (900298,5786,1,0,25.79);
Insert into LRM_POSITION (ID,ROAD_LINK_ID,SIDE_CODE,START_MEASURE,END_MEASURE) values (900299,5597,1,0,102.188);
Insert into LRM_POSITION (ID,ROAD_LINK_ID,SIDE_CODE,START_MEASURE,END_MEASURE) values (900300,5620,1,0,71.091);
Insert into LRM_POSITION (ID,ROAD_LINK_ID,SIDE_CODE,START_MEASURE,END_MEASURE) values (900302,5878,1,0,277.141);
Insert into LRM_POSITION (ID,ROAD_LINK_ID,SIDE_CODE,START_MEASURE,END_MEASURE) values (900304,5878,1,277.141,278.639);
Insert into LRM_POSITION (ID,ROAD_LINK_ID,SIDE_CODE,START_MEASURE,END_MEASURE) values (900306,5688,1,0,126.207);
Insert into LRM_POSITION (ID,ROAD_LINK_ID,SIDE_CODE,START_MEASURE,END_MEASURE) values (900307,1913698,1,0,33.623);
Insert into LRM_POSITION (ID,ROAD_LINK_ID,SIDE_CODE,START_MEASURE,END_MEASURE) values (900308,5591,1,0,8.529);
Insert into LRM_POSITION (ID,ROAD_LINK_ID,SIDE_CODE,START_MEASURE,END_MEASURE) values (900310,5580,1,2.307,107.141);
Insert into LRM_POSITION (ID,ROAD_LINK_ID,SIDE_CODE,START_MEASURE,END_MEASURE) values (900311,5543,1,0,271.776);
Insert into LRM_POSITION (ID,ROAD_LINK_ID,SIDE_CODE,START_MEASURE,END_MEASURE) values (900313,5816,1,0,154.049);
Insert into LRM_POSITION (ID,ROAD_LINK_ID,SIDE_CODE,START_MEASURE,END_MEASURE) values (900314,5701,1,0,7.535);
Insert into LRM_POSITION (ID,ROAD_LINK_ID,SIDE_CODE,START_MEASURE,END_MEASURE) values (900315,5957,1,0,116.298);
Insert into LRM_POSITION (ID,ROAD_LINK_ID,SIDE_CODE,START_MEASURE,END_MEASURE) values (900316,5734,1,0,91.251);
Insert into LRM_POSITION (ID,ROAD_LINK_ID,SIDE_CODE,START_MEASURE,END_MEASURE) values (900318,5820,1,0,99.483);
Insert into LRM_POSITION (ID,ROAD_LINK_ID,SIDE_CODE,START_MEASURE,END_MEASURE) values (900320,5933,1,0,21.14);
Insert into LRM_POSITION (ID,ROAD_LINK_ID,SIDE_CODE,START_MEASURE,END_MEASURE) values (900322,5955,1,0,146.981);
Insert into LRM_POSITION (ID,ROAD_LINK_ID,SIDE_CODE,START_MEASURE,END_MEASURE) values (900324,5799,1,0,92.368);
Insert into LRM_POSITION (ID,ROAD_LINK_ID,SIDE_CODE,START_MEASURE,END_MEASURE) values (900325,5636,1,0,135.07);
Insert into LRM_POSITION (ID,ROAD_LINK_ID,SIDE_CODE,START_MEASURE,END_MEASURE) values (900326,5817,1,6.964,74.662);
Insert into LRM_POSITION (ID,ROAD_LINK_ID,SIDE_CODE,START_MEASURE,END_MEASURE) values (900327,5972,1,0,128.902);
Insert into LRM_POSITION (ID,ROAD_LINK_ID,SIDE_CODE,START_MEASURE,END_MEASURE) values (900328,5587,1,0,66.555);
Insert into LRM_POSITION (ID,ROAD_LINK_ID,SIDE_CODE,START_MEASURE,END_MEASURE) values (900330,5979,1,0,91.701);
Insert into LRM_POSITION (ID,ROAD_LINK_ID,SIDE_CODE,START_MEASURE,END_MEASURE) values (900332,2707876,1,0,27.127);
Insert into LRM_POSITION (ID,ROAD_LINK_ID,SIDE_CODE,START_MEASURE,END_MEASURE) values (900333,5984,1,0,31.487);
Insert into LRM_POSITION (ID,ROAD_LINK_ID,SIDE_CODE,START_MEASURE,END_MEASURE) values (900334,5885,1,0,74.799);
Insert into LRM_POSITION (ID,ROAD_LINK_ID,SIDE_CODE,START_MEASURE,END_MEASURE) values (900336,5803,1,0,70.384);
Insert into LRM_POSITION (ID,ROAD_LINK_ID,SIDE_CODE,START_MEASURE,END_MEASURE) values (900338,5805,1,0,28.606);
Insert into LRM_POSITION (ID,ROAD_LINK_ID,SIDE_CODE,START_MEASURE,END_MEASURE) values (900340,5952,1,0,92.548);
Insert into LRM_POSITION (ID,ROAD_LINK_ID,SIDE_CODE,START_MEASURE,END_MEASURE) values (900344,5539,1,0,108.256);
Insert into LRM_POSITION (ID,ROAD_LINK_ID,SIDE_CODE,START_MEASURE,END_MEASURE) values (900346,5796,1,43.444,48.656);
Insert into LRM_POSITION (ID,ROAD_LINK_ID,SIDE_CODE,START_MEASURE,END_MEASURE) values (900348,5891,1,0,173.799);
Insert into LRM_POSITION (ID,ROAD_LINK_ID,SIDE_CODE,START_MEASURE,END_MEASURE) values (900350,5938,1,0,37.429);
Insert into LRM_POSITION (ID,ROAD_LINK_ID,SIDE_CODE,START_MEASURE,END_MEASURE) values (900352,5657,1,0,46.843);
Insert into LRM_POSITION (ID,ROAD_LINK_ID,SIDE_CODE,START_MEASURE,END_MEASURE) values (900353,2574333,1,0,103.572);
Insert into LRM_POSITION (ID,ROAD_LINK_ID,SIDE_CODE,START_MEASURE,END_MEASURE) values (900355,5796,1,11.672,43.444);
Insert into LRM_POSITION (ID,ROAD_LINK_ID,SIDE_CODE,START_MEASURE,END_MEASURE) values (900357,5652,1,68.232,105.921);
Insert into LRM_POSITION (ID,ROAD_LINK_ID,SIDE_CODE,START_MEASURE,END_MEASURE) values (900359,5926,1,0,1.669);
Insert into LRM_POSITION (ID,ROAD_LINK_ID,SIDE_CODE,START_MEASURE,END_MEASURE) values (900361,5926,1,1.669,2.869);
Insert into LRM_POSITION (ID,ROAD_LINK_ID,SIDE_CODE,START_MEASURE,END_MEASURE) values (900363,5719,1,0,53.859);
Insert into LRM_POSITION (ID,ROAD_LINK_ID,SIDE_CODE,START_MEASURE,END_MEASURE) values (900364,5662,1,0,103.509);
Insert into LRM_POSITION (ID,ROAD_LINK_ID,SIDE_CODE,START_MEASURE,END_MEASURE) values (900365,5958,1,0,265.736);
Insert into LRM_POSITION (ID,ROAD_LINK_ID,SIDE_CODE,START_MEASURE,END_MEASURE) values (900367,5529,1,122.916,124.784);
Insert into LRM_POSITION (ID,ROAD_LINK_ID,SIDE_CODE,START_MEASURE,END_MEASURE) values (900369,5935,1,0,2.238);
Insert into LRM_POSITION (ID,ROAD_LINK_ID,SIDE_CODE,START_MEASURE,END_MEASURE) values (900371,5666,1,0,142.426);
Insert into LRM_POSITION (ID,ROAD_LINK_ID,SIDE_CODE,START_MEASURE,END_MEASURE) values (900372,5595,1,0,100.416);
Insert into LRM_POSITION (ID,ROAD_LINK_ID,SIDE_CODE,START_MEASURE,END_MEASURE) values (900373,5643,1,0,122.302);
Insert into LRM_POSITION (ID,ROAD_LINK_ID,SIDE_CODE,START_MEASURE,END_MEASURE) values (900375,1913720,1,0,27.722);
Insert into LRM_POSITION (ID,ROAD_LINK_ID,SIDE_CODE,START_MEASURE,END_MEASURE) values (900376,5922,1,0,9.344);
Insert into LRM_POSITION (ID,ROAD_LINK_ID,SIDE_CODE,START_MEASURE,END_MEASURE) values (900377,5892,1,0,75.695);
Insert into LRM_POSITION (ID,ROAD_LINK_ID,SIDE_CODE,START_MEASURE,END_MEASURE) values (900378,5924,1,0,98.834);
Insert into LRM_POSITION (ID,ROAD_LINK_ID,SIDE_CODE,START_MEASURE,END_MEASURE) values (900379,1913719,1,0,8.498);
Insert into LRM_POSITION (ID,ROAD_LINK_ID,SIDE_CODE,START_MEASURE,END_MEASURE) values (900380,5945,1,0,152.161);
Insert into LRM_POSITION (ID,ROAD_LINK_ID,SIDE_CODE,START_MEASURE,END_MEASURE) values (900381,2446561,1,0,10.343);
Insert into LRM_POSITION (ID,ROAD_LINK_ID,SIDE_CODE,START_MEASURE,END_MEASURE) values (900383,5609,1,17.333,108.155);
Insert into LRM_POSITION (ID,ROAD_LINK_ID,SIDE_CODE,START_MEASURE,END_MEASURE) values (900384,5670,1,0,309.705);
Insert into LRM_POSITION (ID,ROAD_LINK_ID,SIDE_CODE,START_MEASURE,END_MEASURE) values (900386,5708,1,5.188,297.239);
Insert into LRM_POSITION (ID,ROAD_LINK_ID,SIDE_CODE,START_MEASURE,END_MEASURE) values (900388,5670,1,311.894,312.894);
Insert into LRM_POSITION (ID,ROAD_LINK_ID,SIDE_CODE,START_MEASURE,END_MEASURE) values (900389,5708,1,0,1.17);
Insert into LRM_POSITION (ID,ROAD_LINK_ID,SIDE_CODE,START_MEASURE,END_MEASURE) values (900391,5670,1,309.705,311.894);
Insert into LRM_POSITION (ID,ROAD_LINK_ID,SIDE_CODE,START_MEASURE,END_MEASURE) values (900393,5708,1,1.17,5.188);
Insert into LRM_POSITION (ID,ROAD_LINK_ID,SIDE_CODE,START_MEASURE,END_MEASURE) values (900395,2499848,1,0,37.305);
Insert into LRM_POSITION (ID,ROAD_LINK_ID,SIDE_CODE,START_MEASURE,END_MEASURE) values (900396,5545,1,0,134.684);
Insert into LRM_POSITION (ID,ROAD_LINK_ID,SIDE_CODE,START_MEASURE,END_MEASURE) values (900397,2499854,1,0,88.631);
Insert into LRM_POSITION (ID,ROAD_LINK_ID,SIDE_CODE,START_MEASURE,END_MEASURE) values (900398,5780,1,0,6.728);
Insert into LRM_POSITION (ID,ROAD_LINK_ID,SIDE_CODE,START_MEASURE,END_MEASURE) values (900399,5959,1,0,31.344);
Insert into LRM_POSITION (ID,ROAD_LINK_ID,SIDE_CODE,START_MEASURE,END_MEASURE) values (900400,2707868,1,0,48.829);
Insert into LRM_POSITION (ID,ROAD_LINK_ID,SIDE_CODE,START_MEASURE,END_MEASURE) values (900401,5815,1,0,75.555);
Insert into LRM_POSITION (ID,ROAD_LINK_ID,SIDE_CODE,START_MEASURE,END_MEASURE) values (900402,5912,1,0,129.779);
Insert into LRM_POSITION (ID,ROAD_LINK_ID,SIDE_CODE,START_MEASURE,END_MEASURE) values (900403,5851,1,0,120.126);
Insert into LRM_POSITION (ID,ROAD_LINK_ID,SIDE_CODE,START_MEASURE,END_MEASURE) values (900404,5671,1,0,75.105);
Insert into LRM_POSITION (ID,ROAD_LINK_ID,SIDE_CODE,START_MEASURE,END_MEASURE) values (900406,5813,1,0,15.738);
Insert into LRM_POSITION (ID,ROAD_LINK_ID,SIDE_CODE,START_MEASURE,END_MEASURE) values (900408,5619,1,0,188.507);
Insert into LRM_POSITION (ID,ROAD_LINK_ID,SIDE_CODE,START_MEASURE,END_MEASURE) values (900410,6002,1,0,52.548);
Insert into LRM_POSITION (ID,ROAD_LINK_ID,SIDE_CODE,START_MEASURE,END_MEASURE) values (900412,5635,1,0,59.163);
Insert into LRM_POSITION (ID,ROAD_LINK_ID,SIDE_CODE,START_MEASURE,END_MEASURE) values (900414,5581,1,0,133.947);
Insert into LRM_POSITION (ID,ROAD_LINK_ID,SIDE_CODE,START_MEASURE,END_MEASURE) values (900416,2446574,1,3.551,8.573);
Insert into LRM_POSITION (ID,ROAD_LINK_ID,SIDE_CODE,START_MEASURE,END_MEASURE) values (900418,5640,1,0,24.679);
Insert into LRM_POSITION (ID,ROAD_LINK_ID,SIDE_CODE,START_MEASURE,END_MEASURE) values (900420,5625,1,0,153.352);
Insert into LRM_POSITION (ID,ROAD_LINK_ID,SIDE_CODE,START_MEASURE,END_MEASURE) values (900421,6004,1,4.17,101.772);
Insert into LRM_POSITION (ID,ROAD_LINK_ID,SIDE_CODE,START_MEASURE,END_MEASURE) values (900423,5683,1,0,209.744);
Insert into LRM_POSITION (ID,ROAD_LINK_ID,SIDE_CODE,START_MEASURE,END_MEASURE) values (900424,2574323,1,0,87.974);
Insert into LRM_POSITION (ID,ROAD_LINK_ID,SIDE_CODE,START_MEASURE,END_MEASURE) values (900425,5705,1,0,144.887);
Insert into LRM_POSITION (ID,ROAD_LINK_ID,SIDE_CODE,START_MEASURE,END_MEASURE) values (900426,6004,1,0,1.74);
Insert into LRM_POSITION (ID,ROAD_LINK_ID,SIDE_CODE,START_MEASURE,END_MEASURE) values (900427,5627,1,0,71.409);
Insert into LRM_POSITION (ID,ROAD_LINK_ID,SIDE_CODE,START_MEASURE,END_MEASURE) values (900428,5789,1,0,47.959);
Insert into LRM_POSITION (ID,ROAD_LINK_ID,SIDE_CODE,START_MEASURE,END_MEASURE) values (900429,2574328,1,0,169.999);
Insert into LRM_POSITION (ID,ROAD_LINK_ID,SIDE_CODE,START_MEASURE,END_MEASURE) values (900431,6004,1,1.74,4.17);
Insert into LRM_POSITION (ID,ROAD_LINK_ID,SIDE_CODE,START_MEASURE,END_MEASURE) values (900433,5910,1,0,55.642);
Insert into LRM_POSITION (ID,ROAD_LINK_ID,SIDE_CODE,START_MEASURE,END_MEASURE) values (900435,5860,1,0,114.971);
Insert into LRM_POSITION (ID,ROAD_LINK_ID,SIDE_CODE,START_MEASURE,END_MEASURE) values (900436,5653,1,0,61.622);
Insert into LRM_POSITION (ID,ROAD_LINK_ID,SIDE_CODE,START_MEASURE,END_MEASURE) values (900438,5830,1,0,185.97);
Insert into LRM_POSITION (ID,ROAD_LINK_ID,SIDE_CODE,START_MEASURE,END_MEASURE) values (900439,2499865,1,0,8.797);
Insert into LRM_POSITION (ID,ROAD_LINK_ID,SIDE_CODE,START_MEASURE,END_MEASURE) values (900440,5949,1,0,15.064);
Insert into LRM_POSITION (ID,ROAD_LINK_ID,SIDE_CODE,START_MEASURE,END_MEASURE) values (900441,5736,1,0,207.228);
Insert into LRM_POSITION (ID,ROAD_LINK_ID,SIDE_CODE,START_MEASURE,END_MEASURE) values (900442,5818,1,0,375.784);
Insert into LRM_POSITION (ID,ROAD_LINK_ID,SIDE_CODE,START_MEASURE,END_MEASURE) values (900443,2499892,1,0,10.622);
Insert into LRM_POSITION (ID,ROAD_LINK_ID,SIDE_CODE,START_MEASURE,END_MEASURE) values (900444,5748,1,0,61.838);
Insert into LRM_POSITION (ID,ROAD_LINK_ID,SIDE_CODE,START_MEASURE,END_MEASURE) values (900445,5603,1,0,311.565);
Insert into LRM_POSITION (ID,ROAD_LINK_ID,SIDE_CODE,START_MEASURE,END_MEASURE) values (900446,5674,1,0,18.976);
Insert into LRM_POSITION (ID,ROAD_LINK_ID,SIDE_CODE,START_MEASURE,END_MEASURE) values (900447,5638,1,0,115.847);
Insert into LRM_POSITION (ID,ROAD_LINK_ID,SIDE_CODE,START_MEASURE,END_MEASURE) values (900448,5859,1,0,132.838);
Insert into LRM_POSITION (ID,ROAD_LINK_ID,SIDE_CODE,START_MEASURE,END_MEASURE) values (900450,5644,1,0,44.576);
Insert into LRM_POSITION (ID,ROAD_LINK_ID,SIDE_CODE,START_MEASURE,END_MEASURE) values (900452,5864,1,0,2.599);
Insert into LRM_POSITION (ID,ROAD_LINK_ID,SIDE_CODE,START_MEASURE,END_MEASURE) values (900454,5572,1,0,14.587);
Insert into LRM_POSITION (ID,ROAD_LINK_ID,SIDE_CODE,START_MEASURE,END_MEASURE) values (900455,5740,1,0,82.489);
Insert into LRM_POSITION (ID,ROAD_LINK_ID,SIDE_CODE,START_MEASURE,END_MEASURE) values (900457,5740,1,82.489,93.648);
Insert into LRM_POSITION (ID,ROAD_LINK_ID,SIDE_CODE,START_MEASURE,END_MEASURE) values (900458,5843,1,0,25.675);
Insert into LRM_POSITION (ID,ROAD_LINK_ID,SIDE_CODE,START_MEASURE,END_MEASURE) values (900460,5985,1,0,32.422);
Insert into LRM_POSITION (ID,ROAD_LINK_ID,SIDE_CODE,START_MEASURE,END_MEASURE) values (900461,5808,1,0,55.023);
Insert into LRM_POSITION (ID,ROAD_LINK_ID,SIDE_CODE,START_MEASURE,END_MEASURE) values (900463,5542,1,0,112.982);
Insert into LRM_POSITION (ID,ROAD_LINK_ID,SIDE_CODE,START_MEASURE,END_MEASURE) values (900465,5642,1,0,197.121);
Insert into LRM_POSITION (ID,ROAD_LINK_ID,SIDE_CODE,START_MEASURE,END_MEASURE) values (900467,5766,1,0,117.68);
Insert into LRM_POSITION (ID,ROAD_LINK_ID,SIDE_CODE,START_MEASURE,END_MEASURE) values (900468,5530,1,0,13.575);
Insert into LRM_POSITION (ID,ROAD_LINK_ID,SIDE_CODE,START_MEASURE,END_MEASURE) values (900470,5977,1,82.636,164.343);
Insert into LRM_POSITION (ID,ROAD_LINK_ID,SIDE_CODE,START_MEASURE,END_MEASURE) values (900472,5832,1,0,156.538);
Insert into LRM_POSITION (ID,ROAD_LINK_ID,SIDE_CODE,START_MEASURE,END_MEASURE) values (900474,5893,1,0,27.553);
Insert into LRM_POSITION (ID,ROAD_LINK_ID,SIDE_CODE,START_MEASURE,END_MEASURE) values (900475,5812,1,0,146.513);
Insert into LRM_POSITION (ID,ROAD_LINK_ID,SIDE_CODE,START_MEASURE,END_MEASURE) values (900477,5565,1,0,3.416);
Insert into LRM_POSITION (ID,ROAD_LINK_ID,SIDE_CODE,START_MEASURE,END_MEASURE) values (900478,5991,1,0,74.931);
Insert into LRM_POSITION (ID,ROAD_LINK_ID,SIDE_CODE,START_MEASURE,END_MEASURE) values (900479,2499872,1,0,51.85);
Insert into LRM_POSITION (ID,ROAD_LINK_ID,SIDE_CODE,START_MEASURE,END_MEASURE) values (900480,5737,1,0,339.921);
Insert into LRM_POSITION (ID,ROAD_LINK_ID,SIDE_CODE,START_MEASURE,END_MEASURE) values (900482,5565,1,3.416,5.624);
Insert into LRM_POSITION (ID,ROAD_LINK_ID,SIDE_CODE,START_MEASURE,END_MEASURE) values (900484,5707,1,3.437,7.741);
Insert into LRM_POSITION (ID,ROAD_LINK_ID,SIDE_CODE,START_MEASURE,END_MEASURE) values (900485,5747,1,0,50.997);
Insert into LRM_POSITION (ID,ROAD_LINK_ID,SIDE_CODE,START_MEASURE,END_MEASURE) values (900487,6003,1,2.229,179.425);
Insert into LRM_POSITION (ID,ROAD_LINK_ID,SIDE_CODE,START_MEASURE,END_MEASURE) values (900489,2148015,1,7.372,80.887);
Insert into LRM_POSITION (ID,ROAD_LINK_ID,SIDE_CODE,START_MEASURE,END_MEASURE) values (900491,5695,1,0,154.386);
Insert into LRM_POSITION (ID,ROAD_LINK_ID,SIDE_CODE,START_MEASURE,END_MEASURE) values (900492,5752,1,4.226,90.733);
Insert into LRM_POSITION (ID,ROAD_LINK_ID,SIDE_CODE,START_MEASURE,END_MEASURE) values (900493,5904,1,0,223.834);
Insert into LRM_POSITION (ID,ROAD_LINK_ID,SIDE_CODE,START_MEASURE,END_MEASURE) values (900495,5554,1,0,9.209);
Insert into LRM_POSITION (ID,ROAD_LINK_ID,SIDE_CODE,START_MEASURE,END_MEASURE) values (900496,2574338,1,0,49.372);
Insert into LRM_POSITION (ID,ROAD_LINK_ID,SIDE_CODE,START_MEASURE,END_MEASURE) values (900497,5844,1,0,24.844);
Insert into LRM_POSITION (ID,ROAD_LINK_ID,SIDE_CODE,START_MEASURE,END_MEASURE) values (900498,2499873,1,0,12.043);
Insert into LRM_POSITION (ID,ROAD_LINK_ID,SIDE_CODE,START_MEASURE,END_MEASURE) values (900499,5961,1,0,76.959);
Insert into LRM_POSITION (ID,ROAD_LINK_ID,SIDE_CODE,START_MEASURE,END_MEASURE) values (900500,5752,1,0,2.438);
Insert into LRM_POSITION (ID,ROAD_LINK_ID,SIDE_CODE,START_MEASURE,END_MEASURE) values (900501,5881,1,0,132.784);
Insert into LRM_POSITION (ID,ROAD_LINK_ID,SIDE_CODE,START_MEASURE,END_MEASURE) values (900502,2574325,1,0,150.8);
Insert into LRM_POSITION (ID,ROAD_LINK_ID,SIDE_CODE,START_MEASURE,END_MEASURE) values (900503,2148036,1,0,168.584);
Insert into LRM_POSITION (ID,ROAD_LINK_ID,SIDE_CODE,START_MEASURE,END_MEASURE) values (900504,2499847,1,0,30.034);
Insert into LRM_POSITION (ID,ROAD_LINK_ID,SIDE_CODE,START_MEASURE,END_MEASURE) values (900506,5792,1,0,46.439);
Insert into LRM_POSITION (ID,ROAD_LINK_ID,SIDE_CODE,START_MEASURE,END_MEASURE) values (900508,5752,1,2.438,4.226);
Insert into LRM_POSITION (ID,ROAD_LINK_ID,SIDE_CODE,START_MEASURE,END_MEASURE) values (900510,5858,1,0,13.332);
Insert into LRM_POSITION (ID,ROAD_LINK_ID,SIDE_CODE,START_MEASURE,END_MEASURE) values (900511,5605,1,0,6.699);
Insert into LRM_POSITION (ID,ROAD_LINK_ID,SIDE_CODE,START_MEASURE,END_MEASURE) values (900512,5713,1,0,200.114);
Insert into LRM_POSITION (ID,ROAD_LINK_ID,SIDE_CODE,START_MEASURE,END_MEASURE) values (900513,5665,1,0,48.305);
Insert into LRM_POSITION (ID,ROAD_LINK_ID,SIDE_CODE,START_MEASURE,END_MEASURE) values (900515,5605,1,6.699,9.219);
Insert into LRM_POSITION (ID,ROAD_LINK_ID,SIDE_CODE,START_MEASURE,END_MEASURE) values (900517,5964,1,0,7.37);
Insert into LRM_POSITION (ID,ROAD_LINK_ID,SIDE_CODE,START_MEASURE,END_MEASURE) values (900518,5629,1,0,117.881);
Insert into LRM_POSITION (ID,ROAD_LINK_ID,SIDE_CODE,START_MEASURE,END_MEASURE) values (900520,5825,1,0,238.179);
Insert into LRM_POSITION (ID,ROAD_LINK_ID,SIDE_CODE,START_MEASURE,END_MEASURE) values (900521,5634,1,0,112.948);
Insert into LRM_POSITION (ID,ROAD_LINK_ID,SIDE_CODE,START_MEASURE,END_MEASURE) values (900522,5726,1,0,79.691);
Insert into LRM_POSITION (ID,ROAD_LINK_ID,SIDE_CODE,START_MEASURE,END_MEASURE) values (900524,5610,1,0,55.354);
Insert into LRM_POSITION (ID,ROAD_LINK_ID,SIDE_CODE,START_MEASURE,END_MEASURE) values (900526,5827,1,0,47.14);
Insert into LRM_POSITION (ID,ROAD_LINK_ID,SIDE_CODE,START_MEASURE,END_MEASURE) values (900528,5901,1,9.612,11.113);
Insert into LRM_POSITION (ID,ROAD_LINK_ID,SIDE_CODE,START_MEASURE,END_MEASURE) values (900530,5559,1,0,1.508);
Insert into LRM_POSITION (ID,ROAD_LINK_ID,SIDE_CODE,START_MEASURE,END_MEASURE) values (900532,5901,1,7.772,9.612);
Insert into LRM_POSITION (ID,ROAD_LINK_ID,SIDE_CODE,START_MEASURE,END_MEASURE) values (900534,5559,1,1.508,5.065);
Insert into LRM_POSITION (ID,ROAD_LINK_ID,SIDE_CODE,START_MEASURE,END_MEASURE) values (900536,5571,1,0,147.193);
Insert into LRM_POSITION (ID,ROAD_LINK_ID,SIDE_CODE,START_MEASURE,END_MEASURE) values (900538,5555,1,0,85.96);
Insert into LRM_POSITION (ID,ROAD_LINK_ID,SIDE_CODE,START_MEASURE,END_MEASURE) values (900539,5758,1,0,56.351);
Insert into LRM_POSITION (ID,ROAD_LINK_ID,SIDE_CODE,START_MEASURE,END_MEASURE) values (900541,5544,1,0,198.297);
Insert into LRM_POSITION (ID,ROAD_LINK_ID,SIDE_CODE,START_MEASURE,END_MEASURE) values (900542,5809,1,72.435,170.926);
Insert into LRM_POSITION (ID,ROAD_LINK_ID,SIDE_CODE,START_MEASURE,END_MEASURE) values (900544,5809,1,38.392,72.435);
Insert into LRM_POSITION (ID,ROAD_LINK_ID,SIDE_CODE,START_MEASURE,END_MEASURE) values (900546,5600,1,0,106.719);
Insert into LRM_POSITION (ID,ROAD_LINK_ID,SIDE_CODE,START_MEASURE,END_MEASURE) values (900548,5896,1,3.825,95.416);
Insert into LRM_POSITION (ID,ROAD_LINK_ID,SIDE_CODE,START_MEASURE,END_MEASURE) values (900549,5919,1,0,51.184);
Insert into LRM_POSITION (ID,ROAD_LINK_ID,SIDE_CODE,START_MEASURE,END_MEASURE) values (900551,5982,1,0,220.876);
Insert into LRM_POSITION (ID,ROAD_LINK_ID,SIDE_CODE,START_MEASURE,END_MEASURE) values (900553,5947,1,2.27,103.646);
Insert into LRM_POSITION (ID,ROAD_LINK_ID,SIDE_CODE,START_MEASURE,END_MEASURE) values (900555,5907,1,0,82.772);
Insert into LRM_POSITION (ID,ROAD_LINK_ID,SIDE_CODE,START_MEASURE,END_MEASURE) values (900557,6000,1,0,94.078);
Insert into LRM_POSITION (ID,ROAD_LINK_ID,SIDE_CODE,START_MEASURE,END_MEASURE) values (900559,5787,1,0,10.142);
Insert into LRM_POSITION (ID,ROAD_LINK_ID,SIDE_CODE,START_MEASURE,END_MEASURE) values (900561,2148009,1,0,53.908);
Insert into LRM_POSITION (ID,ROAD_LINK_ID,SIDE_CODE,START_MEASURE,END_MEASURE) values (900563,5540,1,0,59.614);
Insert into LRM_POSITION (ID,ROAD_LINK_ID,SIDE_CODE,START_MEASURE,END_MEASURE) values (900565,5569,1,5.251,12.834);
Insert into LRM_POSITION (ID,ROAD_LINK_ID,SIDE_CODE,START_MEASURE,END_MEASURE) values (900567,5573,1,0,42.619);
Insert into LRM_POSITION (ID,ROAD_LINK_ID,SIDE_CODE,START_MEASURE,END_MEASURE) values (900569,5576,1,0,37.981);
Insert into LRM_POSITION (ID,ROAD_LINK_ID,SIDE_CODE,START_MEASURE,END_MEASURE) values (900570,5612,1,0,143.713);
Insert into LRM_POSITION (ID,ROAD_LINK_ID,SIDE_CODE,START_MEASURE,END_MEASURE) values (900571,5735,1,0,161.145);
Insert into LRM_POSITION (ID,ROAD_LINK_ID,SIDE_CODE,START_MEASURE,END_MEASURE) values (900572,5534,1,0,5.115);
Insert into LRM_POSITION (ID,ROAD_LINK_ID,SIDE_CODE,START_MEASURE,END_MEASURE) values (900573,5993,1,0,37.133);
Insert into LRM_POSITION (ID,ROAD_LINK_ID,SIDE_CODE,START_MEASURE,END_MEASURE) values (900574,5578,1,0,194.973);
Insert into LRM_POSITION (ID,ROAD_LINK_ID,SIDE_CODE,START_MEASURE,END_MEASURE) values (900575,2499887,1,0,87.638);
Insert into LRM_POSITION (ID,ROAD_LINK_ID,SIDE_CODE,START_MEASURE,END_MEASURE) values (900576,5535,1,0,101.079);
Insert into LRM_POSITION (ID,ROAD_LINK_ID,SIDE_CODE,START_MEASURE,END_MEASURE) values (900577,5679,1,0,89.503);
Insert into LRM_POSITION (ID,ROAD_LINK_ID,SIDE_CODE,START_MEASURE,END_MEASURE) values (900579,1913686,1,0,2.379);
Insert into LRM_POSITION (ID,ROAD_LINK_ID,SIDE_CODE,START_MEASURE,END_MEASURE) values (900581,5534,1,7.533,9.701);
Insert into LRM_POSITION (ID,ROAD_LINK_ID,SIDE_CODE,START_MEASURE,END_MEASURE) values (900583,1913686,1,2.379,3.739);
Insert into LRM_POSITION (ID,ROAD_LINK_ID,SIDE_CODE,START_MEASURE,END_MEASURE) values (900585,5534,1,5.115,7.533);
Insert into LRM_POSITION (ID,ROAD_LINK_ID,SIDE_CODE,START_MEASURE,END_MEASURE) values (900587,5936,1,0,8.957);
Insert into LRM_POSITION (ID,ROAD_LINK_ID,SIDE_CODE,START_MEASURE,END_MEASURE) values (900667,5970,1,0,28.442);
Insert into LRM_POSITION (ID,ROAD_LINK_ID,SIDE_CODE,START_MEASURE,END_MEASURE) values (900668,5935,1,2.238,93.003);
Insert into LRM_POSITION (ID,ROAD_LINK_ID,SIDE_CODE,START_MEASURE,END_MEASURE) values (900670,5659,1,0,101.561);
Insert into LRM_POSITION (ID,ROAD_LINK_ID,SIDE_CODE,START_MEASURE,END_MEASURE) values (900671,5529,1,0,122.916);
Insert into LRM_POSITION (ID,ROAD_LINK_ID,SIDE_CODE,START_MEASURE,END_MEASURE) values (900672,5824,1,0,276.175);
Insert into LRM_POSITION (ID,ROAD_LINK_ID,SIDE_CODE,START_MEASURE,END_MEASURE) values (900674,2100084,1,0,104.818);
Insert into LRM_POSITION (ID,ROAD_LINK_ID,SIDE_CODE,START_MEASURE,END_MEASURE) values (900676,2414738,1,0,7.512);
Insert into LRM_POSITION (ID,ROAD_LINK_ID,SIDE_CODE,START_MEASURE,END_MEASURE) values (900696,2499866,1,0,136.04);
Insert into LRM_POSITION (ID,ROAD_LINK_ID,SIDE_CODE,START_MEASURE,END_MEASURE) values (900700,2148024,1,7.812,52.929);
Insert into LRM_POSITION (ID,ROAD_LINK_ID,SIDE_CODE,START_MEASURE,END_MEASURE) values (900704,5652,1,0,68.232);
Insert into LRM_POSITION (ID,ROAD_LINK_ID,SIDE_CODE,START_MEASURE,END_MEASURE) values (900765,2446571,2,0,125.783);
Insert into LRM_POSITION (ID,ROAD_LINK_ID,SIDE_CODE,START_MEASURE,END_MEASURE) values (900805,5681,3,0,26.084);
Insert into LRM_POSITION (ID,ROAD_LINK_ID,SIDE_CODE,START_MEASURE,END_MEASURE) values (900807,5551,3,0,48.91);
Insert into LRM_POSITION (ID,ROAD_LINK_ID,SIDE_CODE,START_MEASURE,END_MEASURE) values (900809,5623,2,0,23.214);
Insert into LRM_POSITION (ID,ROAD_LINK_ID,SIDE_CODE,START_MEASURE,END_MEASURE) values (900811,5709,2,0,41.142);
Insert into LRM_POSITION (ID,ROAD_LINK_ID,SIDE_CODE,START_MEASURE,END_MEASURE) values (900813,5728,1,0,100.609);
Insert into LRM_POSITION (ID,ROAD_LINK_ID,SIDE_CODE,START_MEASURE,END_MEASURE) values (900815,5771,1,0,30.421);
Insert into LRM_POSITION (ID,ROAD_LINK_ID,SIDE_CODE,START_MEASURE,END_MEASURE) values (900817,5900,1,0,223.439);
Insert into LRM_POSITION (ID,ROAD_LINK_ID,SIDE_CODE,START_MEASURE,END_MEASURE) values (900819,5954,1,0,14.626);
Insert into LRM_POSITION (ID,ROAD_LINK_ID,SIDE_CODE,START_MEASURE,END_MEASURE) values (900820,2336501,1,0,51.768);
Insert into LRM_POSITION (ID,ROAD_LINK_ID,SIDE_CODE,START_MEASURE,END_MEASURE) values (900823,5864,1,2.599,15.077);
Insert into LRM_POSITION (ID,ROAD_LINK_ID,SIDE_CODE,START_MEASURE,END_MEASURE) values (900825,5785,1,0,16.332);
Insert into LRM_POSITION (ID,ROAD_LINK_ID,SIDE_CODE,START_MEASURE,END_MEASURE) values (900827,5760,1,0,115.022);
Insert into LRM_POSITION (ID,ROAD_LINK_ID,SIDE_CODE,START_MEASURE,END_MEASURE) values (900830,2148027,1,0,35.265);
Insert into LRM_POSITION (ID,ROAD_LINK_ID,SIDE_CODE,START_MEASURE,END_MEASURE) values (900832,2574341,1,0,7.019);
Insert into LRM_POSITION (ID,ROAD_LINK_ID,SIDE_CODE,START_MEASURE,END_MEASURE) values (900834,2574317,1,9.145,136.063);
Insert into LRM_POSITION (ID,ROAD_LINK_ID,SIDE_CODE,START_MEASURE,END_MEASURE) values (900836,2574342,1,0,107.455);
Insert into LRM_POSITION (ID,ROAD_LINK_ID,SIDE_CODE,START_MEASURE,END_MEASURE) values (900838,5552,1,0,141.841);
Insert into LRM_POSITION (ID,ROAD_LINK_ID,SIDE_CODE,START_MEASURE,END_MEASURE) values (900839,5890,1,0,139.693);

Insert into ASSET (ID,ASSET_TYPE_ID) values (700096,20);
Insert into ASSET (ID,ASSET_TYPE_ID) values (700098,20);
Insert into ASSET (ID,ASSET_TYPE_ID) values (700100,20);
Insert into ASSET (ID,ASSET_TYPE_ID) values (700102,20);
Insert into ASSET (ID,ASSET_TYPE_ID) values (700104,20);
Insert into ASSET (ID,ASSET_TYPE_ID) values (700112,20);
Insert into ASSET (ID,ASSET_TYPE_ID) values (700117,20);
Insert into ASSET (ID,ASSET_TYPE_ID) values (700120,20);
Insert into ASSET (ID,ASSET_TYPE_ID) values (700124,20);
Insert into ASSET (ID,ASSET_TYPE_ID) values (700106,20);
Insert into ASSET (ID,ASSET_TYPE_ID) values (700111,20);
Insert into ASSET (ID,ASSET_TYPE_ID) values (700114,20);
Insert into ASSET (ID,ASSET_TYPE_ID) values (700118,20);
Insert into ASSET (ID,ASSET_TYPE_ID) values (700123,20);
Insert into ASSET (ID,ASSET_TYPE_ID) values (700126,20);
Insert into ASSET (ID,ASSET_TYPE_ID) values (700130,20);
Insert into ASSET (ID,ASSET_TYPE_ID) values (700132,20);
Insert into ASSET (ID,ASSET_TYPE_ID) values (700134,20);
Insert into ASSET (ID,ASSET_TYPE_ID) values (700335,20);
Insert into ASSET (ID,ASSET_TYPE_ID) values (700341,20);
Insert into ASSET (ID,ASSET_TYPE_ID) values (700345,20);
Insert into ASSET (ID,ASSET_TYPE_ID) values (700349,20);
Insert into ASSET (ID,ASSET_TYPE_ID) values (700649,20);
Insert into ASSET (ID,ASSET_TYPE_ID) values (700653,20);
Insert into ASSET (ID,ASSET_TYPE_ID) values (700655,20);
Insert into ASSET (ID,ASSET_TYPE_ID) values (700658,20);
Insert into ASSET (ID,ASSET_TYPE_ID) values (700660,20);
Insert into ASSET (ID,ASSET_TYPE_ID) values (700662,20);
Insert into ASSET (ID,ASSET_TYPE_ID) values (700664,20);
Insert into ASSET (ID,ASSET_TYPE_ID) values (700677,20);
Insert into ASSET (ID,ASSET_TYPE_ID) values (700679,20);
Insert into ASSET (ID,ASSET_TYPE_ID) values (700681,20);
Insert into ASSET (ID,ASSET_TYPE_ID) values (700683,20);
Insert into ASSET (ID,ASSET_TYPE_ID) values (700707,20);
Insert into ASSET (ID,ASSET_TYPE_ID) values (700716,20);
Insert into ASSET (ID,ASSET_TYPE_ID) values (700720,20);
Insert into ASSET (ID,ASSET_TYPE_ID) values (700722,20);
Insert into ASSET (ID,ASSET_TYPE_ID) values (700724,20);
Insert into ASSET (ID,ASSET_TYPE_ID) values (700726,20);
Insert into ASSET (ID,ASSET_TYPE_ID) values (700728,20);
Insert into ASSET (ID,ASSET_TYPE_ID) values (700730,20);
Insert into ASSET (ID,ASSET_TYPE_ID) values (700732,20);
Insert into ASSET (ID,ASSET_TYPE_ID) values (700734,20);
Insert into ASSET (ID,ASSET_TYPE_ID) values (700736,20);
Insert into ASSET (ID,ASSET_TYPE_ID) values (700738,20);
Insert into ASSET (ID,ASSET_TYPE_ID) values (700752,20);
Insert into ASSET (ID,ASSET_TYPE_ID) values (700754,20);
Insert into ASSET (ID,ASSET_TYPE_ID) values (700822,20);
Insert into ASSET (ID,ASSET_TYPE_ID) values (700826,20);
Insert into ASSET (ID,ASSET_TYPE_ID) values (700845,20);
Insert into ASSET (ID,ASSET_TYPE_ID) values (700847,20);
Insert into ASSET (ID,ASSET_TYPE_ID) values (700851,20);
Insert into ASSET (ID,ASSET_TYPE_ID) values (700855,20);
Insert into ASSET (ID,ASSET_TYPE_ID) values (700858,20);
Insert into ASSET (ID,ASSET_TYPE_ID) values (700860,20);
Insert into ASSET (ID,ASSET_TYPE_ID) values (700862,20);
Insert into ASSET (ID,ASSET_TYPE_ID) values (700864,20);
Insert into ASSET (ID,ASSET_TYPE_ID) values (700866,20);
Insert into ASSET (ID,ASSET_TYPE_ID) values (700868,20);
Insert into ASSET (ID,ASSET_TYPE_ID) values (700870,20);
Insert into ASSET (ID,ASSET_TYPE_ID) values (700872,20);
Insert into ASSET (ID,ASSET_TYPE_ID) values (700878,20);
Insert into ASSET (ID,ASSET_TYPE_ID) values (700889,20);
Insert into ASSET (ID,ASSET_TYPE_ID) values (700891,20);
Insert into ASSET (ID,ASSET_TYPE_ID) values (700896,20);
Insert into ASSET (ID,ASSET_TYPE_ID) values (700898,20);
Insert into ASSET (ID,ASSET_TYPE_ID) values (700901,20);
Insert into ASSET (ID,ASSET_TYPE_ID) values (700903,20);
Insert into ASSET (ID,ASSET_TYPE_ID) values (700913,20);
Insert into ASSET (ID,ASSET_TYPE_ID) values (700915,20);
Insert into ASSET (ID,ASSET_TYPE_ID) values (700092,20);
Insert into ASSET (ID,ASSET_TYPE_ID) values (700094,20);
Insert into ASSET (ID,ASSET_TYPE_ID) values (700221,20);
Insert into ASSET (ID,ASSET_TYPE_ID) values (700231,20);
Insert into ASSET (ID,ASSET_TYPE_ID) values (700238,20);
Insert into ASSET (ID,ASSET_TYPE_ID) values (700588,20);
Insert into ASSET (ID,ASSET_TYPE_ID) values (700590,20);
Insert into ASSET (ID,ASSET_TYPE_ID) values (700594,20);
Insert into ASSET (ID,ASSET_TYPE_ID) values (700597,20);
Insert into ASSET (ID,ASSET_TYPE_ID) values (700600,20);
Insert into ASSET (ID,ASSET_TYPE_ID) values (700603,20);
Insert into ASSET (ID,ASSET_TYPE_ID) values (700624,20);
Insert into ASSET (ID,ASSET_TYPE_ID) values (700626,20);
Insert into ASSET (ID,ASSET_TYPE_ID) values (700628,20);
Insert into ASSET (ID,ASSET_TYPE_ID) values (700636,20);
Insert into ASSET (ID,ASSET_TYPE_ID) values (700638,20);
Insert into ASSET (ID,ASSET_TYPE_ID) values (700640,20);
Insert into ASSET (ID,ASSET_TYPE_ID) values (700642,20);
Insert into ASSET (ID,ASSET_TYPE_ID) values (700685,20);
Insert into ASSET (ID,ASSET_TYPE_ID) values (700687,20);
Insert into ASSET (ID,ASSET_TYPE_ID) values (700689,20);
Insert into ASSET (ID,ASSET_TYPE_ID) values (700691,20);
Insert into ASSET (ID,ASSET_TYPE_ID) values (700697,20);
Insert into ASSET (ID,ASSET_TYPE_ID) values (700701,20);
Insert into ASSET (ID,ASSET_TYPE_ID) values (700705,20);
Insert into ASSET (ID,ASSET_TYPE_ID) values (700756,20);
Insert into ASSET (ID,ASSET_TYPE_ID) values (700758,20);
Insert into ASSET (ID,ASSET_TYPE_ID) values (700760,20);
Insert into ASSET (ID,ASSET_TYPE_ID) values (700762,20);
Insert into ASSET (ID,ASSET_TYPE_ID) values (700772,20);
Insert into ASSET (ID,ASSET_TYPE_ID) values (700766,20);
Insert into ASSET (ID,ASSET_TYPE_ID) values (700770,20);
Insert into ASSET (ID,ASSET_TYPE_ID) values (700773,20);
Insert into ASSET (ID,ASSET_TYPE_ID) values (700777,20);
Insert into ASSET (ID,ASSET_TYPE_ID) values (700780,20);
Insert into ASSET (ID,ASSET_TYPE_ID) values (700782,20);
Insert into ASSET (ID,ASSET_TYPE_ID) values (700786,20);
Insert into ASSET (ID,ASSET_TYPE_ID) values (700789,20);
Insert into ASSET (ID,ASSET_TYPE_ID) values (700791,20);
Insert into ASSET (ID,ASSET_TYPE_ID) values (700793,20);
Insert into ASSET (ID,ASSET_TYPE_ID) values (700795,20);
Insert into ASSET (ID,ASSET_TYPE_ID) values (700797,20);
Insert into ASSET (ID,ASSET_TYPE_ID) values (700799,20);
Insert into ASSET (ID,ASSET_TYPE_ID) values (700802,20);
Insert into ASSET (ID,ASSET_TYPE_ID) values (700840,20);
Insert into ASSET (ID,ASSET_TYPE_ID) values (700842,20);
Insert into ASSET (ID,ASSET_TYPE_ID) values (700881,20);
Insert into ASSET (ID,ASSET_TYPE_ID) values (700883,20);
Insert into ASSET (ID,ASSET_TYPE_ID) values (700885,20);
Insert into ASSET (ID,ASSET_TYPE_ID) values (700887,20);
Insert into ASSET (ID,ASSET_TYPE_ID) values (700905,20);
Insert into ASSET (ID,ASSET_TYPE_ID) values (700907,20);
Insert into ASSET (ID,ASSET_TYPE_ID) values (700909,20);
Insert into ASSET (ID,ASSET_TYPE_ID) values (700911,20);
Insert into ASSET (ID,ASSET_TYPE_ID) values (700136,20);
Insert into ASSET (ID,ASSET_TYPE_ID) values (700138,20);
Insert into ASSET (ID,ASSET_TYPE_ID) values (700140,20);
Insert into ASSET (ID,ASSET_TYPE_ID) values (700142,20);
Insert into ASSET (ID,ASSET_TYPE_ID) values (700144,20);
Insert into ASSET (ID,ASSET_TYPE_ID) values (700147,20);
Insert into ASSET (ID,ASSET_TYPE_ID) values (700149,20);
Insert into ASSET (ID,ASSET_TYPE_ID) values (700151,20);
Insert into ASSET (ID,ASSET_TYPE_ID) values (700153,20);
Insert into ASSET (ID,ASSET_TYPE_ID) values (700156,20);
Insert into ASSET (ID,ASSET_TYPE_ID) values (700158,20);
Insert into ASSET (ID,ASSET_TYPE_ID) values (700160,20);
Insert into ASSET (ID,ASSET_TYPE_ID) values (700164,20);
Insert into ASSET (ID,ASSET_TYPE_ID) values (700166,20);
Insert into ASSET (ID,ASSET_TYPE_ID) values (700168,20);
Insert into ASSET (ID,ASSET_TYPE_ID) values (700170,20);
Insert into ASSET (ID,ASSET_TYPE_ID) values (700173,20);
Insert into ASSET (ID,ASSET_TYPE_ID) values (700175,20);
Insert into ASSET (ID,ASSET_TYPE_ID) values (700177,20);
Insert into ASSET (ID,ASSET_TYPE_ID) values (700179,20);
Insert into ASSET (ID,ASSET_TYPE_ID) values (700181,20);
Insert into ASSET (ID,ASSET_TYPE_ID) values (700183,20);
Insert into ASSET (ID,ASSET_TYPE_ID) values (700185,20);
Insert into ASSET (ID,ASSET_TYPE_ID) values (700187,20);
Insert into ASSET (ID,ASSET_TYPE_ID) values (700189,20);
Insert into ASSET (ID,ASSET_TYPE_ID) values (700191,20);
Insert into ASSET (ID,ASSET_TYPE_ID) values (700193,20);
Insert into ASSET (ID,ASSET_TYPE_ID) values (700195,20);
Insert into ASSET (ID,ASSET_TYPE_ID) values (700197,20);
Insert into ASSET (ID,ASSET_TYPE_ID) values (700199,20);
Insert into ASSET (ID,ASSET_TYPE_ID) values (700201,20);
Insert into ASSET (ID,ASSET_TYPE_ID) values (700203,20);
Insert into ASSET (ID,ASSET_TYPE_ID) values (700205,20);
Insert into ASSET (ID,ASSET_TYPE_ID) values (700207,20);
Insert into ASSET (ID,ASSET_TYPE_ID) values (700209,20);
Insert into ASSET (ID,ASSET_TYPE_ID) values (700211,20);
Insert into ASSET (ID,ASSET_TYPE_ID) values (700213,20);
Insert into ASSET (ID,ASSET_TYPE_ID) values (700215,20);
Insert into ASSET (ID,ASSET_TYPE_ID) values (700218,20);
Insert into ASSET (ID,ASSET_TYPE_ID) values (700220,20);
Insert into ASSET (ID,ASSET_TYPE_ID) values (700224,20);
Insert into ASSET (ID,ASSET_TYPE_ID) values (700228,20);
Insert into ASSET (ID,ASSET_TYPE_ID) values (700232,20);
Insert into ASSET (ID,ASSET_TYPE_ID) values (700235,20);
Insert into ASSET (ID,ASSET_TYPE_ID) values (700241,20);
Insert into ASSET (ID,ASSET_TYPE_ID) values (700244,20);
Insert into ASSET (ID,ASSET_TYPE_ID) values (700247,20);
Insert into ASSET (ID,ASSET_TYPE_ID) values (700249,20);
Insert into ASSET (ID,ASSET_TYPE_ID) values (700251,20);
Insert into ASSET (ID,ASSET_TYPE_ID) values (700255,20);
Insert into ASSET (ID,ASSET_TYPE_ID) values (700257,20);
Insert into ASSET (ID,ASSET_TYPE_ID) values (700260,20);
Insert into ASSET (ID,ASSET_TYPE_ID) values (700263,20);
Insert into ASSET (ID,ASSET_TYPE_ID) values (700265,20);
Insert into ASSET (ID,ASSET_TYPE_ID) values (700267,20);
Insert into ASSET (ID,ASSET_TYPE_ID) values (700270,20);
Insert into ASSET (ID,ASSET_TYPE_ID) values (700272,20);
Insert into ASSET (ID,ASSET_TYPE_ID) values (700277,20);
Insert into ASSET (ID,ASSET_TYPE_ID) values (700279,20);
Insert into ASSET (ID,ASSET_TYPE_ID) values (700281,20);
Insert into ASSET (ID,ASSET_TYPE_ID) values (700286,20);
Insert into ASSET (ID,ASSET_TYPE_ID) values (700288,20);
Insert into ASSET (ID,ASSET_TYPE_ID) values (700290,20);
Insert into ASSET (ID,ASSET_TYPE_ID) values (700294,20);
Insert into ASSET (ID,ASSET_TYPE_ID) values (700296,20);
Insert into ASSET (ID,ASSET_TYPE_ID) values (700301,20);
Insert into ASSET (ID,ASSET_TYPE_ID) values (700303,20);
Insert into ASSET (ID,ASSET_TYPE_ID) values (700305,20);
Insert into ASSET (ID,ASSET_TYPE_ID) values (700309,20);
Insert into ASSET (ID,ASSET_TYPE_ID) values (700312,20);
Insert into ASSET (ID,ASSET_TYPE_ID) values (700317,20);
Insert into ASSET (ID,ASSET_TYPE_ID) values (700319,20);
Insert into ASSET (ID,ASSET_TYPE_ID) values (700321,20);
Insert into ASSET (ID,ASSET_TYPE_ID) values (700323,20);
Insert into ASSET (ID,ASSET_TYPE_ID) values (700329,20);
Insert into ASSET (ID,ASSET_TYPE_ID) values (700331,20);
Insert into ASSET (ID,ASSET_TYPE_ID) values (700342,20);
Insert into ASSET (ID,ASSET_TYPE_ID) values (700354,20);
Insert into ASSET (ID,ASSET_TYPE_ID) values (700356,20);
Insert into ASSET (ID,ASSET_TYPE_ID) values (700358,20);
Insert into ASSET (ID,ASSET_TYPE_ID) values (700360,20);
Insert into ASSET (ID,ASSET_TYPE_ID) values (700362,20);
Insert into ASSET (ID,ASSET_TYPE_ID) values (700366,20);
Insert into ASSET (ID,ASSET_TYPE_ID) values (700368,20);
Insert into ASSET (ID,ASSET_TYPE_ID) values (700370,20);
Insert into ASSET (ID,ASSET_TYPE_ID) values (700374,20);
Insert into ASSET (ID,ASSET_TYPE_ID) values (700382,20);
Insert into ASSET (ID,ASSET_TYPE_ID) values (700385,20);
Insert into ASSET (ID,ASSET_TYPE_ID) values (700387,20);
Insert into ASSET (ID,ASSET_TYPE_ID) values (700390,20);
Insert into ASSET (ID,ASSET_TYPE_ID) values (700392,20);
Insert into ASSET (ID,ASSET_TYPE_ID) values (700394,20);
Insert into ASSET (ID,ASSET_TYPE_ID) values (700405,20);
Insert into ASSET (ID,ASSET_TYPE_ID) values (700407,20);
Insert into ASSET (ID,ASSET_TYPE_ID) values (700409,20);
Insert into ASSET (ID,ASSET_TYPE_ID) values (700411,20);
Insert into ASSET (ID,ASSET_TYPE_ID) values (700413,20);
Insert into ASSET (ID,ASSET_TYPE_ID) values (700415,20);
Insert into ASSET (ID,ASSET_TYPE_ID) values (700417,20);
Insert into ASSET (ID,ASSET_TYPE_ID) values (700419,20);
Insert into ASSET (ID,ASSET_TYPE_ID) values (700422,20);
Insert into ASSET (ID,ASSET_TYPE_ID) values (700430,20);
Insert into ASSET (ID,ASSET_TYPE_ID) values (700432,20);
Insert into ASSET (ID,ASSET_TYPE_ID) values (700434,20);
Insert into ASSET (ID,ASSET_TYPE_ID) values (700437,20);
Insert into ASSET (ID,ASSET_TYPE_ID) values (700449,20);
Insert into ASSET (ID,ASSET_TYPE_ID) values (700451,20);
Insert into ASSET (ID,ASSET_TYPE_ID) values (700453,20);
Insert into ASSET (ID,ASSET_TYPE_ID) values (700456,20);
Insert into ASSET (ID,ASSET_TYPE_ID) values (700459,20);
Insert into ASSET (ID,ASSET_TYPE_ID) values (700462,20);
Insert into ASSET (ID,ASSET_TYPE_ID) values (700464,20);
Insert into ASSET (ID,ASSET_TYPE_ID) values (700466,20);
Insert into ASSET (ID,ASSET_TYPE_ID) values (700469,20);
Insert into ASSET (ID,ASSET_TYPE_ID) values (700471,20);
Insert into ASSET (ID,ASSET_TYPE_ID) values (700473,20);
Insert into ASSET (ID,ASSET_TYPE_ID) values (700476,20);
Insert into ASSET (ID,ASSET_TYPE_ID) values (700481,20);
Insert into ASSET (ID,ASSET_TYPE_ID) values (700483,20);
Insert into ASSET (ID,ASSET_TYPE_ID) values (700486,20);
Insert into ASSET (ID,ASSET_TYPE_ID) values (700488,20);
Insert into ASSET (ID,ASSET_TYPE_ID) values (700490,20);
Insert into ASSET (ID,ASSET_TYPE_ID) values (700494,20);
Insert into ASSET (ID,ASSET_TYPE_ID) values (700505,20);
Insert into ASSET (ID,ASSET_TYPE_ID) values (700507,20);
Insert into ASSET (ID,ASSET_TYPE_ID) values (700509,20);
Insert into ASSET (ID,ASSET_TYPE_ID) values (700514,20);
Insert into ASSET (ID,ASSET_TYPE_ID) values (700516,20);
Insert into ASSET (ID,ASSET_TYPE_ID) values (700519,20);
Insert into ASSET (ID,ASSET_TYPE_ID) values (700523,20);
Insert into ASSET (ID,ASSET_TYPE_ID) values (700525,20);
Insert into ASSET (ID,ASSET_TYPE_ID) values (700527,20);
Insert into ASSET (ID,ASSET_TYPE_ID) values (700529,20);
Insert into ASSET (ID,ASSET_TYPE_ID) values (700531,20);
Insert into ASSET (ID,ASSET_TYPE_ID) values (700533,20);
Insert into ASSET (ID,ASSET_TYPE_ID) values (700535,20);
Insert into ASSET (ID,ASSET_TYPE_ID) values (700537,20);
Insert into ASSET (ID,ASSET_TYPE_ID) values (700540,20);
Insert into ASSET (ID,ASSET_TYPE_ID) values (700543,20);
Insert into ASSET (ID,ASSET_TYPE_ID) values (700545,20);
Insert into ASSET (ID,ASSET_TYPE_ID) values (700547,20);
Insert into ASSET (ID,ASSET_TYPE_ID) values (700550,20);
Insert into ASSET (ID,ASSET_TYPE_ID) values (700552,20);
Insert into ASSET (ID,ASSET_TYPE_ID) values (700554,20);
Insert into ASSET (ID,ASSET_TYPE_ID) values (700556,20);
Insert into ASSET (ID,ASSET_TYPE_ID) values (700558,20);
Insert into ASSET (ID,ASSET_TYPE_ID) values (700560,20);
Insert into ASSET (ID,ASSET_TYPE_ID) values (700562,20);
Insert into ASSET (ID,ASSET_TYPE_ID) values (700564,20);
Insert into ASSET (ID,ASSET_TYPE_ID) values (700566,20);
Insert into ASSET (ID,ASSET_TYPE_ID) values (700568,20);
Insert into ASSET (ID,ASSET_TYPE_ID) values (700578,20);
Insert into ASSET (ID,ASSET_TYPE_ID) values (700580,20);
Insert into ASSET (ID,ASSET_TYPE_ID) values (700582,20);
Insert into ASSET (ID,ASSET_TYPE_ID) values (700584,20);
Insert into ASSET (ID,ASSET_TYPE_ID) values (700666,20);
Insert into ASSET (ID,ASSET_TYPE_ID) values (700669,20);
Insert into ASSET (ID,ASSET_TYPE_ID) values (700673,20);
Insert into ASSET (ID,ASSET_TYPE_ID) values (700804,20);
Insert into ASSET (ID,ASSET_TYPE_ID) values (700806,20);
Insert into ASSET (ID,ASSET_TYPE_ID) values (700808,20);
Insert into ASSET (ID,ASSET_TYPE_ID) values (700810,20);
Insert into ASSET (ID,ASSET_TYPE_ID) values (700812,20);
Insert into ASSET (ID,ASSET_TYPE_ID) values (700814,20);
Insert into ASSET (ID,ASSET_TYPE_ID) values (700816,20);
Insert into ASSET (ID,ASSET_TYPE_ID) values (700818,20);
Insert into ASSET (ID,ASSET_TYPE_ID) values (700821,20);
Insert into ASSET (ID,ASSET_TYPE_ID) values (700829,20);
Insert into ASSET (ID,ASSET_TYPE_ID) values (700831,20);
Insert into ASSET (ID,ASSET_TYPE_ID) values (700833,20);
Insert into ASSET (ID,ASSET_TYPE_ID) values (700835,20);
Insert into ASSET (ID,ASSET_TYPE_ID) values (700837,20);
Insert into ASSET (ID,ASSET_TYPE_ID) values (700586,20);
Insert into ASSET (ID,ASSET_TYPE_ID) values (700675,20);
Insert into ASSET (ID,ASSET_TYPE_ID) values (700695,20);
Insert into ASSET (ID,ASSET_TYPE_ID) values (700698,20);
Insert into ASSET (ID,ASSET_TYPE_ID) values (700702,20);
Insert into ASSET (ID,ASSET_TYPE_ID) values (700764,20);

Insert into ASSET_LINK (ASSET_ID,POSITION_ID) values (700096,900097);
Insert into ASSET_LINK (ASSET_ID,POSITION_ID) values (700098,900099);
Insert into ASSET_LINK (ASSET_ID,POSITION_ID) values (700100,900101);
Insert into ASSET_LINK (ASSET_ID,POSITION_ID) values (700102,900103);
Insert into ASSET_LINK (ASSET_ID,POSITION_ID) values (700104,900105);
Insert into ASSET_LINK (ASSET_ID,POSITION_ID) values (700104,900107);
Insert into ASSET_LINK (ASSET_ID,POSITION_ID) values (700104,900109);
Insert into ASSET_LINK (ASSET_ID,POSITION_ID) values (700104,900110);
Insert into ASSET_LINK (ASSET_ID,POSITION_ID) values (700112,900115);
Insert into ASSET_LINK (ASSET_ID,POSITION_ID) values (700117,900119);
Insert into ASSET_LINK (ASSET_ID,POSITION_ID) values (700120,900122);
Insert into ASSET_LINK (ASSET_ID,POSITION_ID) values (700124,900127);
Insert into ASSET_LINK (ASSET_ID,POSITION_ID) values (700124,900128);
Insert into ASSET_LINK (ASSET_ID,POSITION_ID) values (700106,900108);
Insert into ASSET_LINK (ASSET_ID,POSITION_ID) values (700111,900113);
Insert into ASSET_LINK (ASSET_ID,POSITION_ID) values (700114,900116);
Insert into ASSET_LINK (ASSET_ID,POSITION_ID) values (700118,900121);
Insert into ASSET_LINK (ASSET_ID,POSITION_ID) values (700123,900125);
Insert into ASSET_LINK (ASSET_ID,POSITION_ID) values (700126,900129);
Insert into ASSET_LINK (ASSET_ID,POSITION_ID) values (700130,900131);
Insert into ASSET_LINK (ASSET_ID,POSITION_ID) values (700132,900133);
Insert into ASSET_LINK (ASSET_ID,POSITION_ID) values (700134,900135);
Insert into ASSET_LINK (ASSET_ID,POSITION_ID) values (700335,900337);
Insert into ASSET_LINK (ASSET_ID,POSITION_ID) values (700335,900339);
Insert into ASSET_LINK (ASSET_ID,POSITION_ID) values (700341,900343);
Insert into ASSET_LINK (ASSET_ID,POSITION_ID) values (700345,900347);
Insert into ASSET_LINK (ASSET_ID,POSITION_ID) values (700349,900351);
Insert into ASSET_LINK (ASSET_ID,POSITION_ID) values (700649,900650);
Insert into ASSET_LINK (ASSET_ID,POSITION_ID) values (700649,900651);
Insert into ASSET_LINK (ASSET_ID,POSITION_ID) values (700649,900652);
Insert into ASSET_LINK (ASSET_ID,POSITION_ID) values (700653,900654);
Insert into ASSET_LINK (ASSET_ID,POSITION_ID) values (700655,900656);
Insert into ASSET_LINK (ASSET_ID,POSITION_ID) values (700655,900657);
Insert into ASSET_LINK (ASSET_ID,POSITION_ID) values (700658,900659);
Insert into ASSET_LINK (ASSET_ID,POSITION_ID) values (700660,900661);
Insert into ASSET_LINK (ASSET_ID,POSITION_ID) values (700662,900663);
Insert into ASSET_LINK (ASSET_ID,POSITION_ID) values (700664,900665);
Insert into ASSET_LINK (ASSET_ID,POSITION_ID) values (700677,900678);
Insert into ASSET_LINK (ASSET_ID,POSITION_ID) values (700679,900680);
Insert into ASSET_LINK (ASSET_ID,POSITION_ID) values (700681,900682);
Insert into ASSET_LINK (ASSET_ID,POSITION_ID) values (700683,900684);
Insert into ASSET_LINK (ASSET_ID,POSITION_ID) values (700707,900708);
Insert into ASSET_LINK (ASSET_ID,POSITION_ID) values (700707,900709);
Insert into ASSET_LINK (ASSET_ID,POSITION_ID) values (700707,900710);
Insert into ASSET_LINK (ASSET_ID,POSITION_ID) values (700707,900711);
Insert into ASSET_LINK (ASSET_ID,POSITION_ID) values (700707,900712);
Insert into ASSET_LINK (ASSET_ID,POSITION_ID) values (700707,900713);
Insert into ASSET_LINK (ASSET_ID,POSITION_ID) values (700707,900714);
Insert into ASSET_LINK (ASSET_ID,POSITION_ID) values (700707,900715);
Insert into ASSET_LINK (ASSET_ID,POSITION_ID) values (700716,900717);
Insert into ASSET_LINK (ASSET_ID,POSITION_ID) values (700716,900718);
Insert into ASSET_LINK (ASSET_ID,POSITION_ID) values (700716,900719);
Insert into ASSET_LINK (ASSET_ID,POSITION_ID) values (700720,900721);
Insert into ASSET_LINK (ASSET_ID,POSITION_ID) values (700722,900723);
Insert into ASSET_LINK (ASSET_ID,POSITION_ID) values (700724,900725);
Insert into ASSET_LINK (ASSET_ID,POSITION_ID) values (700726,900727);
Insert into ASSET_LINK (ASSET_ID,POSITION_ID) values (700728,900729);
Insert into ASSET_LINK (ASSET_ID,POSITION_ID) values (700730,900731);
Insert into ASSET_LINK (ASSET_ID,POSITION_ID) values (700732,900733);
Insert into ASSET_LINK (ASSET_ID,POSITION_ID) values (700734,900735);
Insert into ASSET_LINK (ASSET_ID,POSITION_ID) values (700736,900737);
Insert into ASSET_LINK (ASSET_ID,POSITION_ID) values (700738,900739);
Insert into ASSET_LINK (ASSET_ID,POSITION_ID) values (700738,900740);
Insert into ASSET_LINK (ASSET_ID,POSITION_ID) values (700738,900741);
Insert into ASSET_LINK (ASSET_ID,POSITION_ID) values (700738,900742);
Insert into ASSET_LINK (ASSET_ID,POSITION_ID) values (700738,900743);
Insert into ASSET_LINK (ASSET_ID,POSITION_ID) values (700738,900744);
Insert into ASSET_LINK (ASSET_ID,POSITION_ID) values (700738,900745);
Insert into ASSET_LINK (ASSET_ID,POSITION_ID) values (700738,900746);
Insert into ASSET_LINK (ASSET_ID,POSITION_ID) values (700738,900747);
Insert into ASSET_LINK (ASSET_ID,POSITION_ID) values (700738,900748);
Insert into ASSET_LINK (ASSET_ID,POSITION_ID) values (700738,900749);
Insert into ASSET_LINK (ASSET_ID,POSITION_ID) values (700738,900750);
Insert into ASSET_LINK (ASSET_ID,POSITION_ID) values (700738,900751);
Insert into ASSET_LINK (ASSET_ID,POSITION_ID) values (700752,900753);
Insert into ASSET_LINK (ASSET_ID,POSITION_ID) values (700754,900755);
Insert into ASSET_LINK (ASSET_ID,POSITION_ID) values (700822,900824);
Insert into ASSET_LINK (ASSET_ID,POSITION_ID) values (700826,900828);
Insert into ASSET_LINK (ASSET_ID,POSITION_ID) values (700845,900846);
Insert into ASSET_LINK (ASSET_ID,POSITION_ID) values (700847,900848);
Insert into ASSET_LINK (ASSET_ID,POSITION_ID) values (700847,900849);
Insert into ASSET_LINK (ASSET_ID,POSITION_ID) values (700847,900850);
Insert into ASSET_LINK (ASSET_ID,POSITION_ID) values (700851,900852);
Insert into ASSET_LINK (ASSET_ID,POSITION_ID) values (700851,900853);
Insert into ASSET_LINK (ASSET_ID,POSITION_ID) values (700851,900854);
Insert into ASSET_LINK (ASSET_ID,POSITION_ID) values (700855,900856);
Insert into ASSET_LINK (ASSET_ID,POSITION_ID) values (700855,900857);
Insert into ASSET_LINK (ASSET_ID,POSITION_ID) values (700858,900859);
Insert into ASSET_LINK (ASSET_ID,POSITION_ID) values (700860,900861);
Insert into ASSET_LINK (ASSET_ID,POSITION_ID) values (700862,900863);
Insert into ASSET_LINK (ASSET_ID,POSITION_ID) values (700864,900865);
Insert into ASSET_LINK (ASSET_ID,POSITION_ID) values (700866,900867);
Insert into ASSET_LINK (ASSET_ID,POSITION_ID) values (700868,900869);
Insert into ASSET_LINK (ASSET_ID,POSITION_ID) values (700870,900871);
Insert into ASSET_LINK (ASSET_ID,POSITION_ID) values (700872,900873);
Insert into ASSET_LINK (ASSET_ID,POSITION_ID) values (700872,900874);
Insert into ASSET_LINK (ASSET_ID,POSITION_ID) values (700872,900875);
Insert into ASSET_LINK (ASSET_ID,POSITION_ID) values (700872,900876);
Insert into ASSET_LINK (ASSET_ID,POSITION_ID) values (700872,900877);
Insert into ASSET_LINK (ASSET_ID,POSITION_ID) values (700878,900879);
Insert into ASSET_LINK (ASSET_ID,POSITION_ID) values (700878,900880);
Insert into ASSET_LINK (ASSET_ID,POSITION_ID) values (700889,900890);
Insert into ASSET_LINK (ASSET_ID,POSITION_ID) values (700891,900892);
Insert into ASSET_LINK (ASSET_ID,POSITION_ID) values (700891,900893);
Insert into ASSET_LINK (ASSET_ID,POSITION_ID) values (700891,900894);
Insert into ASSET_LINK (ASSET_ID,POSITION_ID) values (700891,900895);
Insert into ASSET_LINK (ASSET_ID,POSITION_ID) values (700896,900897);
Insert into ASSET_LINK (ASSET_ID,POSITION_ID) values (700898,900899);
Insert into ASSET_LINK (ASSET_ID,POSITION_ID) values (700898,900900);
Insert into ASSET_LINK (ASSET_ID,POSITION_ID) values (700901,900902);
Insert into ASSET_LINK (ASSET_ID,POSITION_ID) values (700903,900904);
Insert into ASSET_LINK (ASSET_ID,POSITION_ID) values (700913,900914);
Insert into ASSET_LINK (ASSET_ID,POSITION_ID) values (700915,900916);
Insert into ASSET_LINK (ASSET_ID,POSITION_ID) values (700092,900093);
Insert into ASSET_LINK (ASSET_ID,POSITION_ID) values (700094,900095);
Insert into ASSET_LINK (ASSET_ID,POSITION_ID) values (700221,900223);
Insert into ASSET_LINK (ASSET_ID,POSITION_ID) values (700221,900225);
Insert into ASSET_LINK (ASSET_ID,POSITION_ID) values (700221,900227);
Insert into ASSET_LINK (ASSET_ID,POSITION_ID) values (700221,900229);
Insert into ASSET_LINK (ASSET_ID,POSITION_ID) values (700231,900233);
Insert into ASSET_LINK (ASSET_ID,POSITION_ID) values (700231,900236);
Insert into ASSET_LINK (ASSET_ID,POSITION_ID) values (700238,900240);
Insert into ASSET_LINK (ASSET_ID,POSITION_ID) values (700588,900589);
Insert into ASSET_LINK (ASSET_ID,POSITION_ID) values (700590,900591);
Insert into ASSET_LINK (ASSET_ID,POSITION_ID) values (700590,900592);
Insert into ASSET_LINK (ASSET_ID,POSITION_ID) values (700590,900593);
Insert into ASSET_LINK (ASSET_ID,POSITION_ID) values (700594,900595);
Insert into ASSET_LINK (ASSET_ID,POSITION_ID) values (700594,900596);
Insert into ASSET_LINK (ASSET_ID,POSITION_ID) values (700597,900598);
Insert into ASSET_LINK (ASSET_ID,POSITION_ID) values (700597,900599);
Insert into ASSET_LINK (ASSET_ID,POSITION_ID) values (700600,900601);
Insert into ASSET_LINK (ASSET_ID,POSITION_ID) values (700600,900602);
Insert into ASSET_LINK (ASSET_ID,POSITION_ID) values (700603,900604);
Insert into ASSET_LINK (ASSET_ID,POSITION_ID) values (700603,900605);
Insert into ASSET_LINK (ASSET_ID,POSITION_ID) values (700603,900606);
Insert into ASSET_LINK (ASSET_ID,POSITION_ID) values (700603,900607);
Insert into ASSET_LINK (ASSET_ID,POSITION_ID) values (700603,900608);
Insert into ASSET_LINK (ASSET_ID,POSITION_ID) values (700603,900609);
Insert into ASSET_LINK (ASSET_ID,POSITION_ID) values (700603,900610);
Insert into ASSET_LINK (ASSET_ID,POSITION_ID) values (700603,900611);
Insert into ASSET_LINK (ASSET_ID,POSITION_ID) values (700603,900612);
Insert into ASSET_LINK (ASSET_ID,POSITION_ID) values (700603,900613);
Insert into ASSET_LINK (ASSET_ID,POSITION_ID) values (700603,900614);
Insert into ASSET_LINK (ASSET_ID,POSITION_ID) values (700603,900615);
Insert into ASSET_LINK (ASSET_ID,POSITION_ID) values (700603,900616);
Insert into ASSET_LINK (ASSET_ID,POSITION_ID) values (700603,900617);
Insert into ASSET_LINK (ASSET_ID,POSITION_ID) values (700603,900618);
Insert into ASSET_LINK (ASSET_ID,POSITION_ID) values (700603,900619);
Insert into ASSET_LINK (ASSET_ID,POSITION_ID) values (700603,900620);
Insert into ASSET_LINK (ASSET_ID,POSITION_ID) values (700603,900621);
Insert into ASSET_LINK (ASSET_ID,POSITION_ID) values (700603,900622);
Insert into ASSET_LINK (ASSET_ID,POSITION_ID) values (700603,900623);
Insert into ASSET_LINK (ASSET_ID,POSITION_ID) values (700624,900625);
Insert into ASSET_LINK (ASSET_ID,POSITION_ID) values (700626,900627);
Insert into ASSET_LINK (ASSET_ID,POSITION_ID) values (700628,900629);
Insert into ASSET_LINK (ASSET_ID,POSITION_ID) values (700628,900630);
Insert into ASSET_LINK (ASSET_ID,POSITION_ID) values (700628,900631);
Insert into ASSET_LINK (ASSET_ID,POSITION_ID) values (700628,900632);
Insert into ASSET_LINK (ASSET_ID,POSITION_ID) values (700628,900633);
Insert into ASSET_LINK (ASSET_ID,POSITION_ID) values (700628,900634);
Insert into ASSET_LINK (ASSET_ID,POSITION_ID) values (700628,900635);
Insert into ASSET_LINK (ASSET_ID,POSITION_ID) values (700636,900637);
Insert into ASSET_LINK (ASSET_ID,POSITION_ID) values (700638,900639);
Insert into ASSET_LINK (ASSET_ID,POSITION_ID) values (700640,900641);
Insert into ASSET_LINK (ASSET_ID,POSITION_ID) values (700642,900643);
Insert into ASSET_LINK (ASSET_ID,POSITION_ID) values (700642,900644);
Insert into ASSET_LINK (ASSET_ID,POSITION_ID) values (700642,900645);
Insert into ASSET_LINK (ASSET_ID,POSITION_ID) values (700642,900646);
Insert into ASSET_LINK (ASSET_ID,POSITION_ID) values (700642,900647);
Insert into ASSET_LINK (ASSET_ID,POSITION_ID) values (700642,900648);
Insert into ASSET_LINK (ASSET_ID,POSITION_ID) values (700685,900686);
Insert into ASSET_LINK (ASSET_ID,POSITION_ID) values (700687,900688);
Insert into ASSET_LINK (ASSET_ID,POSITION_ID) values (700689,900690);
Insert into ASSET_LINK (ASSET_ID,POSITION_ID) values (700691,900692);
Insert into ASSET_LINK (ASSET_ID,POSITION_ID) values (700691,900693);
Insert into ASSET_LINK (ASSET_ID,POSITION_ID) values (700691,900694);
Insert into ASSET_LINK (ASSET_ID,POSITION_ID) values (700697,900699);
Insert into ASSET_LINK (ASSET_ID,POSITION_ID) values (700701,900703);
Insert into ASSET_LINK (ASSET_ID,POSITION_ID) values (700705,900706);
Insert into ASSET_LINK (ASSET_ID,POSITION_ID) values (700756,900757);
Insert into ASSET_LINK (ASSET_ID,POSITION_ID) values (700758,900759);
Insert into ASSET_LINK (ASSET_ID,POSITION_ID) values (700760,900761);
Insert into ASSET_LINK (ASSET_ID,POSITION_ID) values (700762,900763);
Insert into ASSET_LINK (ASSET_ID,POSITION_ID) values (700772,900774);
Insert into ASSET_LINK (ASSET_ID,POSITION_ID) values (700772,900776);
Insert into ASSET_LINK (ASSET_ID,POSITION_ID) values (700772,900778);
Insert into ASSET_LINK (ASSET_ID,POSITION_ID) values (700766,900767);
Insert into ASSET_LINK (ASSET_ID,POSITION_ID) values (700766,900768);
Insert into ASSET_LINK (ASSET_ID,POSITION_ID) values (700766,900769);
Insert into ASSET_LINK (ASSET_ID,POSITION_ID) values (700770,900771);
Insert into ASSET_LINK (ASSET_ID,POSITION_ID) values (700773,900775);
Insert into ASSET_LINK (ASSET_ID,POSITION_ID) values (700777,900779);
Insert into ASSET_LINK (ASSET_ID,POSITION_ID) values (700780,900781);
Insert into ASSET_LINK (ASSET_ID,POSITION_ID) values (700782,900783);
Insert into ASSET_LINK (ASSET_ID,POSITION_ID) values (700782,900784);
Insert into ASSET_LINK (ASSET_ID,POSITION_ID) values (700782,900785);
Insert into ASSET_LINK (ASSET_ID,POSITION_ID) values (700786,900787);
Insert into ASSET_LINK (ASSET_ID,POSITION_ID) values (700786,900788);
Insert into ASSET_LINK (ASSET_ID,POSITION_ID) values (700789,900790);
Insert into ASSET_LINK (ASSET_ID,POSITION_ID) values (700791,900792);
Insert into ASSET_LINK (ASSET_ID,POSITION_ID) values (700793,900794);
Insert into ASSET_LINK (ASSET_ID,POSITION_ID) values (700795,900796);
Insert into ASSET_LINK (ASSET_ID,POSITION_ID) values (700797,900798);
Insert into ASSET_LINK (ASSET_ID,POSITION_ID) values (700799,900800);
Insert into ASSET_LINK (ASSET_ID,POSITION_ID) values (700799,900801);
Insert into ASSET_LINK (ASSET_ID,POSITION_ID) values (700802,900803);
Insert into ASSET_LINK (ASSET_ID,POSITION_ID) values (700840,900841);
Insert into ASSET_LINK (ASSET_ID,POSITION_ID) values (700842,900843);
Insert into ASSET_LINK (ASSET_ID,POSITION_ID) values (700842,900844);
Insert into ASSET_LINK (ASSET_ID,POSITION_ID) values (700881,900882);
Insert into ASSET_LINK (ASSET_ID,POSITION_ID) values (700883,900884);
Insert into ASSET_LINK (ASSET_ID,POSITION_ID) values (700885,900886);
Insert into ASSET_LINK (ASSET_ID,POSITION_ID) values (700887,900888);
Insert into ASSET_LINK (ASSET_ID,POSITION_ID) values (700905,900906);
Insert into ASSET_LINK (ASSET_ID,POSITION_ID) values (700907,900908);
Insert into ASSET_LINK (ASSET_ID,POSITION_ID) values (700909,900910);
Insert into ASSET_LINK (ASSET_ID,POSITION_ID) values (700911,900912);
Insert into ASSET_LINK (ASSET_ID,POSITION_ID) values (700136,900137);
Insert into ASSET_LINK (ASSET_ID,POSITION_ID) values (700138,900139);
Insert into ASSET_LINK (ASSET_ID,POSITION_ID) values (700140,900141);
Insert into ASSET_LINK (ASSET_ID,POSITION_ID) values (700142,900143);
Insert into ASSET_LINK (ASSET_ID,POSITION_ID) values (700144,900145);
Insert into ASSET_LINK (ASSET_ID,POSITION_ID) values (700144,900146);
Insert into ASSET_LINK (ASSET_ID,POSITION_ID) values (700147,900148);
Insert into ASSET_LINK (ASSET_ID,POSITION_ID) values (700149,900150);
Insert into ASSET_LINK (ASSET_ID,POSITION_ID) values (700151,900152);
Insert into ASSET_LINK (ASSET_ID,POSITION_ID) values (700153,900154);
Insert into ASSET_LINK (ASSET_ID,POSITION_ID) values (700153,900155);
Insert into ASSET_LINK (ASSET_ID,POSITION_ID) values (700156,900157);
Insert into ASSET_LINK (ASSET_ID,POSITION_ID) values (700158,900159);
Insert into ASSET_LINK (ASSET_ID,POSITION_ID) values (700160,900161);
Insert into ASSET_LINK (ASSET_ID,POSITION_ID) values (700160,900162);
Insert into ASSET_LINK (ASSET_ID,POSITION_ID) values (700160,900163);
Insert into ASSET_LINK (ASSET_ID,POSITION_ID) values (700164,900165);
Insert into ASSET_LINK (ASSET_ID,POSITION_ID) values (700166,900167);
Insert into ASSET_LINK (ASSET_ID,POSITION_ID) values (700168,900169);
Insert into ASSET_LINK (ASSET_ID,POSITION_ID) values (700170,900171);
Insert into ASSET_LINK (ASSET_ID,POSITION_ID) values (700170,900172);
Insert into ASSET_LINK (ASSET_ID,POSITION_ID) values (700173,900174);
Insert into ASSET_LINK (ASSET_ID,POSITION_ID) values (700175,900176);
Insert into ASSET_LINK (ASSET_ID,POSITION_ID) values (700177,900178);
Insert into ASSET_LINK (ASSET_ID,POSITION_ID) values (700179,900180);
Insert into ASSET_LINK (ASSET_ID,POSITION_ID) values (700181,900182);
Insert into ASSET_LINK (ASSET_ID,POSITION_ID) values (700183,900184);
Insert into ASSET_LINK (ASSET_ID,POSITION_ID) values (700185,900186);
Insert into ASSET_LINK (ASSET_ID,POSITION_ID) values (700187,900188);
Insert into ASSET_LINK (ASSET_ID,POSITION_ID) values (700189,900190);
Insert into ASSET_LINK (ASSET_ID,POSITION_ID) values (700191,900192);
Insert into ASSET_LINK (ASSET_ID,POSITION_ID) values (700193,900194);
Insert into ASSET_LINK (ASSET_ID,POSITION_ID) values (700195,900196);
Insert into ASSET_LINK (ASSET_ID,POSITION_ID) values (700197,900198);
Insert into ASSET_LINK (ASSET_ID,POSITION_ID) values (700199,900200);
Insert into ASSET_LINK (ASSET_ID,POSITION_ID) values (700201,900202);
Insert into ASSET_LINK (ASSET_ID,POSITION_ID) values (700203,900204);
Insert into ASSET_LINK (ASSET_ID,POSITION_ID) values (700205,900206);
Insert into ASSET_LINK (ASSET_ID,POSITION_ID) values (700207,900208);
Insert into ASSET_LINK (ASSET_ID,POSITION_ID) values (700209,900210);
Insert into ASSET_LINK (ASSET_ID,POSITION_ID) values (700211,900212);
Insert into ASSET_LINK (ASSET_ID,POSITION_ID) values (700213,900214);
Insert into ASSET_LINK (ASSET_ID,POSITION_ID) values (700215,900216);
Insert into ASSET_LINK (ASSET_ID,POSITION_ID) values (700215,900217);
Insert into ASSET_LINK (ASSET_ID,POSITION_ID) values (700218,900219);
Insert into ASSET_LINK (ASSET_ID,POSITION_ID) values (700220,900222);
Insert into ASSET_LINK (ASSET_ID,POSITION_ID) values (700224,900226);
Insert into ASSET_LINK (ASSET_ID,POSITION_ID) values (700228,900230);
Insert into ASSET_LINK (ASSET_ID,POSITION_ID) values (700232,900234);
Insert into ASSET_LINK (ASSET_ID,POSITION_ID) values (700235,900237);
Insert into ASSET_LINK (ASSET_ID,POSITION_ID) values (700235,900239);
Insert into ASSET_LINK (ASSET_ID,POSITION_ID) values (700241,900242);
Insert into ASSET_LINK (ASSET_ID,POSITION_ID) values (700241,900243);
Insert into ASSET_LINK (ASSET_ID,POSITION_ID) values (700244,900245);
Insert into ASSET_LINK (ASSET_ID,POSITION_ID) values (700244,900246);
Insert into ASSET_LINK (ASSET_ID,POSITION_ID) values (700247,900248);
Insert into ASSET_LINK (ASSET_ID,POSITION_ID) values (700249,900250);
Insert into ASSET_LINK (ASSET_ID,POSITION_ID) values (700251,900252);
Insert into ASSET_LINK (ASSET_ID,POSITION_ID) values (700251,900253);
Insert into ASSET_LINK (ASSET_ID,POSITION_ID) values (700251,900254);
Insert into ASSET_LINK (ASSET_ID,POSITION_ID) values (700255,900256);
Insert into ASSET_LINK (ASSET_ID,POSITION_ID) values (700257,900258);
Insert into ASSET_LINK (ASSET_ID,POSITION_ID) values (700257,900259);
Insert into ASSET_LINK (ASSET_ID,POSITION_ID) values (700260,900261);
Insert into ASSET_LINK (ASSET_ID,POSITION_ID) values (700260,900262);
Insert into ASSET_LINK (ASSET_ID,POSITION_ID) values (700263,900264);
Insert into ASSET_LINK (ASSET_ID,POSITION_ID) values (700265,900266);
Insert into ASSET_LINK (ASSET_ID,POSITION_ID) values (700267,900268);
Insert into ASSET_LINK (ASSET_ID,POSITION_ID) values (700267,900269);
Insert into ASSET_LINK (ASSET_ID,POSITION_ID) values (700270,900271);
Insert into ASSET_LINK (ASSET_ID,POSITION_ID) values (700272,900273);
Insert into ASSET_LINK (ASSET_ID,POSITION_ID) values (700272,900274);
Insert into ASSET_LINK (ASSET_ID,POSITION_ID) values (700272,900275);
Insert into ASSET_LINK (ASSET_ID,POSITION_ID) values (700272,900276);
Insert into ASSET_LINK (ASSET_ID,POSITION_ID) values (700277,900278);
Insert into ASSET_LINK (ASSET_ID,POSITION_ID) values (700279,900280);
Insert into ASSET_LINK (ASSET_ID,POSITION_ID) values (700281,900282);
Insert into ASSET_LINK (ASSET_ID,POSITION_ID) values (700281,900283);
Insert into ASSET_LINK (ASSET_ID,POSITION_ID) values (700281,900284);
Insert into ASSET_LINK (ASSET_ID,POSITION_ID) values (700281,900285);
Insert into ASSET_LINK (ASSET_ID,POSITION_ID) values (700286,900287);
Insert into ASSET_LINK (ASSET_ID,POSITION_ID) values (700288,900289);
Insert into ASSET_LINK (ASSET_ID,POSITION_ID) values (700290,900291);
Insert into ASSET_LINK (ASSET_ID,POSITION_ID) values (700290,900292);
Insert into ASSET_LINK (ASSET_ID,POSITION_ID) values (700290,900293);
Insert into ASSET_LINK (ASSET_ID,POSITION_ID) values (700294,900295);
Insert into ASSET_LINK (ASSET_ID,POSITION_ID) values (700296,900297);
Insert into ASSET_LINK (ASSET_ID,POSITION_ID) values (700296,900298);
Insert into ASSET_LINK (ASSET_ID,POSITION_ID) values (700296,900299);
Insert into ASSET_LINK (ASSET_ID,POSITION_ID) values (700296,900300);
Insert into ASSET_LINK (ASSET_ID,POSITION_ID) values (700301,900302);
Insert into ASSET_LINK (ASSET_ID,POSITION_ID) values (700303,900304);
Insert into ASSET_LINK (ASSET_ID,POSITION_ID) values (700305,900306);
Insert into ASSET_LINK (ASSET_ID,POSITION_ID) values (700305,900307);
Insert into ASSET_LINK (ASSET_ID,POSITION_ID) values (700305,900308);
Insert into ASSET_LINK (ASSET_ID,POSITION_ID) values (700309,900310);
Insert into ASSET_LINK (ASSET_ID,POSITION_ID) values (700309,900311);
Insert into ASSET_LINK (ASSET_ID,POSITION_ID) values (700312,900313);
Insert into ASSET_LINK (ASSET_ID,POSITION_ID) values (700312,900314);
Insert into ASSET_LINK (ASSET_ID,POSITION_ID) values (700312,900315);
Insert into ASSET_LINK (ASSET_ID,POSITION_ID) values (700312,900316);
Insert into ASSET_LINK (ASSET_ID,POSITION_ID) values (700317,900318);
Insert into ASSET_LINK (ASSET_ID,POSITION_ID) values (700319,900320);
Insert into ASSET_LINK (ASSET_ID,POSITION_ID) values (700321,900322);
Insert into ASSET_LINK (ASSET_ID,POSITION_ID) values (700323,900324);
Insert into ASSET_LINK (ASSET_ID,POSITION_ID) values (700323,900325);
Insert into ASSET_LINK (ASSET_ID,POSITION_ID) values (700323,900326);
Insert into ASSET_LINK (ASSET_ID,POSITION_ID) values (700323,900327);
Insert into ASSET_LINK (ASSET_ID,POSITION_ID) values (700323,900328);
Insert into ASSET_LINK (ASSET_ID,POSITION_ID) values (700329,900330);
Insert into ASSET_LINK (ASSET_ID,POSITION_ID) values (700331,900332);
Insert into ASSET_LINK (ASSET_ID,POSITION_ID) values (700331,900333);
Insert into ASSET_LINK (ASSET_ID,POSITION_ID) values (700331,900334);
Insert into ASSET_LINK (ASSET_ID,POSITION_ID) values (700331,900336);
Insert into ASSET_LINK (ASSET_ID,POSITION_ID) values (700331,900338);
Insert into ASSET_LINK (ASSET_ID,POSITION_ID) values (700331,900340);
Insert into ASSET_LINK (ASSET_ID,POSITION_ID) values (700342,900344);
Insert into ASSET_LINK (ASSET_ID,POSITION_ID) values (700342,900346);
Insert into ASSET_LINK (ASSET_ID,POSITION_ID) values (700342,900348);
Insert into ASSET_LINK (ASSET_ID,POSITION_ID) values (700342,900350);
Insert into ASSET_LINK (ASSET_ID,POSITION_ID) values (700342,900352);
Insert into ASSET_LINK (ASSET_ID,POSITION_ID) values (700342,900353);
Insert into ASSET_LINK (ASSET_ID,POSITION_ID) values (700354,900355);
Insert into ASSET_LINK (ASSET_ID,POSITION_ID) values (700356,900357);
Insert into ASSET_LINK (ASSET_ID,POSITION_ID) values (700358,900359);
Insert into ASSET_LINK (ASSET_ID,POSITION_ID) values (700360,900361);
Insert into ASSET_LINK (ASSET_ID,POSITION_ID) values (700362,900363);
Insert into ASSET_LINK (ASSET_ID,POSITION_ID) values (700362,900364);
Insert into ASSET_LINK (ASSET_ID,POSITION_ID) values (700362,900365);
Insert into ASSET_LINK (ASSET_ID,POSITION_ID) values (700366,900367);
Insert into ASSET_LINK (ASSET_ID,POSITION_ID) values (700368,900369);
Insert into ASSET_LINK (ASSET_ID,POSITION_ID) values (700370,900371);
Insert into ASSET_LINK (ASSET_ID,POSITION_ID) values (700370,900372);
Insert into ASSET_LINK (ASSET_ID,POSITION_ID) values (700370,900373);
Insert into ASSET_LINK (ASSET_ID,POSITION_ID) values (700374,900375);
Insert into ASSET_LINK (ASSET_ID,POSITION_ID) values (700374,900376);
Insert into ASSET_LINK (ASSET_ID,POSITION_ID) values (700374,900377);
Insert into ASSET_LINK (ASSET_ID,POSITION_ID) values (700374,900378);
Insert into ASSET_LINK (ASSET_ID,POSITION_ID) values (700374,900379);
Insert into ASSET_LINK (ASSET_ID,POSITION_ID) values (700374,900380);
Insert into ASSET_LINK (ASSET_ID,POSITION_ID) values (700374,900381);
Insert into ASSET_LINK (ASSET_ID,POSITION_ID) values (700382,900383);
Insert into ASSET_LINK (ASSET_ID,POSITION_ID) values (700382,900384);
Insert into ASSET_LINK (ASSET_ID,POSITION_ID) values (700385,900386);
Insert into ASSET_LINK (ASSET_ID,POSITION_ID) values (700387,900388);
Insert into ASSET_LINK (ASSET_ID,POSITION_ID) values (700387,900389);
Insert into ASSET_LINK (ASSET_ID,POSITION_ID) values (700390,900391);
Insert into ASSET_LINK (ASSET_ID,POSITION_ID) values (700392,900393);
Insert into ASSET_LINK (ASSET_ID,POSITION_ID) values (700394,900395);
Insert into ASSET_LINK (ASSET_ID,POSITION_ID) values (700394,900396);
Insert into ASSET_LINK (ASSET_ID,POSITION_ID) values (700394,900397);
Insert into ASSET_LINK (ASSET_ID,POSITION_ID) values (700394,900398);
Insert into ASSET_LINK (ASSET_ID,POSITION_ID) values (700394,900399);
Insert into ASSET_LINK (ASSET_ID,POSITION_ID) values (700394,900400);
Insert into ASSET_LINK (ASSET_ID,POSITION_ID) values (700394,900401);
Insert into ASSET_LINK (ASSET_ID,POSITION_ID) values (700394,900402);
Insert into ASSET_LINK (ASSET_ID,POSITION_ID) values (700394,900403);
Insert into ASSET_LINK (ASSET_ID,POSITION_ID) values (700394,900404);
Insert into ASSET_LINK (ASSET_ID,POSITION_ID) values (700405,900406);
Insert into ASSET_LINK (ASSET_ID,POSITION_ID) values (700407,900408);
Insert into ASSET_LINK (ASSET_ID,POSITION_ID) values (700409,900410);
Insert into ASSET_LINK (ASSET_ID,POSITION_ID) values (700411,900412);
Insert into ASSET_LINK (ASSET_ID,POSITION_ID) values (700413,900414);
Insert into ASSET_LINK (ASSET_ID,POSITION_ID) values (700415,900416);
Insert into ASSET_LINK (ASSET_ID,POSITION_ID) values (700417,900418);
Insert into ASSET_LINK (ASSET_ID,POSITION_ID) values (700419,900420);
Insert into ASSET_LINK (ASSET_ID,POSITION_ID) values (700419,900421);
Insert into ASSET_LINK (ASSET_ID,POSITION_ID) values (700422,900423);
Insert into ASSET_LINK (ASSET_ID,POSITION_ID) values (700422,900424);
Insert into ASSET_LINK (ASSET_ID,POSITION_ID) values (700422,900425);
Insert into ASSET_LINK (ASSET_ID,POSITION_ID) values (700422,900426);
Insert into ASSET_LINK (ASSET_ID,POSITION_ID) values (700422,900427);
Insert into ASSET_LINK (ASSET_ID,POSITION_ID) values (700422,900428);
Insert into ASSET_LINK (ASSET_ID,POSITION_ID) values (700422,900429);
Insert into ASSET_LINK (ASSET_ID,POSITION_ID) values (700430,900431);
Insert into ASSET_LINK (ASSET_ID,POSITION_ID) values (700432,900433);
Insert into ASSET_LINK (ASSET_ID,POSITION_ID) values (700434,900435);
Insert into ASSET_LINK (ASSET_ID,POSITION_ID) values (700434,900436);
Insert into ASSET_LINK (ASSET_ID,POSITION_ID) values (700437,900438);
Insert into ASSET_LINK (ASSET_ID,POSITION_ID) values (700437,900439);
Insert into ASSET_LINK (ASSET_ID,POSITION_ID) values (700437,900440);
Insert into ASSET_LINK (ASSET_ID,POSITION_ID) values (700437,900441);
Insert into ASSET_LINK (ASSET_ID,POSITION_ID) values (700437,900442);
Insert into ASSET_LINK (ASSET_ID,POSITION_ID) values (700437,900443);
Insert into ASSET_LINK (ASSET_ID,POSITION_ID) values (700437,900444);
Insert into ASSET_LINK (ASSET_ID,POSITION_ID) values (700437,900445);
Insert into ASSET_LINK (ASSET_ID,POSITION_ID) values (700437,900446);
Insert into ASSET_LINK (ASSET_ID,POSITION_ID) values (700437,900447);
Insert into ASSET_LINK (ASSET_ID,POSITION_ID) values (700437,900448);
Insert into ASSET_LINK (ASSET_ID,POSITION_ID) values (700449,900450);
Insert into ASSET_LINK (ASSET_ID,POSITION_ID) values (700451,900452);
Insert into ASSET_LINK (ASSET_ID,POSITION_ID) values (700453,900454);
Insert into ASSET_LINK (ASSET_ID,POSITION_ID) values (700453,900455);
Insert into ASSET_LINK (ASSET_ID,POSITION_ID) values (700456,900457);
Insert into ASSET_LINK (ASSET_ID,POSITION_ID) values (700456,900458);
Insert into ASSET_LINK (ASSET_ID,POSITION_ID) values (700459,900460);
Insert into ASSET_LINK (ASSET_ID,POSITION_ID) values (700459,900461);
Insert into ASSET_LINK (ASSET_ID,POSITION_ID) values (700462,900463);
Insert into ASSET_LINK (ASSET_ID,POSITION_ID) values (700464,900465);
Insert into ASSET_LINK (ASSET_ID,POSITION_ID) values (700466,900467);
Insert into ASSET_LINK (ASSET_ID,POSITION_ID) values (700466,900468);
Insert into ASSET_LINK (ASSET_ID,POSITION_ID) values (700469,900470);
Insert into ASSET_LINK (ASSET_ID,POSITION_ID) values (700471,900472);
Insert into ASSET_LINK (ASSET_ID,POSITION_ID) values (700473,900474);
Insert into ASSET_LINK (ASSET_ID,POSITION_ID) values (700473,900475);
Insert into ASSET_LINK (ASSET_ID,POSITION_ID) values (700476,900477);
Insert into ASSET_LINK (ASSET_ID,POSITION_ID) values (700476,900478);
Insert into ASSET_LINK (ASSET_ID,POSITION_ID) values (700476,900479);
Insert into ASSET_LINK (ASSET_ID,POSITION_ID) values (700476,900480);
Insert into ASSET_LINK (ASSET_ID,POSITION_ID) values (700481,900482);
Insert into ASSET_LINK (ASSET_ID,POSITION_ID) values (700483,900484);
Insert into ASSET_LINK (ASSET_ID,POSITION_ID) values (700483,900485);
Insert into ASSET_LINK (ASSET_ID,POSITION_ID) values (700486,900487);
Insert into ASSET_LINK (ASSET_ID,POSITION_ID) values (700488,900489);
Insert into ASSET_LINK (ASSET_ID,POSITION_ID) values (700490,900491);
Insert into ASSET_LINK (ASSET_ID,POSITION_ID) values (700490,900492);
Insert into ASSET_LINK (ASSET_ID,POSITION_ID) values (700490,900493);
Insert into ASSET_LINK (ASSET_ID,POSITION_ID) values (700494,900495);
Insert into ASSET_LINK (ASSET_ID,POSITION_ID) values (700494,900496);
Insert into ASSET_LINK (ASSET_ID,POSITION_ID) values (700494,900497);
Insert into ASSET_LINK (ASSET_ID,POSITION_ID) values (700494,900498);
Insert into ASSET_LINK (ASSET_ID,POSITION_ID) values (700494,900499);
Insert into ASSET_LINK (ASSET_ID,POSITION_ID) values (700494,900500);
Insert into ASSET_LINK (ASSET_ID,POSITION_ID) values (700494,900501);
Insert into ASSET_LINK (ASSET_ID,POSITION_ID) values (700494,900502);
Insert into ASSET_LINK (ASSET_ID,POSITION_ID) values (700494,900503);
Insert into ASSET_LINK (ASSET_ID,POSITION_ID) values (700494,900504);
Insert into ASSET_LINK (ASSET_ID,POSITION_ID) values (700505,900506);
Insert into ASSET_LINK (ASSET_ID,POSITION_ID) values (700507,900508);
Insert into ASSET_LINK (ASSET_ID,POSITION_ID) values (700509,900510);
Insert into ASSET_LINK (ASSET_ID,POSITION_ID) values (700509,900511);
Insert into ASSET_LINK (ASSET_ID,POSITION_ID) values (700509,900512);
Insert into ASSET_LINK (ASSET_ID,POSITION_ID) values (700509,900513);
Insert into ASSET_LINK (ASSET_ID,POSITION_ID) values (700514,900515);
Insert into ASSET_LINK (ASSET_ID,POSITION_ID) values (700516,900517);
Insert into ASSET_LINK (ASSET_ID,POSITION_ID) values (700516,900518);
Insert into ASSET_LINK (ASSET_ID,POSITION_ID) values (700519,900520);
Insert into ASSET_LINK (ASSET_ID,POSITION_ID) values (700519,900521);
Insert into ASSET_LINK (ASSET_ID,POSITION_ID) values (700519,900522);
Insert into ASSET_LINK (ASSET_ID,POSITION_ID) values (700523,900524);
Insert into ASSET_LINK (ASSET_ID,POSITION_ID) values (700525,900526);
Insert into ASSET_LINK (ASSET_ID,POSITION_ID) values (700527,900528);
Insert into ASSET_LINK (ASSET_ID,POSITION_ID) values (700529,900530);
Insert into ASSET_LINK (ASSET_ID,POSITION_ID) values (700531,900532);
Insert into ASSET_LINK (ASSET_ID,POSITION_ID) values (700533,900534);
Insert into ASSET_LINK (ASSET_ID,POSITION_ID) values (700535,900536);
Insert into ASSET_LINK (ASSET_ID,POSITION_ID) values (700537,900538);
Insert into ASSET_LINK (ASSET_ID,POSITION_ID) values (700537,900539);
Insert into ASSET_LINK (ASSET_ID,POSITION_ID) values (700540,900541);
Insert into ASSET_LINK (ASSET_ID,POSITION_ID) values (700540,900542);
Insert into ASSET_LINK (ASSET_ID,POSITION_ID) values (700543,900544);
Insert into ASSET_LINK (ASSET_ID,POSITION_ID) values (700545,900546);
Insert into ASSET_LINK (ASSET_ID,POSITION_ID) values (700547,900548);
Insert into ASSET_LINK (ASSET_ID,POSITION_ID) values (700547,900549);
Insert into ASSET_LINK (ASSET_ID,POSITION_ID) values (700550,900551);
Insert into ASSET_LINK (ASSET_ID,POSITION_ID) values (700552,900553);
Insert into ASSET_LINK (ASSET_ID,POSITION_ID) values (700554,900555);
Insert into ASSET_LINK (ASSET_ID,POSITION_ID) values (700556,900557);
Insert into ASSET_LINK (ASSET_ID,POSITION_ID) values (700558,900559);
Insert into ASSET_LINK (ASSET_ID,POSITION_ID) values (700560,900561);
Insert into ASSET_LINK (ASSET_ID,POSITION_ID) values (700562,900563);
Insert into ASSET_LINK (ASSET_ID,POSITION_ID) values (700564,900565);
Insert into ASSET_LINK (ASSET_ID,POSITION_ID) values (700566,900567);
Insert into ASSET_LINK (ASSET_ID,POSITION_ID) values (700568,900569);
Insert into ASSET_LINK (ASSET_ID,POSITION_ID) values (700568,900570);
Insert into ASSET_LINK (ASSET_ID,POSITION_ID) values (700568,900571);
Insert into ASSET_LINK (ASSET_ID,POSITION_ID) values (700568,900572);
Insert into ASSET_LINK (ASSET_ID,POSITION_ID) values (700568,900573);
Insert into ASSET_LINK (ASSET_ID,POSITION_ID) values (700568,900574);
Insert into ASSET_LINK (ASSET_ID,POSITION_ID) values (700568,900575);
Insert into ASSET_LINK (ASSET_ID,POSITION_ID) values (700568,900576);
Insert into ASSET_LINK (ASSET_ID,POSITION_ID) values (700568,900577);
Insert into ASSET_LINK (ASSET_ID,POSITION_ID) values (700578,900579);
Insert into ASSET_LINK (ASSET_ID,POSITION_ID) values (700580,900581);
Insert into ASSET_LINK (ASSET_ID,POSITION_ID) values (700582,900583);
Insert into ASSET_LINK (ASSET_ID,POSITION_ID) values (700584,900585);
Insert into ASSET_LINK (ASSET_ID,POSITION_ID) values (700666,900667);
Insert into ASSET_LINK (ASSET_ID,POSITION_ID) values (700666,900668);
Insert into ASSET_LINK (ASSET_ID,POSITION_ID) values (700669,900670);
Insert into ASSET_LINK (ASSET_ID,POSITION_ID) values (700669,900671);
Insert into ASSET_LINK (ASSET_ID,POSITION_ID) values (700669,900672);
Insert into ASSET_LINK (ASSET_ID,POSITION_ID) values (700673,900674);
Insert into ASSET_LINK (ASSET_ID,POSITION_ID) values (700804,900805);
Insert into ASSET_LINK (ASSET_ID,POSITION_ID) values (700806,900807);
Insert into ASSET_LINK (ASSET_ID,POSITION_ID) values (700808,900809);
Insert into ASSET_LINK (ASSET_ID,POSITION_ID) values (700810,900811);
Insert into ASSET_LINK (ASSET_ID,POSITION_ID) values (700812,900813);
Insert into ASSET_LINK (ASSET_ID,POSITION_ID) values (700814,900815);
Insert into ASSET_LINK (ASSET_ID,POSITION_ID) values (700816,900817);
Insert into ASSET_LINK (ASSET_ID,POSITION_ID) values (700818,900819);
Insert into ASSET_LINK (ASSET_ID,POSITION_ID) values (700818,900820);
Insert into ASSET_LINK (ASSET_ID,POSITION_ID) values (700821,900823);
Insert into ASSET_LINK (ASSET_ID,POSITION_ID) values (700821,900825);
Insert into ASSET_LINK (ASSET_ID,POSITION_ID) values (700821,900827);
Insert into ASSET_LINK (ASSET_ID,POSITION_ID) values (700829,900830);
Insert into ASSET_LINK (ASSET_ID,POSITION_ID) values (700831,900832);
Insert into ASSET_LINK (ASSET_ID,POSITION_ID) values (700833,900834);
Insert into ASSET_LINK (ASSET_ID,POSITION_ID) values (700835,900836);
Insert into ASSET_LINK (ASSET_ID,POSITION_ID) values (700837,900838);
Insert into ASSET_LINK (ASSET_ID,POSITION_ID) values (700837,900839);
Insert into ASSET_LINK (ASSET_ID,POSITION_ID) values (700586,900587);
Insert into ASSET_LINK (ASSET_ID,POSITION_ID) values (700675,900676);
Insert into ASSET_LINK (ASSET_ID,POSITION_ID) values (700695,900696);
Insert into ASSET_LINK (ASSET_ID,POSITION_ID) values (700698,900700);
Insert into ASSET_LINK (ASSET_ID,POSITION_ID) values (700702,900704);
Insert into ASSET_LINK (ASSET_ID,POSITION_ID) values (700764,900765);

Insert into SINGLE_CHOICE_VALUE (ASSET_ID,ENUMERATED_VALUE_ID,PROPERTY_ID) values (700096,(select id from enumerated_value where value = 50),(select id from property where public_id = 'rajoitus'));
Insert into SINGLE_CHOICE_VALUE (ASSET_ID,ENUMERATED_VALUE_ID,PROPERTY_ID) values (700098,(select id from enumerated_value where value = 30),(select id from property where public_id = 'rajoitus'));
Insert into SINGLE_CHOICE_VALUE (ASSET_ID,ENUMERATED_VALUE_ID,PROPERTY_ID) values (700100,(select id from enumerated_value where value = 30),(select id from property where public_id = 'rajoitus'));
Insert into SINGLE_CHOICE_VALUE (ASSET_ID,ENUMERATED_VALUE_ID,PROPERTY_ID) values (700102,(select id from enumerated_value where value = 30),(select id from property where public_id = 'rajoitus'));
Insert into SINGLE_CHOICE_VALUE (ASSET_ID,ENUMERATED_VALUE_ID,PROPERTY_ID) values (700104,(select id from enumerated_value where value = 40),(select id from property where public_id = 'rajoitus'));
Insert into SINGLE_CHOICE_VALUE (ASSET_ID,ENUMERATED_VALUE_ID,PROPERTY_ID) values (700112,(select id from enumerated_value where value = 40),(select id from property where public_id = 'rajoitus'));
Insert into SINGLE_CHOICE_VALUE (ASSET_ID,ENUMERATED_VALUE_ID,PROPERTY_ID) values (700117,(select id from enumerated_value where value = 30),(select id from property where public_id = 'rajoitus'));
Insert into SINGLE_CHOICE_VALUE (ASSET_ID,ENUMERATED_VALUE_ID,PROPERTY_ID) values (700120,(select id from enumerated_value where value = 30),(select id from property where public_id = 'rajoitus'));
Insert into SINGLE_CHOICE_VALUE (ASSET_ID,ENUMERATED_VALUE_ID,PROPERTY_ID) values (700124,(select id from enumerated_value where value = 40),(select id from property where public_id = 'rajoitus'));
Insert into SINGLE_CHOICE_VALUE (ASSET_ID,ENUMERATED_VALUE_ID,PROPERTY_ID) values (700106,(select id from enumerated_value where value = 30),(select id from property where public_id = 'rajoitus'));
Insert into SINGLE_CHOICE_VALUE (ASSET_ID,ENUMERATED_VALUE_ID,PROPERTY_ID) values (700111,(select id from enumerated_value where value = 30),(select id from property where public_id = 'rajoitus'));
Insert into SINGLE_CHOICE_VALUE (ASSET_ID,ENUMERATED_VALUE_ID,PROPERTY_ID) values (700114,(select id from enumerated_value where value = 30),(select id from property where public_id = 'rajoitus'));
Insert into SINGLE_CHOICE_VALUE (ASSET_ID,ENUMERATED_VALUE_ID,PROPERTY_ID) values (700118,(select id from enumerated_value where value = 30),(select id from property where public_id = 'rajoitus'));
Insert into SINGLE_CHOICE_VALUE (ASSET_ID,ENUMERATED_VALUE_ID,PROPERTY_ID) values (700123,(select id from enumerated_value where value = 40),(select id from property where public_id = 'rajoitus'));
Insert into SINGLE_CHOICE_VALUE (ASSET_ID,ENUMERATED_VALUE_ID,PROPERTY_ID) values (700126,(select id from enumerated_value where value = 30),(select id from property where public_id = 'rajoitus'));
Insert into SINGLE_CHOICE_VALUE (ASSET_ID,ENUMERATED_VALUE_ID,PROPERTY_ID) values (700130,(select id from enumerated_value where value = 30),(select id from property where public_id = 'rajoitus'));
Insert into SINGLE_CHOICE_VALUE (ASSET_ID,ENUMERATED_VALUE_ID,PROPERTY_ID) values (700132,(select id from enumerated_value where value = 30),(select id from property where public_id = 'rajoitus'));
Insert into SINGLE_CHOICE_VALUE (ASSET_ID,ENUMERATED_VALUE_ID,PROPERTY_ID) values (700134,(select id from enumerated_value where value = 30),(select id from property where public_id = 'rajoitus'));
Insert into SINGLE_CHOICE_VALUE (ASSET_ID,ENUMERATED_VALUE_ID,PROPERTY_ID) values (700335,(select id from enumerated_value where value = 30),(select id from property where public_id = 'rajoitus'));
Insert into SINGLE_CHOICE_VALUE (ASSET_ID,ENUMERATED_VALUE_ID,PROPERTY_ID) values (700341,(select id from enumerated_value where value = 30),(select id from property where public_id = 'rajoitus'));
Insert into SINGLE_CHOICE_VALUE (ASSET_ID,ENUMERATED_VALUE_ID,PROPERTY_ID) values (700345,(select id from enumerated_value where value = 30),(select id from property where public_id = 'rajoitus'));
Insert into SINGLE_CHOICE_VALUE (ASSET_ID,ENUMERATED_VALUE_ID,PROPERTY_ID) values (700349,(select id from enumerated_value where value = 30),(select id from property where public_id = 'rajoitus'));
Insert into SINGLE_CHOICE_VALUE (ASSET_ID,ENUMERATED_VALUE_ID,PROPERTY_ID) values (700649,(select id from enumerated_value where value = 30),(select id from property where public_id = 'rajoitus'));
Insert into SINGLE_CHOICE_VALUE (ASSET_ID,ENUMERATED_VALUE_ID,PROPERTY_ID) values (700653,(select id from enumerated_value where value = 30),(select id from property where public_id = 'rajoitus'));
Insert into SINGLE_CHOICE_VALUE (ASSET_ID,ENUMERATED_VALUE_ID,PROPERTY_ID) values (700655,(select id from enumerated_value where value = 40),(select id from property where public_id = 'rajoitus'));
Insert into SINGLE_CHOICE_VALUE (ASSET_ID,ENUMERATED_VALUE_ID,PROPERTY_ID) values (700658,(select id from enumerated_value where value = 30),(select id from property where public_id = 'rajoitus'));
Insert into SINGLE_CHOICE_VALUE (ASSET_ID,ENUMERATED_VALUE_ID,PROPERTY_ID) values (700660,(select id from enumerated_value where value = 30),(select id from property where public_id = 'rajoitus'));
Insert into SINGLE_CHOICE_VALUE (ASSET_ID,ENUMERATED_VALUE_ID,PROPERTY_ID) values (700662,(select id from enumerated_value where value = 30),(select id from property where public_id = 'rajoitus'));
Insert into SINGLE_CHOICE_VALUE (ASSET_ID,ENUMERATED_VALUE_ID,PROPERTY_ID) values (700664,(select id from enumerated_value where value = 30),(select id from property where public_id = 'rajoitus'));
Insert into SINGLE_CHOICE_VALUE (ASSET_ID,ENUMERATED_VALUE_ID,PROPERTY_ID) values (700677,(select id from enumerated_value where value = 30),(select id from property where public_id = 'rajoitus'));
Insert into SINGLE_CHOICE_VALUE (ASSET_ID,ENUMERATED_VALUE_ID,PROPERTY_ID) values (700679,(select id from enumerated_value where value = 30),(select id from property where public_id = 'rajoitus'));
Insert into SINGLE_CHOICE_VALUE (ASSET_ID,ENUMERATED_VALUE_ID,PROPERTY_ID) values (700681,(select id from enumerated_value where value = 30),(select id from property where public_id = 'rajoitus'));
Insert into SINGLE_CHOICE_VALUE (ASSET_ID,ENUMERATED_VALUE_ID,PROPERTY_ID) values (700683,(select id from enumerated_value where value = 30),(select id from property where public_id = 'rajoitus'));
Insert into SINGLE_CHOICE_VALUE (ASSET_ID,ENUMERATED_VALUE_ID,PROPERTY_ID) values (700707,(select id from enumerated_value where value = 30),(select id from property where public_id = 'rajoitus'));
Insert into SINGLE_CHOICE_VALUE (ASSET_ID,ENUMERATED_VALUE_ID,PROPERTY_ID) values (700716,(select id from enumerated_value where value = 30),(select id from property where public_id = 'rajoitus'));
Insert into SINGLE_CHOICE_VALUE (ASSET_ID,ENUMERATED_VALUE_ID,PROPERTY_ID) values (700720,(select id from enumerated_value where value = 40),(select id from property where public_id = 'rajoitus'));
Insert into SINGLE_CHOICE_VALUE (ASSET_ID,ENUMERATED_VALUE_ID,PROPERTY_ID) values (700722,(select id from enumerated_value where value = 40),(select id from property where public_id = 'rajoitus'));
Insert into SINGLE_CHOICE_VALUE (ASSET_ID,ENUMERATED_VALUE_ID,PROPERTY_ID) values (700724,(select id from enumerated_value where value = 40),(select id from property where public_id = 'rajoitus'));
Insert into SINGLE_CHOICE_VALUE (ASSET_ID,ENUMERATED_VALUE_ID,PROPERTY_ID) values (700726,(select id from enumerated_value where value = 30),(select id from property where public_id = 'rajoitus'));
Insert into SINGLE_CHOICE_VALUE (ASSET_ID,ENUMERATED_VALUE_ID,PROPERTY_ID) values (700728,(select id from enumerated_value where value = 30),(select id from property where public_id = 'rajoitus'));
Insert into SINGLE_CHOICE_VALUE (ASSET_ID,ENUMERATED_VALUE_ID,PROPERTY_ID) values (700730,(select id from enumerated_value where value = 30),(select id from property where public_id = 'rajoitus'));
Insert into SINGLE_CHOICE_VALUE (ASSET_ID,ENUMERATED_VALUE_ID,PROPERTY_ID) values (700732,(select id from enumerated_value where value = 30),(select id from property where public_id = 'rajoitus'));
Insert into SINGLE_CHOICE_VALUE (ASSET_ID,ENUMERATED_VALUE_ID,PROPERTY_ID) values (700734,(select id from enumerated_value where value = 50),(select id from property where public_id = 'rajoitus'));
Insert into SINGLE_CHOICE_VALUE (ASSET_ID,ENUMERATED_VALUE_ID,PROPERTY_ID) values (700736,(select id from enumerated_value where value = 30),(select id from property where public_id = 'rajoitus'));
Insert into SINGLE_CHOICE_VALUE (ASSET_ID,ENUMERATED_VALUE_ID,PROPERTY_ID) values (700738,(select id from enumerated_value where value = 30),(select id from property where public_id = 'rajoitus'));
Insert into SINGLE_CHOICE_VALUE (ASSET_ID,ENUMERATED_VALUE_ID,PROPERTY_ID) values (700752,(select id from enumerated_value where value = 40),(select id from property where public_id = 'rajoitus'));
Insert into SINGLE_CHOICE_VALUE (ASSET_ID,ENUMERATED_VALUE_ID,PROPERTY_ID) values (700754,(select id from enumerated_value where value = 40),(select id from property where public_id = 'rajoitus'));
Insert into SINGLE_CHOICE_VALUE (ASSET_ID,ENUMERATED_VALUE_ID,PROPERTY_ID) values (700822,(select id from enumerated_value where value = 30),(select id from property where public_id = 'rajoitus'));
Insert into SINGLE_CHOICE_VALUE (ASSET_ID,ENUMERATED_VALUE_ID,PROPERTY_ID) values (700826,(select id from enumerated_value where value = 30),(select id from property where public_id = 'rajoitus'));
Insert into SINGLE_CHOICE_VALUE (ASSET_ID,ENUMERATED_VALUE_ID,PROPERTY_ID) values (700845,(select id from enumerated_value where value = 40),(select id from property where public_id = 'rajoitus'));
Insert into SINGLE_CHOICE_VALUE (ASSET_ID,ENUMERATED_VALUE_ID,PROPERTY_ID) values (700847,(select id from enumerated_value where value = 40),(select id from property where public_id = 'rajoitus'));
Insert into SINGLE_CHOICE_VALUE (ASSET_ID,ENUMERATED_VALUE_ID,PROPERTY_ID) values (700851,(select id from enumerated_value where value = 30),(select id from property where public_id = 'rajoitus'));
Insert into SINGLE_CHOICE_VALUE (ASSET_ID,ENUMERATED_VALUE_ID,PROPERTY_ID) values (700855,(select id from enumerated_value where value = 30),(select id from property where public_id = 'rajoitus'));
Insert into SINGLE_CHOICE_VALUE (ASSET_ID,ENUMERATED_VALUE_ID,PROPERTY_ID) values (700858,(select id from enumerated_value where value = 30),(select id from property where public_id = 'rajoitus'));
Insert into SINGLE_CHOICE_VALUE (ASSET_ID,ENUMERATED_VALUE_ID,PROPERTY_ID) values (700860,(select id from enumerated_value where value = 30),(select id from property where public_id = 'rajoitus'));
Insert into SINGLE_CHOICE_VALUE (ASSET_ID,ENUMERATED_VALUE_ID,PROPERTY_ID) values (700862,(select id from enumerated_value where value = 30),(select id from property where public_id = 'rajoitus'));
Insert into SINGLE_CHOICE_VALUE (ASSET_ID,ENUMERATED_VALUE_ID,PROPERTY_ID) values (700864,(select id from enumerated_value where value = 30),(select id from property where public_id = 'rajoitus'));
Insert into SINGLE_CHOICE_VALUE (ASSET_ID,ENUMERATED_VALUE_ID,PROPERTY_ID) values (700866,(select id from enumerated_value where value = 30),(select id from property where public_id = 'rajoitus'));
Insert into SINGLE_CHOICE_VALUE (ASSET_ID,ENUMERATED_VALUE_ID,PROPERTY_ID) values (700868,(select id from enumerated_value where value = 30),(select id from property where public_id = 'rajoitus'));
Insert into SINGLE_CHOICE_VALUE (ASSET_ID,ENUMERATED_VALUE_ID,PROPERTY_ID) values (700870,(select id from enumerated_value where value = 30),(select id from property where public_id = 'rajoitus'));
Insert into SINGLE_CHOICE_VALUE (ASSET_ID,ENUMERATED_VALUE_ID,PROPERTY_ID) values (700872,(select id from enumerated_value where value = 40),(select id from property where public_id = 'rajoitus'));
Insert into SINGLE_CHOICE_VALUE (ASSET_ID,ENUMERATED_VALUE_ID,PROPERTY_ID) values (700878,(select id from enumerated_value where value = 40),(select id from property where public_id = 'rajoitus'));
Insert into SINGLE_CHOICE_VALUE (ASSET_ID,ENUMERATED_VALUE_ID,PROPERTY_ID) values (700889,(select id from enumerated_value where value = 100),(select id from property where public_id = 'rajoitus'));
Insert into SINGLE_CHOICE_VALUE (ASSET_ID,ENUMERATED_VALUE_ID,PROPERTY_ID) values (700891,(select id from enumerated_value where value = 100),(select id from property where public_id = 'rajoitus'));
Insert into SINGLE_CHOICE_VALUE (ASSET_ID,ENUMERATED_VALUE_ID,PROPERTY_ID) values (700896,(select id from enumerated_value where value = 100),(select id from property where public_id = 'rajoitus'));
Insert into SINGLE_CHOICE_VALUE (ASSET_ID,ENUMERATED_VALUE_ID,PROPERTY_ID) values (700898,(select id from enumerated_value where value = 100),(select id from property where public_id = 'rajoitus'));
Insert into SINGLE_CHOICE_VALUE (ASSET_ID,ENUMERATED_VALUE_ID,PROPERTY_ID) values (700901,(select id from enumerated_value where value = 60),(select id from property where public_id = 'rajoitus'));
Insert into SINGLE_CHOICE_VALUE (ASSET_ID,ENUMERATED_VALUE_ID,PROPERTY_ID) values (700903,(select id from enumerated_value where value = 60),(select id from property where public_id = 'rajoitus'));
Insert into SINGLE_CHOICE_VALUE (ASSET_ID,ENUMERATED_VALUE_ID,PROPERTY_ID) values (700913,(select id from enumerated_value where value = 40),(select id from property where public_id = 'rajoitus'));
Insert into SINGLE_CHOICE_VALUE (ASSET_ID,ENUMERATED_VALUE_ID,PROPERTY_ID) values (700915,(select id from enumerated_value where value = 40),(select id from property where public_id = 'rajoitus'));
Insert into SINGLE_CHOICE_VALUE (ASSET_ID,ENUMERATED_VALUE_ID,PROPERTY_ID) values (700092,(select id from enumerated_value where value = 40),(select id from property where public_id = 'rajoitus'));
Insert into SINGLE_CHOICE_VALUE (ASSET_ID,ENUMERATED_VALUE_ID,PROPERTY_ID) values (700094,(select id from enumerated_value where value = 30),(select id from property where public_id = 'rajoitus'));
Insert into SINGLE_CHOICE_VALUE (ASSET_ID,ENUMERATED_VALUE_ID,PROPERTY_ID) values (700221,(select id from enumerated_value where value = 40),(select id from property where public_id = 'rajoitus'));
Insert into SINGLE_CHOICE_VALUE (ASSET_ID,ENUMERATED_VALUE_ID,PROPERTY_ID) values (700231,(select id from enumerated_value where value = 40),(select id from property where public_id = 'rajoitus'));
Insert into SINGLE_CHOICE_VALUE (ASSET_ID,ENUMERATED_VALUE_ID,PROPERTY_ID) values (700238,(select id from enumerated_value where value = 40),(select id from property where public_id = 'rajoitus'));
Insert into SINGLE_CHOICE_VALUE (ASSET_ID,ENUMERATED_VALUE_ID,PROPERTY_ID) values (700588,(select id from enumerated_value where value = 30),(select id from property where public_id = 'rajoitus'));
Insert into SINGLE_CHOICE_VALUE (ASSET_ID,ENUMERATED_VALUE_ID,PROPERTY_ID) values (700590,(select id from enumerated_value where value = 30),(select id from property where public_id = 'rajoitus'));
Insert into SINGLE_CHOICE_VALUE (ASSET_ID,ENUMERATED_VALUE_ID,PROPERTY_ID) values (700594,(select id from enumerated_value where value = 40),(select id from property where public_id = 'rajoitus'));
Insert into SINGLE_CHOICE_VALUE (ASSET_ID,ENUMERATED_VALUE_ID,PROPERTY_ID) values (700597,(select id from enumerated_value where value = 40),(select id from property where public_id = 'rajoitus'));
Insert into SINGLE_CHOICE_VALUE (ASSET_ID,ENUMERATED_VALUE_ID,PROPERTY_ID) values (700600,(select id from enumerated_value where value = 40),(select id from property where public_id = 'rajoitus'));
Insert into SINGLE_CHOICE_VALUE (ASSET_ID,ENUMERATED_VALUE_ID,PROPERTY_ID) values (700603,(select id from enumerated_value where value = 40),(select id from property where public_id = 'rajoitus'));
Insert into SINGLE_CHOICE_VALUE (ASSET_ID,ENUMERATED_VALUE_ID,PROPERTY_ID) values (700624,(select id from enumerated_value where value = 40),(select id from property where public_id = 'rajoitus'));
Insert into SINGLE_CHOICE_VALUE (ASSET_ID,ENUMERATED_VALUE_ID,PROPERTY_ID) values (700626,(select id from enumerated_value where value = 40),(select id from property where public_id = 'rajoitus'));
Insert into SINGLE_CHOICE_VALUE (ASSET_ID,ENUMERATED_VALUE_ID,PROPERTY_ID) values (700628,(select id from enumerated_value where value = 40),(select id from property where public_id = 'rajoitus'));
Insert into SINGLE_CHOICE_VALUE (ASSET_ID,ENUMERATED_VALUE_ID,PROPERTY_ID) values (700636,(select id from enumerated_value where value = 40),(select id from property where public_id = 'rajoitus'));
Insert into SINGLE_CHOICE_VALUE (ASSET_ID,ENUMERATED_VALUE_ID,PROPERTY_ID) values (700638,(select id from enumerated_value where value = 40),(select id from property where public_id = 'rajoitus'));
Insert into SINGLE_CHOICE_VALUE (ASSET_ID,ENUMERATED_VALUE_ID,PROPERTY_ID) values (700640,(select id from enumerated_value where value = 40),(select id from property where public_id = 'rajoitus'));
Insert into SINGLE_CHOICE_VALUE (ASSET_ID,ENUMERATED_VALUE_ID,PROPERTY_ID) values (700642,(select id from enumerated_value where value = 40),(select id from property where public_id = 'rajoitus'));
Insert into SINGLE_CHOICE_VALUE (ASSET_ID,ENUMERATED_VALUE_ID,PROPERTY_ID) values (700685,(select id from enumerated_value where value = 30),(select id from property where public_id = 'rajoitus'));
Insert into SINGLE_CHOICE_VALUE (ASSET_ID,ENUMERATED_VALUE_ID,PROPERTY_ID) values (700687,(select id from enumerated_value where value = 30),(select id from property where public_id = 'rajoitus'));
Insert into SINGLE_CHOICE_VALUE (ASSET_ID,ENUMERATED_VALUE_ID,PROPERTY_ID) values (700689,(select id from enumerated_value where value = 40),(select id from property where public_id = 'rajoitus'));
Insert into SINGLE_CHOICE_VALUE (ASSET_ID,ENUMERATED_VALUE_ID,PROPERTY_ID) values (700691,(select id from enumerated_value where value = 40),(select id from property where public_id = 'rajoitus'));
Insert into SINGLE_CHOICE_VALUE (ASSET_ID,ENUMERATED_VALUE_ID,PROPERTY_ID) values (700697,(select id from enumerated_value where value = 40),(select id from property where public_id = 'rajoitus'));
Insert into SINGLE_CHOICE_VALUE (ASSET_ID,ENUMERATED_VALUE_ID,PROPERTY_ID) values (700701,(select id from enumerated_value where value = 30),(select id from property where public_id = 'rajoitus'));
Insert into SINGLE_CHOICE_VALUE (ASSET_ID,ENUMERATED_VALUE_ID,PROPERTY_ID) values (700705,(select id from enumerated_value where value = 30),(select id from property where public_id = 'rajoitus'));
Insert into SINGLE_CHOICE_VALUE (ASSET_ID,ENUMERATED_VALUE_ID,PROPERTY_ID) values (700756,(select id from enumerated_value where value = 30),(select id from property where public_id = 'rajoitus'));
Insert into SINGLE_CHOICE_VALUE (ASSET_ID,ENUMERATED_VALUE_ID,PROPERTY_ID) values (700758,(select id from enumerated_value where value = 30),(select id from property where public_id = 'rajoitus'));
Insert into SINGLE_CHOICE_VALUE (ASSET_ID,ENUMERATED_VALUE_ID,PROPERTY_ID) values (700760,(select id from enumerated_value where value = 30),(select id from property where public_id = 'rajoitus'));
Insert into SINGLE_CHOICE_VALUE (ASSET_ID,ENUMERATED_VALUE_ID,PROPERTY_ID) values (700762,(select id from enumerated_value where value = 30),(select id from property where public_id = 'rajoitus'));
Insert into SINGLE_CHOICE_VALUE (ASSET_ID,ENUMERATED_VALUE_ID,PROPERTY_ID) values (700772,(select id from enumerated_value where value = 40),(select id from property where public_id = 'rajoitus'));
Insert into SINGLE_CHOICE_VALUE (ASSET_ID,ENUMERATED_VALUE_ID,PROPERTY_ID) values (700766,(select id from enumerated_value where value = 40),(select id from property where public_id = 'rajoitus'));
Insert into SINGLE_CHOICE_VALUE (ASSET_ID,ENUMERATED_VALUE_ID,PROPERTY_ID) values (700770,(select id from enumerated_value where value = 40),(select id from property where public_id = 'rajoitus'));
Insert into SINGLE_CHOICE_VALUE (ASSET_ID,ENUMERATED_VALUE_ID,PROPERTY_ID) values (700773,(select id from enumerated_value where value = 40),(select id from property where public_id = 'rajoitus'));
Insert into SINGLE_CHOICE_VALUE (ASSET_ID,ENUMERATED_VALUE_ID,PROPERTY_ID) values (700777,(select id from enumerated_value where value = 40),(select id from property where public_id = 'rajoitus'));
Insert into SINGLE_CHOICE_VALUE (ASSET_ID,ENUMERATED_VALUE_ID,PROPERTY_ID) values (700780,(select id from enumerated_value where value = 40),(select id from property where public_id = 'rajoitus'));
Insert into SINGLE_CHOICE_VALUE (ASSET_ID,ENUMERATED_VALUE_ID,PROPERTY_ID) values (700782,(select id from enumerated_value where value = 40),(select id from property where public_id = 'rajoitus'));
Insert into SINGLE_CHOICE_VALUE (ASSET_ID,ENUMERATED_VALUE_ID,PROPERTY_ID) values (700786,(select id from enumerated_value where value = 40),(select id from property where public_id = 'rajoitus'));
Insert into SINGLE_CHOICE_VALUE (ASSET_ID,ENUMERATED_VALUE_ID,PROPERTY_ID) values (700789,(select id from enumerated_value where value = 40),(select id from property where public_id = 'rajoitus'));
Insert into SINGLE_CHOICE_VALUE (ASSET_ID,ENUMERATED_VALUE_ID,PROPERTY_ID) values (700791,(select id from enumerated_value where value = 40),(select id from property where public_id = 'rajoitus'));
Insert into SINGLE_CHOICE_VALUE (ASSET_ID,ENUMERATED_VALUE_ID,PROPERTY_ID) values (700793,(select id from enumerated_value where value = 40),(select id from property where public_id = 'rajoitus'));
Insert into SINGLE_CHOICE_VALUE (ASSET_ID,ENUMERATED_VALUE_ID,PROPERTY_ID) values (700795,(select id from enumerated_value where value = 30),(select id from property where public_id = 'rajoitus'));
Insert into SINGLE_CHOICE_VALUE (ASSET_ID,ENUMERATED_VALUE_ID,PROPERTY_ID) values (700797,(select id from enumerated_value where value = 30),(select id from property where public_id = 'rajoitus'));
Insert into SINGLE_CHOICE_VALUE (ASSET_ID,ENUMERATED_VALUE_ID,PROPERTY_ID) values (700799,(select id from enumerated_value where value = 30),(select id from property where public_id = 'rajoitus'));
Insert into SINGLE_CHOICE_VALUE (ASSET_ID,ENUMERATED_VALUE_ID,PROPERTY_ID) values (700802,(select id from enumerated_value where value = 30),(select id from property where public_id = 'rajoitus'));
Insert into SINGLE_CHOICE_VALUE (ASSET_ID,ENUMERATED_VALUE_ID,PROPERTY_ID) values (700840,(select id from enumerated_value where value = 30),(select id from property where public_id = 'rajoitus'));
Insert into SINGLE_CHOICE_VALUE (ASSET_ID,ENUMERATED_VALUE_ID,PROPERTY_ID) values (700842,(select id from enumerated_value where value = 30),(select id from property where public_id = 'rajoitus'));
Insert into SINGLE_CHOICE_VALUE (ASSET_ID,ENUMERATED_VALUE_ID,PROPERTY_ID) values (700881,(select id from enumerated_value where value = 60),(select id from property where public_id = 'rajoitus'));
Insert into SINGLE_CHOICE_VALUE (ASSET_ID,ENUMERATED_VALUE_ID,PROPERTY_ID) values (700883,(select id from enumerated_value where value = 60),(select id from property where public_id = 'rajoitus'));
Insert into SINGLE_CHOICE_VALUE (ASSET_ID,ENUMERATED_VALUE_ID,PROPERTY_ID) values (700885,(select id from enumerated_value where value = 60),(select id from property where public_id = 'rajoitus'));
Insert into SINGLE_CHOICE_VALUE (ASSET_ID,ENUMERATED_VALUE_ID,PROPERTY_ID) values (700887,(select id from enumerated_value where value = 60),(select id from property where public_id = 'rajoitus'));
Insert into SINGLE_CHOICE_VALUE (ASSET_ID,ENUMERATED_VALUE_ID,PROPERTY_ID) values (700905,(select id from enumerated_value where value = 50),(select id from property where public_id = 'rajoitus'));
Insert into SINGLE_CHOICE_VALUE (ASSET_ID,ENUMERATED_VALUE_ID,PROPERTY_ID) values (700907,(select id from enumerated_value where value = 50),(select id from property where public_id = 'rajoitus'));
Insert into SINGLE_CHOICE_VALUE (ASSET_ID,ENUMERATED_VALUE_ID,PROPERTY_ID) values (700909,(select id from enumerated_value where value = 50),(select id from property where public_id = 'rajoitus'));
Insert into SINGLE_CHOICE_VALUE (ASSET_ID,ENUMERATED_VALUE_ID,PROPERTY_ID) values (700911,(select id from enumerated_value where value = 50),(select id from property where public_id = 'rajoitus'));
Insert into SINGLE_CHOICE_VALUE (ASSET_ID,ENUMERATED_VALUE_ID,PROPERTY_ID) values (700136,(select id from enumerated_value where value = 40),(select id from property where public_id = 'rajoitus'));
Insert into SINGLE_CHOICE_VALUE (ASSET_ID,ENUMERATED_VALUE_ID,PROPERTY_ID) values (700138,(select id from enumerated_value where value = 50),(select id from property where public_id = 'rajoitus'));
Insert into SINGLE_CHOICE_VALUE (ASSET_ID,ENUMERATED_VALUE_ID,PROPERTY_ID) values (700140,(select id from enumerated_value where value = 30),(select id from property where public_id = 'rajoitus'));
Insert into SINGLE_CHOICE_VALUE (ASSET_ID,ENUMERATED_VALUE_ID,PROPERTY_ID) values (700142,(select id from enumerated_value where value = 30),(select id from property where public_id = 'rajoitus'));
Insert into SINGLE_CHOICE_VALUE (ASSET_ID,ENUMERATED_VALUE_ID,PROPERTY_ID) values (700144,(select id from enumerated_value where value = 30),(select id from property where public_id = 'rajoitus'));
Insert into SINGLE_CHOICE_VALUE (ASSET_ID,ENUMERATED_VALUE_ID,PROPERTY_ID) values (700147,(select id from enumerated_value where value = 40),(select id from property where public_id = 'rajoitus'));
Insert into SINGLE_CHOICE_VALUE (ASSET_ID,ENUMERATED_VALUE_ID,PROPERTY_ID) values (700149,(select id from enumerated_value where value = 50),(select id from property where public_id = 'rajoitus'));
Insert into SINGLE_CHOICE_VALUE (ASSET_ID,ENUMERATED_VALUE_ID,PROPERTY_ID) values (700151,(select id from enumerated_value where value = 30),(select id from property where public_id = 'rajoitus'));
Insert into SINGLE_CHOICE_VALUE (ASSET_ID,ENUMERATED_VALUE_ID,PROPERTY_ID) values (700153,(select id from enumerated_value where value = 30),(select id from property where public_id = 'rajoitus'));
Insert into SINGLE_CHOICE_VALUE (ASSET_ID,ENUMERATED_VALUE_ID,PROPERTY_ID) values (700156,(select id from enumerated_value where value = 30),(select id from property where public_id = 'rajoitus'));
Insert into SINGLE_CHOICE_VALUE (ASSET_ID,ENUMERATED_VALUE_ID,PROPERTY_ID) values (700158,(select id from enumerated_value where value = 30),(select id from property where public_id = 'rajoitus'));
Insert into SINGLE_CHOICE_VALUE (ASSET_ID,ENUMERATED_VALUE_ID,PROPERTY_ID) values (700160,(select id from enumerated_value where value = 30),(select id from property where public_id = 'rajoitus'));
Insert into SINGLE_CHOICE_VALUE (ASSET_ID,ENUMERATED_VALUE_ID,PROPERTY_ID) values (700164,(select id from enumerated_value where value = 30),(select id from property where public_id = 'rajoitus'));
Insert into SINGLE_CHOICE_VALUE (ASSET_ID,ENUMERATED_VALUE_ID,PROPERTY_ID) values (700166,(select id from enumerated_value where value = 30),(select id from property where public_id = 'rajoitus'));
Insert into SINGLE_CHOICE_VALUE (ASSET_ID,ENUMERATED_VALUE_ID,PROPERTY_ID) values (700168,(select id from enumerated_value where value = 30),(select id from property where public_id = 'rajoitus'));
Insert into SINGLE_CHOICE_VALUE (ASSET_ID,ENUMERATED_VALUE_ID,PROPERTY_ID) values (700170,(select id from enumerated_value where value = 30),(select id from property where public_id = 'rajoitus'));
Insert into SINGLE_CHOICE_VALUE (ASSET_ID,ENUMERATED_VALUE_ID,PROPERTY_ID) values (700173,(select id from enumerated_value where value = 40),(select id from property where public_id = 'rajoitus'));
Insert into SINGLE_CHOICE_VALUE (ASSET_ID,ENUMERATED_VALUE_ID,PROPERTY_ID) values (700175,(select id from enumerated_value where value = 40),(select id from property where public_id = 'rajoitus'));
Insert into SINGLE_CHOICE_VALUE (ASSET_ID,ENUMERATED_VALUE_ID,PROPERTY_ID) values (700177,(select id from enumerated_value where value = 30),(select id from property where public_id = 'rajoitus'));
Insert into SINGLE_CHOICE_VALUE (ASSET_ID,ENUMERATED_VALUE_ID,PROPERTY_ID) values (700179,(select id from enumerated_value where value = 30),(select id from property where public_id = 'rajoitus'));
Insert into SINGLE_CHOICE_VALUE (ASSET_ID,ENUMERATED_VALUE_ID,PROPERTY_ID) values (700181,(select id from enumerated_value where value = 30),(select id from property where public_id = 'rajoitus'));
Insert into SINGLE_CHOICE_VALUE (ASSET_ID,ENUMERATED_VALUE_ID,PROPERTY_ID) values (700183,(select id from enumerated_value where value = 30),(select id from property where public_id = 'rajoitus'));
Insert into SINGLE_CHOICE_VALUE (ASSET_ID,ENUMERATED_VALUE_ID,PROPERTY_ID) values (700185,(select id from enumerated_value where value = 30),(select id from property where public_id = 'rajoitus'));
Insert into SINGLE_CHOICE_VALUE (ASSET_ID,ENUMERATED_VALUE_ID,PROPERTY_ID) values (700187,(select id from enumerated_value where value = 40),(select id from property where public_id = 'rajoitus'));
Insert into SINGLE_CHOICE_VALUE (ASSET_ID,ENUMERATED_VALUE_ID,PROPERTY_ID) values (700189,(select id from enumerated_value where value = 30),(select id from property where public_id = 'rajoitus'));
Insert into SINGLE_CHOICE_VALUE (ASSET_ID,ENUMERATED_VALUE_ID,PROPERTY_ID) values (700191,(select id from enumerated_value where value = 30),(select id from property where public_id = 'rajoitus'));
Insert into SINGLE_CHOICE_VALUE (ASSET_ID,ENUMERATED_VALUE_ID,PROPERTY_ID) values (700193,(select id from enumerated_value where value = 50),(select id from property where public_id = 'rajoitus'));
Insert into SINGLE_CHOICE_VALUE (ASSET_ID,ENUMERATED_VALUE_ID,PROPERTY_ID) values (700195,(select id from enumerated_value where value = 30),(select id from property where public_id = 'rajoitus'));
Insert into SINGLE_CHOICE_VALUE (ASSET_ID,ENUMERATED_VALUE_ID,PROPERTY_ID) values (700197,(select id from enumerated_value where value = 30),(select id from property where public_id = 'rajoitus'));
Insert into SINGLE_CHOICE_VALUE (ASSET_ID,ENUMERATED_VALUE_ID,PROPERTY_ID) values (700199,(select id from enumerated_value where value = 40),(select id from property where public_id = 'rajoitus'));
Insert into SINGLE_CHOICE_VALUE (ASSET_ID,ENUMERATED_VALUE_ID,PROPERTY_ID) values (700201,(select id from enumerated_value where value = 30),(select id from property where public_id = 'rajoitus'));
Insert into SINGLE_CHOICE_VALUE (ASSET_ID,ENUMERATED_VALUE_ID,PROPERTY_ID) values (700203,(select id from enumerated_value where value = 30),(select id from property where public_id = 'rajoitus'));
Insert into SINGLE_CHOICE_VALUE (ASSET_ID,ENUMERATED_VALUE_ID,PROPERTY_ID) values (700205,(select id from enumerated_value where value = 30),(select id from property where public_id = 'rajoitus'));
Insert into SINGLE_CHOICE_VALUE (ASSET_ID,ENUMERATED_VALUE_ID,PROPERTY_ID) values (700207,(select id from enumerated_value where value = 30),(select id from property where public_id = 'rajoitus'));
Insert into SINGLE_CHOICE_VALUE (ASSET_ID,ENUMERATED_VALUE_ID,PROPERTY_ID) values (700209,(select id from enumerated_value where value = 30),(select id from property where public_id = 'rajoitus'));
Insert into SINGLE_CHOICE_VALUE (ASSET_ID,ENUMERATED_VALUE_ID,PROPERTY_ID) values (700211,(select id from enumerated_value where value = 30),(select id from property where public_id = 'rajoitus'));
Insert into SINGLE_CHOICE_VALUE (ASSET_ID,ENUMERATED_VALUE_ID,PROPERTY_ID) values (700213,(select id from enumerated_value where value = 30),(select id from property where public_id = 'rajoitus'));
Insert into SINGLE_CHOICE_VALUE (ASSET_ID,ENUMERATED_VALUE_ID,PROPERTY_ID) values (700215,(select id from enumerated_value where value = 30),(select id from property where public_id = 'rajoitus'));
Insert into SINGLE_CHOICE_VALUE (ASSET_ID,ENUMERATED_VALUE_ID,PROPERTY_ID) values (700218,(select id from enumerated_value where value = 30),(select id from property where public_id = 'rajoitus'));
Insert into SINGLE_CHOICE_VALUE (ASSET_ID,ENUMERATED_VALUE_ID,PROPERTY_ID) values (700220,(select id from enumerated_value where value = 30),(select id from property where public_id = 'rajoitus'));
Insert into SINGLE_CHOICE_VALUE (ASSET_ID,ENUMERATED_VALUE_ID,PROPERTY_ID) values (700224,(select id from enumerated_value where value = 40),(select id from property where public_id = 'rajoitus'));
Insert into SINGLE_CHOICE_VALUE (ASSET_ID,ENUMERATED_VALUE_ID,PROPERTY_ID) values (700228,(select id from enumerated_value where value = 30),(select id from property where public_id = 'rajoitus'));
Insert into SINGLE_CHOICE_VALUE (ASSET_ID,ENUMERATED_VALUE_ID,PROPERTY_ID) values (700232,(select id from enumerated_value where value = 50),(select id from property where public_id = 'rajoitus'));
Insert into SINGLE_CHOICE_VALUE (ASSET_ID,ENUMERATED_VALUE_ID,PROPERTY_ID) values (700235,(select id from enumerated_value where value = 30),(select id from property where public_id = 'rajoitus'));
Insert into SINGLE_CHOICE_VALUE (ASSET_ID,ENUMERATED_VALUE_ID,PROPERTY_ID) values (700241,(select id from enumerated_value where value = 30),(select id from property where public_id = 'rajoitus'));
Insert into SINGLE_CHOICE_VALUE (ASSET_ID,ENUMERATED_VALUE_ID,PROPERTY_ID) values (700244,(select id from enumerated_value where value = 30),(select id from property where public_id = 'rajoitus'));
Insert into SINGLE_CHOICE_VALUE (ASSET_ID,ENUMERATED_VALUE_ID,PROPERTY_ID) values (700247,(select id from enumerated_value where value = 30),(select id from property where public_id = 'rajoitus'));
Insert into SINGLE_CHOICE_VALUE (ASSET_ID,ENUMERATED_VALUE_ID,PROPERTY_ID) values (700249,(select id from enumerated_value where value = 30),(select id from property where public_id = 'rajoitus'));
Insert into SINGLE_CHOICE_VALUE (ASSET_ID,ENUMERATED_VALUE_ID,PROPERTY_ID) values (700251,(select id from enumerated_value where value = 30),(select id from property where public_id = 'rajoitus'));
Insert into SINGLE_CHOICE_VALUE (ASSET_ID,ENUMERATED_VALUE_ID,PROPERTY_ID) values (700255,(select id from enumerated_value where value = 30),(select id from property where public_id = 'rajoitus'));
Insert into SINGLE_CHOICE_VALUE (ASSET_ID,ENUMERATED_VALUE_ID,PROPERTY_ID) values (700257,(select id from enumerated_value where value = 30),(select id from property where public_id = 'rajoitus'));
Insert into SINGLE_CHOICE_VALUE (ASSET_ID,ENUMERATED_VALUE_ID,PROPERTY_ID) values (700260,(select id from enumerated_value where value = 30),(select id from property where public_id = 'rajoitus'));
Insert into SINGLE_CHOICE_VALUE (ASSET_ID,ENUMERATED_VALUE_ID,PROPERTY_ID) values (700263,(select id from enumerated_value where value = 50),(select id from property where public_id = 'rajoitus'));
Insert into SINGLE_CHOICE_VALUE (ASSET_ID,ENUMERATED_VALUE_ID,PROPERTY_ID) values (700265,(select id from enumerated_value where value = 30),(select id from property where public_id = 'rajoitus'));
Insert into SINGLE_CHOICE_VALUE (ASSET_ID,ENUMERATED_VALUE_ID,PROPERTY_ID) values (700267,(select id from enumerated_value where value = 30),(select id from property where public_id = 'rajoitus'));
Insert into SINGLE_CHOICE_VALUE (ASSET_ID,ENUMERATED_VALUE_ID,PROPERTY_ID) values (700270,(select id from enumerated_value where value = 30),(select id from property where public_id = 'rajoitus'));
Insert into SINGLE_CHOICE_VALUE (ASSET_ID,ENUMERATED_VALUE_ID,PROPERTY_ID) values (700272,(select id from enumerated_value where value = 30),(select id from property where public_id = 'rajoitus'));
Insert into SINGLE_CHOICE_VALUE (ASSET_ID,ENUMERATED_VALUE_ID,PROPERTY_ID) values (700277,(select id from enumerated_value where value = 30),(select id from property where public_id = 'rajoitus'));
Insert into SINGLE_CHOICE_VALUE (ASSET_ID,ENUMERATED_VALUE_ID,PROPERTY_ID) values (700279,(select id from enumerated_value where value = 30),(select id from property where public_id = 'rajoitus'));
Insert into SINGLE_CHOICE_VALUE (ASSET_ID,ENUMERATED_VALUE_ID,PROPERTY_ID) values (700281,(select id from enumerated_value where value = 30),(select id from property where public_id = 'rajoitus'));
Insert into SINGLE_CHOICE_VALUE (ASSET_ID,ENUMERATED_VALUE_ID,PROPERTY_ID) values (700286,(select id from enumerated_value where value = 30),(select id from property where public_id = 'rajoitus'));
Insert into SINGLE_CHOICE_VALUE (ASSET_ID,ENUMERATED_VALUE_ID,PROPERTY_ID) values (700288,(select id from enumerated_value where value = 30),(select id from property where public_id = 'rajoitus'));
Insert into SINGLE_CHOICE_VALUE (ASSET_ID,ENUMERATED_VALUE_ID,PROPERTY_ID) values (700290,(select id from enumerated_value where value = 30),(select id from property where public_id = 'rajoitus'));
Insert into SINGLE_CHOICE_VALUE (ASSET_ID,ENUMERATED_VALUE_ID,PROPERTY_ID) values (700294,(select id from enumerated_value where value = 40),(select id from property where public_id = 'rajoitus'));
Insert into SINGLE_CHOICE_VALUE (ASSET_ID,ENUMERATED_VALUE_ID,PROPERTY_ID) values (700296,(select id from enumerated_value where value = 30),(select id from property where public_id = 'rajoitus'));
Insert into SINGLE_CHOICE_VALUE (ASSET_ID,ENUMERATED_VALUE_ID,PROPERTY_ID) values (700301,(select id from enumerated_value where value = 30),(select id from property where public_id = 'rajoitus'));
Insert into SINGLE_CHOICE_VALUE (ASSET_ID,ENUMERATED_VALUE_ID,PROPERTY_ID) values (700303,(select id from enumerated_value where value = 40),(select id from property where public_id = 'rajoitus'));
Insert into SINGLE_CHOICE_VALUE (ASSET_ID,ENUMERATED_VALUE_ID,PROPERTY_ID) values (700305,(select id from enumerated_value where value = 40),(select id from property where public_id = 'rajoitus'));
Insert into SINGLE_CHOICE_VALUE (ASSET_ID,ENUMERATED_VALUE_ID,PROPERTY_ID) values (700309,(select id from enumerated_value where value = 30),(select id from property where public_id = 'rajoitus'));
Insert into SINGLE_CHOICE_VALUE (ASSET_ID,ENUMERATED_VALUE_ID,PROPERTY_ID) values (700312,(select id from enumerated_value where value = 30),(select id from property where public_id = 'rajoitus'));
Insert into SINGLE_CHOICE_VALUE (ASSET_ID,ENUMERATED_VALUE_ID,PROPERTY_ID) values (700317,(select id from enumerated_value where value = 30),(select id from property where public_id = 'rajoitus'));
Insert into SINGLE_CHOICE_VALUE (ASSET_ID,ENUMERATED_VALUE_ID,PROPERTY_ID) values (700319,(select id from enumerated_value where value = 40),(select id from property where public_id = 'rajoitus'));
Insert into SINGLE_CHOICE_VALUE (ASSET_ID,ENUMERATED_VALUE_ID,PROPERTY_ID) values (700321,(select id from enumerated_value where value = 30),(select id from property where public_id = 'rajoitus'));
Insert into SINGLE_CHOICE_VALUE (ASSET_ID,ENUMERATED_VALUE_ID,PROPERTY_ID) values (700323,(select id from enumerated_value where value = 30),(select id from property where public_id = 'rajoitus'));
Insert into SINGLE_CHOICE_VALUE (ASSET_ID,ENUMERATED_VALUE_ID,PROPERTY_ID) values (700329,(select id from enumerated_value where value = 30),(select id from property where public_id = 'rajoitus'));
Insert into SINGLE_CHOICE_VALUE (ASSET_ID,ENUMERATED_VALUE_ID,PROPERTY_ID) values (700331,(select id from enumerated_value where value = 30),(select id from property where public_id = 'rajoitus'));
Insert into SINGLE_CHOICE_VALUE (ASSET_ID,ENUMERATED_VALUE_ID,PROPERTY_ID) values (700342,(select id from enumerated_value where value = 30),(select id from property where public_id = 'rajoitus'));
Insert into SINGLE_CHOICE_VALUE (ASSET_ID,ENUMERATED_VALUE_ID,PROPERTY_ID) values (700354,(select id from enumerated_value where value = 30),(select id from property where public_id = 'rajoitus'));
Insert into SINGLE_CHOICE_VALUE (ASSET_ID,ENUMERATED_VALUE_ID,PROPERTY_ID) values (700356,(select id from enumerated_value where value = 30),(select id from property where public_id = 'rajoitus'));
Insert into SINGLE_CHOICE_VALUE (ASSET_ID,ENUMERATED_VALUE_ID,PROPERTY_ID) values (700358,(select id from enumerated_value where value = 40),(select id from property where public_id = 'rajoitus'));
Insert into SINGLE_CHOICE_VALUE (ASSET_ID,ENUMERATED_VALUE_ID,PROPERTY_ID) values (700360,(select id from enumerated_value where value = 50),(select id from property where public_id = 'rajoitus'));
Insert into SINGLE_CHOICE_VALUE (ASSET_ID,ENUMERATED_VALUE_ID,PROPERTY_ID) values (700362,(select id from enumerated_value where value = 30),(select id from property where public_id = 'rajoitus'));
Insert into SINGLE_CHOICE_VALUE (ASSET_ID,ENUMERATED_VALUE_ID,PROPERTY_ID) values (700366,(select id from enumerated_value where value = 40),(select id from property where public_id = 'rajoitus'));
Insert into SINGLE_CHOICE_VALUE (ASSET_ID,ENUMERATED_VALUE_ID,PROPERTY_ID) values (700368,(select id from enumerated_value where value = 40),(select id from property where public_id = 'rajoitus'));
Insert into SINGLE_CHOICE_VALUE (ASSET_ID,ENUMERATED_VALUE_ID,PROPERTY_ID) values (700370,(select id from enumerated_value where value = 30),(select id from property where public_id = 'rajoitus'));
Insert into SINGLE_CHOICE_VALUE (ASSET_ID,ENUMERATED_VALUE_ID,PROPERTY_ID) values (700374,(select id from enumerated_value where value = 30),(select id from property where public_id = 'rajoitus'));
Insert into SINGLE_CHOICE_VALUE (ASSET_ID,ENUMERATED_VALUE_ID,PROPERTY_ID) values (700382,(select id from enumerated_value where value = 30),(select id from property where public_id = 'rajoitus'));
Insert into SINGLE_CHOICE_VALUE (ASSET_ID,ENUMERATED_VALUE_ID,PROPERTY_ID) values (700385,(select id from enumerated_value where value = 30),(select id from property where public_id = 'rajoitus'));
Insert into SINGLE_CHOICE_VALUE (ASSET_ID,ENUMERATED_VALUE_ID,PROPERTY_ID) values (700387,(select id from enumerated_value where value = 40),(select id from property where public_id = 'rajoitus'));
Insert into SINGLE_CHOICE_VALUE (ASSET_ID,ENUMERATED_VALUE_ID,PROPERTY_ID) values (700390,(select id from enumerated_value where value = 50),(select id from property where public_id = 'rajoitus'));
Insert into SINGLE_CHOICE_VALUE (ASSET_ID,ENUMERATED_VALUE_ID,PROPERTY_ID) values (700392,(select id from enumerated_value where value = 50),(select id from property where public_id = 'rajoitus'));
Insert into SINGLE_CHOICE_VALUE (ASSET_ID,ENUMERATED_VALUE_ID,PROPERTY_ID) values (700394,(select id from enumerated_value where value = 30),(select id from property where public_id = 'rajoitus'));
Insert into SINGLE_CHOICE_VALUE (ASSET_ID,ENUMERATED_VALUE_ID,PROPERTY_ID) values (700405,(select id from enumerated_value where value = 30),(select id from property where public_id = 'rajoitus'));
Insert into SINGLE_CHOICE_VALUE (ASSET_ID,ENUMERATED_VALUE_ID,PROPERTY_ID) values (700407,(select id from enumerated_value where value = 30),(select id from property where public_id = 'rajoitus'));
Insert into SINGLE_CHOICE_VALUE (ASSET_ID,ENUMERATED_VALUE_ID,PROPERTY_ID) values (700409,(select id from enumerated_value where value = 30),(select id from property where public_id = 'rajoitus'));
Insert into SINGLE_CHOICE_VALUE (ASSET_ID,ENUMERATED_VALUE_ID,PROPERTY_ID) values (700411,(select id from enumerated_value where value = 30),(select id from property where public_id = 'rajoitus'));
Insert into SINGLE_CHOICE_VALUE (ASSET_ID,ENUMERATED_VALUE_ID,PROPERTY_ID) values (700413,(select id from enumerated_value where value = 30),(select id from property where public_id = 'rajoitus'));
Insert into SINGLE_CHOICE_VALUE (ASSET_ID,ENUMERATED_VALUE_ID,PROPERTY_ID) values (700415,(select id from enumerated_value where value = 50),(select id from property where public_id = 'rajoitus'));
Insert into SINGLE_CHOICE_VALUE (ASSET_ID,ENUMERATED_VALUE_ID,PROPERTY_ID) values (700417,(select id from enumerated_value where value = 40),(select id from property where public_id = 'rajoitus'));
Insert into SINGLE_CHOICE_VALUE (ASSET_ID,ENUMERATED_VALUE_ID,PROPERTY_ID) values (700419,(select id from enumerated_value where value = 30),(select id from property where public_id = 'rajoitus'));
Insert into SINGLE_CHOICE_VALUE (ASSET_ID,ENUMERATED_VALUE_ID,PROPERTY_ID) values (700422,(select id from enumerated_value where value = 40),(select id from property where public_id = 'rajoitus'));
Insert into SINGLE_CHOICE_VALUE (ASSET_ID,ENUMERATED_VALUE_ID,PROPERTY_ID) values (700430,(select id from enumerated_value where value = 50),(select id from property where public_id = 'rajoitus'));
Insert into SINGLE_CHOICE_VALUE (ASSET_ID,ENUMERATED_VALUE_ID,PROPERTY_ID) values (700432,(select id from enumerated_value where value = 30),(select id from property where public_id = 'rajoitus'));
Insert into SINGLE_CHOICE_VALUE (ASSET_ID,ENUMERATED_VALUE_ID,PROPERTY_ID) values (700434,(select id from enumerated_value where value = 30),(select id from property where public_id = 'rajoitus'));
Insert into SINGLE_CHOICE_VALUE (ASSET_ID,ENUMERATED_VALUE_ID,PROPERTY_ID) values (700437,(select id from enumerated_value where value = 40),(select id from property where public_id = 'rajoitus'));
Insert into SINGLE_CHOICE_VALUE (ASSET_ID,ENUMERATED_VALUE_ID,PROPERTY_ID) values (700449,(select id from enumerated_value where value = 30),(select id from property where public_id = 'rajoitus'));
Insert into SINGLE_CHOICE_VALUE (ASSET_ID,ENUMERATED_VALUE_ID,PROPERTY_ID) values (700451,(select id from enumerated_value where value = 40),(select id from property where public_id = 'rajoitus'));
Insert into SINGLE_CHOICE_VALUE (ASSET_ID,ENUMERATED_VALUE_ID,PROPERTY_ID) values (700453,(select id from enumerated_value where value = 40),(select id from property where public_id = 'rajoitus'));
Insert into SINGLE_CHOICE_VALUE (ASSET_ID,ENUMERATED_VALUE_ID,PROPERTY_ID) values (700456,(select id from enumerated_value where value = 30),(select id from property where public_id = 'rajoitus'));
Insert into SINGLE_CHOICE_VALUE (ASSET_ID,ENUMERATED_VALUE_ID,PROPERTY_ID) values (700459,(select id from enumerated_value where value = 30),(select id from property where public_id = 'rajoitus'));
Insert into SINGLE_CHOICE_VALUE (ASSET_ID,ENUMERATED_VALUE_ID,PROPERTY_ID) values (700462,(select id from enumerated_value where value = 30),(select id from property where public_id = 'rajoitus'));
Insert into SINGLE_CHOICE_VALUE (ASSET_ID,ENUMERATED_VALUE_ID,PROPERTY_ID) values (700464,(select id from enumerated_value where value = 30),(select id from property where public_id = 'rajoitus'));
Insert into SINGLE_CHOICE_VALUE (ASSET_ID,ENUMERATED_VALUE_ID,PROPERTY_ID) values (700466,(select id from enumerated_value where value = 30),(select id from property where public_id = 'rajoitus'));
Insert into SINGLE_CHOICE_VALUE (ASSET_ID,ENUMERATED_VALUE_ID,PROPERTY_ID) values (700469,(select id from enumerated_value where value = 30),(select id from property where public_id = 'rajoitus'));
Insert into SINGLE_CHOICE_VALUE (ASSET_ID,ENUMERATED_VALUE_ID,PROPERTY_ID) values (700471,(select id from enumerated_value where value = 30),(select id from property where public_id = 'rajoitus'));
Insert into SINGLE_CHOICE_VALUE (ASSET_ID,ENUMERATED_VALUE_ID,PROPERTY_ID) values (700473,(select id from enumerated_value where value = 30),(select id from property where public_id = 'rajoitus'));
Insert into SINGLE_CHOICE_VALUE (ASSET_ID,ENUMERATED_VALUE_ID,PROPERTY_ID) values (700476,(select id from enumerated_value where value = 30),(select id from property where public_id = 'rajoitus'));
Insert into SINGLE_CHOICE_VALUE (ASSET_ID,ENUMERATED_VALUE_ID,PROPERTY_ID) values (700481,(select id from enumerated_value where value = 40),(select id from property where public_id = 'rajoitus'));
Insert into SINGLE_CHOICE_VALUE (ASSET_ID,ENUMERATED_VALUE_ID,PROPERTY_ID) values (700483,(select id from enumerated_value where value = 30),(select id from property where public_id = 'rajoitus'));
Insert into SINGLE_CHOICE_VALUE (ASSET_ID,ENUMERATED_VALUE_ID,PROPERTY_ID) values (700486,(select id from enumerated_value where value = 30),(select id from property where public_id = 'rajoitus'));
Insert into SINGLE_CHOICE_VALUE (ASSET_ID,ENUMERATED_VALUE_ID,PROPERTY_ID) values (700488,(select id from enumerated_value where value = 30),(select id from property where public_id = 'rajoitus'));
Insert into SINGLE_CHOICE_VALUE (ASSET_ID,ENUMERATED_VALUE_ID,PROPERTY_ID) values (700490,(select id from enumerated_value where value = 30),(select id from property where public_id = 'rajoitus'));
Insert into SINGLE_CHOICE_VALUE (ASSET_ID,ENUMERATED_VALUE_ID,PROPERTY_ID) values (700494,(select id from enumerated_value where value = 40),(select id from property where public_id = 'rajoitus'));
Insert into SINGLE_CHOICE_VALUE (ASSET_ID,ENUMERATED_VALUE_ID,PROPERTY_ID) values (700505,(select id from enumerated_value where value = 40),(select id from property where public_id = 'rajoitus'));
Insert into SINGLE_CHOICE_VALUE (ASSET_ID,ENUMERATED_VALUE_ID,PROPERTY_ID) values (700507,(select id from enumerated_value where value = 50),(select id from property where public_id = 'rajoitus'));
Insert into SINGLE_CHOICE_VALUE (ASSET_ID,ENUMERATED_VALUE_ID,PROPERTY_ID) values (700509,(select id from enumerated_value where value = 30),(select id from property where public_id = 'rajoitus'));
Insert into SINGLE_CHOICE_VALUE (ASSET_ID,ENUMERATED_VALUE_ID,PROPERTY_ID) values (700514,(select id from enumerated_value where value = 50),(select id from property where public_id = 'rajoitus'));
Insert into SINGLE_CHOICE_VALUE (ASSET_ID,ENUMERATED_VALUE_ID,PROPERTY_ID) values (700516,(select id from enumerated_value where value = 30),(select id from property where public_id = 'rajoitus'));
Insert into SINGLE_CHOICE_VALUE (ASSET_ID,ENUMERATED_VALUE_ID,PROPERTY_ID) values (700519,(select id from enumerated_value where value = 30),(select id from property where public_id = 'rajoitus'));
Insert into SINGLE_CHOICE_VALUE (ASSET_ID,ENUMERATED_VALUE_ID,PROPERTY_ID) values (700523,(select id from enumerated_value where value = 30),(select id from property where public_id = 'rajoitus'));
Insert into SINGLE_CHOICE_VALUE (ASSET_ID,ENUMERATED_VALUE_ID,PROPERTY_ID) values (700525,(select id from enumerated_value where value = 30),(select id from property where public_id = 'rajoitus'));
Insert into SINGLE_CHOICE_VALUE (ASSET_ID,ENUMERATED_VALUE_ID,PROPERTY_ID) values (700527,(select id from enumerated_value where value = 40),(select id from property where public_id = 'rajoitus'));
Insert into SINGLE_CHOICE_VALUE (ASSET_ID,ENUMERATED_VALUE_ID,PROPERTY_ID) values (700529,(select id from enumerated_value where value = 40),(select id from property where public_id = 'rajoitus'));
Insert into SINGLE_CHOICE_VALUE (ASSET_ID,ENUMERATED_VALUE_ID,PROPERTY_ID) values (700531,(select id from enumerated_value where value = 50),(select id from property where public_id = 'rajoitus'));
Insert into SINGLE_CHOICE_VALUE (ASSET_ID,ENUMERATED_VALUE_ID,PROPERTY_ID) values (700533,(select id from enumerated_value where value = 50),(select id from property where public_id = 'rajoitus'));
Insert into SINGLE_CHOICE_VALUE (ASSET_ID,ENUMERATED_VALUE_ID,PROPERTY_ID) values (700535,(select id from enumerated_value where value = 30),(select id from property where public_id = 'rajoitus'));
Insert into SINGLE_CHOICE_VALUE (ASSET_ID,ENUMERATED_VALUE_ID,PROPERTY_ID) values (700537,(select id from enumerated_value where value = 30),(select id from property where public_id = 'rajoitus'));
Insert into SINGLE_CHOICE_VALUE (ASSET_ID,ENUMERATED_VALUE_ID,PROPERTY_ID) values (700540,(select id from enumerated_value where value = 40),(select id from property where public_id = 'rajoitus'));
Insert into SINGLE_CHOICE_VALUE (ASSET_ID,ENUMERATED_VALUE_ID,PROPERTY_ID) values (700543,(select id from enumerated_value where value = 40),(select id from property where public_id = 'rajoitus'));
Insert into SINGLE_CHOICE_VALUE (ASSET_ID,ENUMERATED_VALUE_ID,PROPERTY_ID) values (700545,(select id from enumerated_value where value = 30),(select id from property where public_id = 'rajoitus'));
Insert into SINGLE_CHOICE_VALUE (ASSET_ID,ENUMERATED_VALUE_ID,PROPERTY_ID) values (700547,(select id from enumerated_value where value = 30),(select id from property where public_id = 'rajoitus'));
Insert into SINGLE_CHOICE_VALUE (ASSET_ID,ENUMERATED_VALUE_ID,PROPERTY_ID) values (700550,(select id from enumerated_value where value = 30),(select id from property where public_id = 'rajoitus'));
Insert into SINGLE_CHOICE_VALUE (ASSET_ID,ENUMERATED_VALUE_ID,PROPERTY_ID) values (700552,(select id from enumerated_value where value = 30),(select id from property where public_id = 'rajoitus'));
Insert into SINGLE_CHOICE_VALUE (ASSET_ID,ENUMERATED_VALUE_ID,PROPERTY_ID) values (700554,(select id from enumerated_value where value = 30),(select id from property where public_id = 'rajoitus'));
Insert into SINGLE_CHOICE_VALUE (ASSET_ID,ENUMERATED_VALUE_ID,PROPERTY_ID) values (700556,(select id from enumerated_value where value = 30),(select id from property where public_id = 'rajoitus'));
Insert into SINGLE_CHOICE_VALUE (ASSET_ID,ENUMERATED_VALUE_ID,PROPERTY_ID) values (700558,(select id from enumerated_value where value = 30),(select id from property where public_id = 'rajoitus'));
Insert into SINGLE_CHOICE_VALUE (ASSET_ID,ENUMERATED_VALUE_ID,PROPERTY_ID) values (700560,(select id from enumerated_value where value = 30),(select id from property where public_id = 'rajoitus'));
Insert into SINGLE_CHOICE_VALUE (ASSET_ID,ENUMERATED_VALUE_ID,PROPERTY_ID) values (700562,(select id from enumerated_value where value = 30),(select id from property where public_id = 'rajoitus'));
Insert into SINGLE_CHOICE_VALUE (ASSET_ID,ENUMERATED_VALUE_ID,PROPERTY_ID) values (700564,(select id from enumerated_value where value = 30),(select id from property where public_id = 'rajoitus'));
Insert into SINGLE_CHOICE_VALUE (ASSET_ID,ENUMERATED_VALUE_ID,PROPERTY_ID) values (700566,(select id from enumerated_value where value = 30),(select id from property where public_id = 'rajoitus'));
Insert into SINGLE_CHOICE_VALUE (ASSET_ID,ENUMERATED_VALUE_ID,PROPERTY_ID) values (700568,(select id from enumerated_value where value = 30),(select id from property where public_id = 'rajoitus'));
Insert into SINGLE_CHOICE_VALUE (ASSET_ID,ENUMERATED_VALUE_ID,PROPERTY_ID) values (700578,(select id from enumerated_value where value = 40),(select id from property where public_id = 'rajoitus'));
Insert into SINGLE_CHOICE_VALUE (ASSET_ID,ENUMERATED_VALUE_ID,PROPERTY_ID) values (700580,(select id from enumerated_value where value = 40),(select id from property where public_id = 'rajoitus'));
Insert into SINGLE_CHOICE_VALUE (ASSET_ID,ENUMERATED_VALUE_ID,PROPERTY_ID) values (700582,(select id from enumerated_value where value = 50),(select id from property where public_id = 'rajoitus'));
Insert into SINGLE_CHOICE_VALUE (ASSET_ID,ENUMERATED_VALUE_ID,PROPERTY_ID) values (700584,(select id from enumerated_value where value = 50),(select id from property where public_id = 'rajoitus'));
Insert into SINGLE_CHOICE_VALUE (ASSET_ID,ENUMERATED_VALUE_ID,PROPERTY_ID) values (700666,(select id from enumerated_value where value = 30),(select id from property where public_id = 'rajoitus'));
Insert into SINGLE_CHOICE_VALUE (ASSET_ID,ENUMERATED_VALUE_ID,PROPERTY_ID) values (700669,(select id from enumerated_value where value = 30),(select id from property where public_id = 'rajoitus'));
Insert into SINGLE_CHOICE_VALUE (ASSET_ID,ENUMERATED_VALUE_ID,PROPERTY_ID) values (700673,(select id from enumerated_value where value = 30),(select id from property where public_id = 'rajoitus'));
Insert into SINGLE_CHOICE_VALUE (ASSET_ID,ENUMERATED_VALUE_ID,PROPERTY_ID) values (700804,(select id from enumerated_value where value = 40),(select id from property where public_id = 'rajoitus'));
Insert into SINGLE_CHOICE_VALUE (ASSET_ID,ENUMERATED_VALUE_ID,PROPERTY_ID) values (700806,(select id from enumerated_value where value = 40),(select id from property where public_id = 'rajoitus'));
Insert into SINGLE_CHOICE_VALUE (ASSET_ID,ENUMERATED_VALUE_ID,PROPERTY_ID) values (700808,(select id from enumerated_value where value = 40),(select id from property where public_id = 'rajoitus'));
Insert into SINGLE_CHOICE_VALUE (ASSET_ID,ENUMERATED_VALUE_ID,PROPERTY_ID) values (700810,(select id from enumerated_value where value = 40),(select id from property where public_id = 'rajoitus'));
Insert into SINGLE_CHOICE_VALUE (ASSET_ID,ENUMERATED_VALUE_ID,PROPERTY_ID) values (700812,(select id from enumerated_value where value = 40),(select id from property where public_id = 'rajoitus'));
Insert into SINGLE_CHOICE_VALUE (ASSET_ID,ENUMERATED_VALUE_ID,PROPERTY_ID) values (700814,(select id from enumerated_value where value = 40),(select id from property where public_id = 'rajoitus'));
Insert into SINGLE_CHOICE_VALUE (ASSET_ID,ENUMERATED_VALUE_ID,PROPERTY_ID) values (700816,(select id from enumerated_value where value = 30),(select id from property where public_id = 'rajoitus'));
Insert into SINGLE_CHOICE_VALUE (ASSET_ID,ENUMERATED_VALUE_ID,PROPERTY_ID) values (700818,(select id from enumerated_value where value = 30),(select id from property where public_id = 'rajoitus'));
Insert into SINGLE_CHOICE_VALUE (ASSET_ID,ENUMERATED_VALUE_ID,PROPERTY_ID) values (700821,(select id from enumerated_value where value = 30),(select id from property where public_id = 'rajoitus'));
Insert into SINGLE_CHOICE_VALUE (ASSET_ID,ENUMERATED_VALUE_ID,PROPERTY_ID) values (700829,(select id from enumerated_value where value = 30),(select id from property where public_id = 'rajoitus'));
Insert into SINGLE_CHOICE_VALUE (ASSET_ID,ENUMERATED_VALUE_ID,PROPERTY_ID) values (700586,(select id from enumerated_value where value = 30),(select id from property where public_id = 'rajoitus'));
Insert into SINGLE_CHOICE_VALUE (ASSET_ID,ENUMERATED_VALUE_ID,PROPERTY_ID) values (700675,(select id from enumerated_value where value = 30),(select id from property where public_id = 'rajoitus'));
Insert into SINGLE_CHOICE_VALUE (ASSET_ID,ENUMERATED_VALUE_ID,PROPERTY_ID) values (700695,(select id from enumerated_value where value = 30),(select id from property where public_id = 'rajoitus'));
Insert into SINGLE_CHOICE_VALUE (ASSET_ID,ENUMERATED_VALUE_ID,PROPERTY_ID) values (700698,(select id from enumerated_value where value = 30),(select id from property where public_id = 'rajoitus'));
Insert into SINGLE_CHOICE_VALUE (ASSET_ID,ENUMERATED_VALUE_ID,PROPERTY_ID) values (700702,(select id from enumerated_value where value = 30),(select id from property where public_id = 'rajoitus'));
Insert into SINGLE_CHOICE_VALUE (ASSET_ID,ENUMERATED_VALUE_ID,PROPERTY_ID) values (700764,(select id from enumerated_value where value = 40),(select id from property where public_id = 'rajoitus'));
Insert into SINGLE_CHOICE_VALUE (ASSET_ID,ENUMERATED_VALUE_ID,PROPERTY_ID) values (700831,(select id from enumerated_value where value = 50),(select id from property where public_id = 'rajoitus'));
Insert into SINGLE_CHOICE_VALUE (ASSET_ID,ENUMERATED_VALUE_ID,PROPERTY_ID) values (700833,(select id from enumerated_value where value = 30),(select id from property where public_id = 'rajoitus'));
Insert into SINGLE_CHOICE_VALUE (ASSET_ID,ENUMERATED_VALUE_ID,PROPERTY_ID) values (700835,(select id from enumerated_value where value = 40),(select id from property where public_id = 'rajoitus'));
Insert into SINGLE_CHOICE_VALUE (ASSET_ID,ENUMERATED_VALUE_ID,PROPERTY_ID) values (700837,(select id from enumerated_value where value = 30),(select id from property where public_id = 'rajoitus'));
