Insert into LRM_POSITION (ID,ROAD_LINK_ID,SIDE_CODE,START_MEASURE,END_MEASURE) values (300097,2148025,1,0,254.025);
Insert into LRM_POSITION (ID,ROAD_LINK_ID,SIDE_CODE,START_MEASURE,END_MEASURE) values (300099,2190509,1,0,76.687);
Insert into LRM_POSITION (ID,ROAD_LINK_ID,SIDE_CODE,START_MEASURE,END_MEASURE) values (300101,5589,1,0,35.952);
Insert into LRM_POSITION (ID,ROAD_LINK_ID,SIDE_CODE,START_MEASURE,END_MEASURE) values (300103,5649,1,0,173.14);
Insert into LRM_POSITION (ID,ROAD_LINK_ID,SIDE_CODE,START_MEASURE,END_MEASURE) values (300105,5544,1,198.297,249.177);
Insert into LRM_POSITION (ID,ROAD_LINK_ID,SIDE_CODE,START_MEASURE,END_MEASURE) values (300107,5768,1,0,89.622);
Insert into LRM_POSITION (ID,ROAD_LINK_ID,SIDE_CODE,START_MEASURE,END_MEASURE) values (300109,5672,1,0,99.676);
Insert into LRM_POSITION (ID,ROAD_LINK_ID,SIDE_CODE,START_MEASURE,END_MEASURE) values (300110,5585,1,0,118.162);
Insert into LRM_POSITION (ID,ROAD_LINK_ID,SIDE_CODE,START_MEASURE,END_MEASURE) values (300115,5663,1,3.339,49.272);
Insert into LRM_POSITION (ID,ROAD_LINK_ID,SIDE_CODE,START_MEASURE,END_MEASURE) values (300119,2148021,1,27.168,63.406);
Insert into LRM_POSITION (ID,ROAD_LINK_ID,SIDE_CODE,START_MEASURE,END_MEASURE) values (300122,2414745,1,0,200.021);
Insert into LRM_POSITION (ID,ROAD_LINK_ID,SIDE_CODE,START_MEASURE,END_MEASURE) values (300127,5562,1,0,13.37);
Insert into LRM_POSITION (ID,ROAD_LINK_ID,SIDE_CODE,START_MEASURE,END_MEASURE) values (300128,5601,1,0,37.735);
Insert into LRM_POSITION (ID,ROAD_LINK_ID,SIDE_CODE,START_MEASURE,END_MEASURE) values (300108,5614,1,0,84.974);
Insert into LRM_POSITION (ID,ROAD_LINK_ID,SIDE_CODE,START_MEASURE,END_MEASURE) values (300113,5579,1,0,59.96);
Insert into LRM_POSITION (ID,ROAD_LINK_ID,SIDE_CODE,START_MEASURE,END_MEASURE) values (300116,5537,1,0,136.788);
Insert into LRM_POSITION (ID,ROAD_LINK_ID,SIDE_CODE,START_MEASURE,END_MEASURE) values (300121,5804,1,0,127.27);
Insert into LRM_POSITION (ID,ROAD_LINK_ID,SIDE_CODE,START_MEASURE,END_MEASURE) values (300125,5710,1,0,28.982);
Insert into LRM_POSITION (ID,ROAD_LINK_ID,SIDE_CODE,START_MEASURE,END_MEASURE) values (300129,5767,1,0,30.53);
Insert into LRM_POSITION (ID,ROAD_LINK_ID,SIDE_CODE,START_MEASURE,END_MEASURE) values (300131,5831,1,0,69.933);
Insert into LRM_POSITION (ID,ROAD_LINK_ID,SIDE_CODE,START_MEASURE,END_MEASURE) values (300133,5633,1,0,67.195);
Insert into LRM_POSITION (ID,ROAD_LINK_ID,SIDE_CODE,START_MEASURE,END_MEASURE) values (300135,5810,1,1.494,54.411);
Insert into LRM_POSITION (ID,ROAD_LINK_ID,SIDE_CODE,START_MEASURE,END_MEASURE) values (300337,2499824,1,0,5.335);
Insert into LRM_POSITION (ID,ROAD_LINK_ID,SIDE_CODE,START_MEASURE,END_MEASURE) values (300339,5655,1,0,52.265);
Insert into LRM_POSITION (ID,ROAD_LINK_ID,SIDE_CODE,START_MEASURE,END_MEASURE) values (300343,5926,1,2.869,256.886);
Insert into LRM_POSITION (ID,ROAD_LINK_ID,SIDE_CODE,START_MEASURE,END_MEASURE) values (300347,1913718,1,0,11.581);
Insert into LRM_POSITION (ID,ROAD_LINK_ID,SIDE_CODE,START_MEASURE,END_MEASURE) values (300351,1913686,1,3.739,10.028);
Insert into LRM_POSITION (ID,ROAD_LINK_ID,SIDE_CODE,START_MEASURE,END_MEASURE) values (300650,5742,1,0,35.926);
Insert into LRM_POSITION (ID,ROAD_LINK_ID,SIDE_CODE,START_MEASURE,END_MEASURE) values (300651,2148037,1,0,113.747);
Insert into LRM_POSITION (ID,ROAD_LINK_ID,SIDE_CODE,START_MEASURE,END_MEASURE) values (300652,5745,1,0,189.673);
Insert into LRM_POSITION (ID,ROAD_LINK_ID,SIDE_CODE,START_MEASURE,END_MEASURE) values (300654,5706,1,0,82.116);
Insert into LRM_POSITION (ID,ROAD_LINK_ID,SIDE_CODE,START_MEASURE,END_MEASURE) values (300656,5550,1,0,13.808);
Insert into LRM_POSITION (ID,ROAD_LINK_ID,SIDE_CODE,START_MEASURE,END_MEASURE) values (300657,5903,1,0,36.918);
Insert into LRM_POSITION (ID,ROAD_LINK_ID,SIDE_CODE,START_MEASURE,END_MEASURE) values (300659,5992,1,0,67.747);
Insert into LRM_POSITION (ID,ROAD_LINK_ID,SIDE_CODE,START_MEASURE,END_MEASURE) values (300661,5691,1,129.196,179.394);
Insert into LRM_POSITION (ID,ROAD_LINK_ID,SIDE_CODE,START_MEASURE,END_MEASURE) values (300663,5940,1,0,192.87);
Insert into LRM_POSITION (ID,ROAD_LINK_ID,SIDE_CODE,START_MEASURE,END_MEASURE) values (300665,2414741,1,7.876,32.084);
Insert into LRM_POSITION (ID,ROAD_LINK_ID,SIDE_CODE,START_MEASURE,END_MEASURE) values (300678,2148017,1,0,68.605);
Insert into LRM_POSITION (ID,ROAD_LINK_ID,SIDE_CODE,START_MEASURE,END_MEASURE) values (300680,5994,1,0,105.141);
Insert into LRM_POSITION (ID,ROAD_LINK_ID,SIDE_CODE,START_MEASURE,END_MEASURE) values (300682,2148050,1,1.23,5.202);
Insert into LRM_POSITION (ID,ROAD_LINK_ID,SIDE_CODE,START_MEASURE,END_MEASURE) values (300684,5648,1,0,126.909);
Insert into LRM_POSITION (ID,ROAD_LINK_ID,SIDE_CODE,START_MEASURE,END_MEASURE) values (300708,2414744,1,0,237.315);
Insert into LRM_POSITION (ID,ROAD_LINK_ID,SIDE_CODE,START_MEASURE,END_MEASURE) values (300709,2574318,1,0,7.123);
Insert into LRM_POSITION (ID,ROAD_LINK_ID,SIDE_CODE,START_MEASURE,END_MEASURE) values (300710,5769,1,0,44.093);
Insert into LRM_POSITION (ID,ROAD_LINK_ID,SIDE_CODE,START_MEASURE,END_MEASURE) values (300711,5559,1,5.065,16.283);
Insert into LRM_POSITION (ID,ROAD_LINK_ID,SIDE_CODE,START_MEASURE,END_MEASURE) values (300712,5801,1,0,34.379);
Insert into LRM_POSITION (ID,ROAD_LINK_ID,SIDE_CODE,START_MEASURE,END_MEASURE) values (300713,5853,1,0,13.476);
Insert into LRM_POSITION (ID,ROAD_LINK_ID,SIDE_CODE,START_MEASURE,END_MEASURE) values (300714,5788,1,0,174.119);
Insert into LRM_POSITION (ID,ROAD_LINK_ID,SIDE_CODE,START_MEASURE,END_MEASURE) values (300715,5770,1,0,60.575);
Insert into LRM_POSITION (ID,ROAD_LINK_ID,SIDE_CODE,START_MEASURE,END_MEASURE) values (300717,5836,1,0,29.387);
Insert into LRM_POSITION (ID,ROAD_LINK_ID,SIDE_CODE,START_MEASURE,END_MEASURE) values (300718,5901,1,0,7.772);
Insert into LRM_POSITION (ID,ROAD_LINK_ID,SIDE_CODE,START_MEASURE,END_MEASURE) values (300719,5989,1,0,10.308);
Insert into LRM_POSITION (ID,ROAD_LINK_ID,SIDE_CODE,START_MEASURE,END_MEASURE) values (300721,2499846,1,0,6.485);
Insert into LRM_POSITION (ID,ROAD_LINK_ID,SIDE_CODE,START_MEASURE,END_MEASURE) values (300723,2499851,1,0,7.666);
Insert into LRM_POSITION (ID,ROAD_LINK_ID,SIDE_CODE,START_MEASURE,END_MEASURE) values (300725,2499853,1,0.27,7.951);
Insert into LRM_POSITION (ID,ROAD_LINK_ID,SIDE_CODE,START_MEASURE,END_MEASURE) values (300727,2499842,1,0,4.304);
Insert into LRM_POSITION (ID,ROAD_LINK_ID,SIDE_CODE,START_MEASURE,END_MEASURE) values (300729,2499879,1,0,20.498);
Insert into LRM_POSITION (ID,ROAD_LINK_ID,SIDE_CODE,START_MEASURE,END_MEASURE) values (300731,2499834,1,0,7.39);
Insert into LRM_POSITION (ID,ROAD_LINK_ID,SIDE_CODE,START_MEASURE,END_MEASURE) values (300733,2499885,1,0,5.169);
Insert into LRM_POSITION (ID,ROAD_LINK_ID,SIDE_CODE,START_MEASURE,END_MEASURE) values (300735,2499827,1,0,14.623);
Insert into LRM_POSITION (ID,ROAD_LINK_ID,SIDE_CODE,START_MEASURE,END_MEASURE) values (300737,2499819,1,0,11.125);
Insert into LRM_POSITION (ID,ROAD_LINK_ID,SIDE_CODE,START_MEASURE,END_MEASURE) values (300739,5990,1,0,169.761);
Insert into LRM_POSITION (ID,ROAD_LINK_ID,SIDE_CODE,START_MEASURE,END_MEASURE) values (300740,5914,1,0,15.875);
Insert into LRM_POSITION (ID,ROAD_LINK_ID,SIDE_CODE,START_MEASURE,END_MEASURE) values (300741,2414739,1,0,86.123);
Insert into LRM_POSITION (ID,ROAD_LINK_ID,SIDE_CODE,START_MEASURE,END_MEASURE) values (300742,5865,1,0,12.116);
Insert into LRM_POSITION (ID,ROAD_LINK_ID,SIDE_CODE,START_MEASURE,END_MEASURE) values (300743,5871,1,0,66.224);
Insert into LRM_POSITION (ID,ROAD_LINK_ID,SIDE_CODE,START_MEASURE,END_MEASURE) values (300744,5744,1,0,87.836);
Insert into LRM_POSITION (ID,ROAD_LINK_ID,SIDE_CODE,START_MEASURE,END_MEASURE) values (300745,5821,1,0,57.815);
Insert into LRM_POSITION (ID,ROAD_LINK_ID,SIDE_CODE,START_MEASURE,END_MEASURE) values (300746,5761,1,0,115.677);
Insert into LRM_POSITION (ID,ROAD_LINK_ID,SIDE_CODE,START_MEASURE,END_MEASURE) values (300747,2148048,1,0,29.972);
Insert into LRM_POSITION (ID,ROAD_LINK_ID,SIDE_CODE,START_MEASURE,END_MEASURE) values (300748,5675,1,0,47.745);
Insert into LRM_POSITION (ID,ROAD_LINK_ID,SIDE_CODE,START_MEASURE,END_MEASURE) values (300749,2414737,1,0,59.934);
Insert into LRM_POSITION (ID,ROAD_LINK_ID,SIDE_CODE,START_MEASURE,END_MEASURE) values (300750,5931,1,0,243.333);
Insert into LRM_POSITION (ID,ROAD_LINK_ID,SIDE_CODE,START_MEASURE,END_MEASURE) values (300751,5724,1,0,56.829);
Insert into LRM_POSITION (ID,ROAD_LINK_ID,SIDE_CODE,START_MEASURE,END_MEASURE) values (300753,2499856,1,0,14.116);
Insert into LRM_POSITION (ID,ROAD_LINK_ID,SIDE_CODE,START_MEASURE,END_MEASURE) values (300755,2499829,1,0,7.128);
Insert into LRM_POSITION (ID,ROAD_LINK_ID,SIDE_CODE,START_MEASURE,END_MEASURE) values (300824,2302468,1,0,154.27);
Insert into LRM_POSITION (ID,ROAD_LINK_ID,SIDE_CODE,START_MEASURE,END_MEASURE) values (300828,2302468,1,154.27,279.851);
Insert into LRM_POSITION (ID,ROAD_LINK_ID,SIDE_CODE,START_MEASURE,END_MEASURE) values (300846,5640,1,24.679,34.071);
Insert into LRM_POSITION (ID,ROAD_LINK_ID,SIDE_CODE,START_MEASURE,END_MEASURE) values (300848,5889,1,0,16.499);
Insert into LRM_POSITION (ID,ROAD_LINK_ID,SIDE_CODE,START_MEASURE,END_MEASURE) values (300849,2148033,1,0,214.01);
Insert into LRM_POSITION (ID,ROAD_LINK_ID,SIDE_CODE,START_MEASURE,END_MEASURE) values (300850,5834,1,0,112.157);
Insert into LRM_POSITION (ID,ROAD_LINK_ID,SIDE_CODE,START_MEASURE,END_MEASURE) values (300852,5751,1,0,208.951);
Insert into LRM_POSITION (ID,ROAD_LINK_ID,SIDE_CODE,START_MEASURE,END_MEASURE) values (300853,5703,1,0,17.118);
Insert into LRM_POSITION (ID,ROAD_LINK_ID,SIDE_CODE,START_MEASURE,END_MEASURE) values (300854,5909,1,0,67.883);
Insert into LRM_POSITION (ID,ROAD_LINK_ID,SIDE_CODE,START_MEASURE,END_MEASURE) values (300856,5730,1,0,85.324);
Insert into LRM_POSITION (ID,ROAD_LINK_ID,SIDE_CODE,START_MEASURE,END_MEASURE) values (300857,5541,1,0,10.419);
Insert into LRM_POSITION (ID,ROAD_LINK_ID,SIDE_CODE,START_MEASURE,END_MEASURE) values (300859,5615,1,0,144.476);
Insert into LRM_POSITION (ID,ROAD_LINK_ID,SIDE_CODE,START_MEASURE,END_MEASURE) values (300861,5870,1,0,71.567);
Insert into LRM_POSITION (ID,ROAD_LINK_ID,SIDE_CODE,START_MEASURE,END_MEASURE) values (300863,5876,1,0,148.586);
Insert into LRM_POSITION (ID,ROAD_LINK_ID,SIDE_CODE,START_MEASURE,END_MEASURE) values (300865,5750,1,0,18.499);
Insert into LRM_POSITION (ID,ROAD_LINK_ID,SIDE_CODE,START_MEASURE,END_MEASURE) values (300867,5677,1,0,13.157);
Insert into LRM_POSITION (ID,ROAD_LINK_ID,SIDE_CODE,START_MEASURE,END_MEASURE) values (300869,5847,1,0,78.926);
Insert into LRM_POSITION (ID,ROAD_LINK_ID,SIDE_CODE,START_MEASURE,END_MEASURE) values (300871,5723,1,0,99.086);
Insert into LRM_POSITION (ID,ROAD_LINK_ID,SIDE_CODE,START_MEASURE,END_MEASURE) values (300873,2446579,2,0,42.942);
Insert into LRM_POSITION (ID,ROAD_LINK_ID,SIDE_CODE,START_MEASURE,END_MEASURE) values (300874,2446559,2,0,56.499);
Insert into LRM_POSITION (ID,ROAD_LINK_ID,SIDE_CODE,START_MEASURE,END_MEASURE) values (300875,2446567,2,0,8.103);
Insert into LRM_POSITION (ID,ROAD_LINK_ID,SIDE_CODE,START_MEASURE,END_MEASURE) values (300876,2446549,2,0,111.096);
Insert into LRM_POSITION (ID,ROAD_LINK_ID,SIDE_CODE,START_MEASURE,END_MEASURE) values (300877,2446542,2,0,36.703);
Insert into LRM_POSITION (ID,ROAD_LINK_ID,SIDE_CODE,START_MEASURE,END_MEASURE) values (300879,5960,1,0,117.064);
Insert into LRM_POSITION (ID,ROAD_LINK_ID,SIDE_CODE,START_MEASURE,END_MEASURE) values (300880,5835,1,0,58.576);
Insert into LRM_POSITION (ID,ROAD_LINK_ID,SIDE_CODE,START_MEASURE,END_MEASURE) values (300890,5602,3,0,266.65);
Insert into LRM_POSITION (ID,ROAD_LINK_ID,SIDE_CODE,START_MEASURE,END_MEASURE) values (300892,5937,3,0,122.543);
Insert into LRM_POSITION (ID,ROAD_LINK_ID,SIDE_CODE,START_MEASURE,END_MEASURE) values (300893,5722,3,0,319.551);
Insert into LRM_POSITION (ID,ROAD_LINK_ID,SIDE_CODE,START_MEASURE,END_MEASURE) values (300894,2245186,3,0,367.384);
Insert into LRM_POSITION (ID,ROAD_LINK_ID,SIDE_CODE,START_MEASURE,END_MEASURE) values (300895,5651,3,0,17.064);
Insert into LRM_POSITION (ID,ROAD_LINK_ID,SIDE_CODE,START_MEASURE,END_MEASURE) values (300897,5714,2,0,236.82);
Insert into LRM_POSITION (ID,ROAD_LINK_ID,SIDE_CODE,START_MEASURE,END_MEASURE) values (300899,5822,2,0,821.811);
Insert into LRM_POSITION (ID,ROAD_LINK_ID,SIDE_CODE,START_MEASURE,END_MEASURE) values (300900,5570,2,0,16.785);
Insert into LRM_POSITION (ID,ROAD_LINK_ID,SIDE_CODE,START_MEASURE,END_MEASURE) values (300902,5566,2,0,497.39);
Insert into LRM_POSITION (ID,ROAD_LINK_ID,SIDE_CODE,START_MEASURE,END_MEASURE) values (300904,5566,3,0,495.751);
Insert into LRM_POSITION (ID,ROAD_LINK_ID,SIDE_CODE,START_MEASURE,END_MEASURE) values (300914,2446577,2,174.459,300.291);
Insert into LRM_POSITION (ID,ROAD_LINK_ID,SIDE_CODE,START_MEASURE,END_MEASURE) values (300916,5976,3,175.444,300.485);
Insert into LRM_POSITION (ID,ROAD_LINK_ID,SIDE_CODE,START_MEASURE,END_MEASURE) values (300093,71442,1,0,36.109);
Insert into LRM_POSITION (ID,ROAD_LINK_ID,SIDE_CODE,START_MEASURE,END_MEASURE) values (300095,5704,1,164.301,237.18);
Insert into LRM_POSITION (ID,ROAD_LINK_ID,SIDE_CODE,START_MEASURE,END_MEASURE) values (300223,5731,1,0,120.963);
Insert into LRM_POSITION (ID,ROAD_LINK_ID,SIDE_CODE,START_MEASURE,END_MEASURE) values (300225,2148032,1,0,166.332);
Insert into LRM_POSITION (ID,ROAD_LINK_ID,SIDE_CODE,START_MEASURE,END_MEASURE) values (300227,5856,1,0,28.097);
Insert into LRM_POSITION (ID,ROAD_LINK_ID,SIDE_CODE,START_MEASURE,END_MEASURE) values (300229,5842,1,0,152.275);
Insert into LRM_POSITION (ID,ROAD_LINK_ID,SIDE_CODE,START_MEASURE,END_MEASURE) values (300233,5764,1,0,99.986);
Insert into LRM_POSITION (ID,ROAD_LINK_ID,SIDE_CODE,START_MEASURE,END_MEASURE) values (300236,5973,1,3.25,17.739);
Insert into LRM_POSITION (ID,ROAD_LINK_ID,SIDE_CODE,START_MEASURE,END_MEASURE) values (300240,5973,1,0,3.25);
Insert into LRM_POSITION (ID,ROAD_LINK_ID,SIDE_CODE,START_MEASURE,END_MEASURE) values (300589,1913712,1,0,8.42);
Insert into LRM_POSITION (ID,ROAD_LINK_ID,SIDE_CODE,START_MEASURE,END_MEASURE) values (300591,5715,1,0,163.244);
Insert into LRM_POSITION (ID,ROAD_LINK_ID,SIDE_CODE,START_MEASURE,END_MEASURE) values (300592,5647,1,0,58.637);
Insert into LRM_POSITION (ID,ROAD_LINK_ID,SIDE_CODE,START_MEASURE,END_MEASURE) values (300593,5637,1,0,137.816);
Insert into LRM_POSITION (ID,ROAD_LINK_ID,SIDE_CODE,START_MEASURE,END_MEASURE) values (300595,1913708,3,0,12.51);
Insert into LRM_POSITION (ID,ROAD_LINK_ID,SIDE_CODE,START_MEASURE,END_MEASURE) values (300596,1913713,3,0,15.372);
Insert into LRM_POSITION (ID,ROAD_LINK_ID,SIDE_CODE,START_MEASURE,END_MEASURE) values (300598,5939,2,0,18.84);
Insert into LRM_POSITION (ID,ROAD_LINK_ID,SIDE_CODE,START_MEASURE,END_MEASURE) values (300599,5694,2,0,13.482);
Insert into LRM_POSITION (ID,ROAD_LINK_ID,SIDE_CODE,START_MEASURE,END_MEASURE) values (300601,5733,3,0,14.845);
Insert into LRM_POSITION (ID,ROAD_LINK_ID,SIDE_CODE,START_MEASURE,END_MEASURE) values (300602,5946,3,0,21.306);
Insert into LRM_POSITION (ID,ROAD_LINK_ID,SIDE_CODE,START_MEASURE,END_MEASURE) values (300604,2574339,1,0,228.98);
Insert into LRM_POSITION (ID,ROAD_LINK_ID,SIDE_CODE,START_MEASURE,END_MEASURE) values (300605,5839,1,0,46.767);
Insert into LRM_POSITION (ID,ROAD_LINK_ID,SIDE_CODE,START_MEASURE,END_MEASURE) values (300606,5746,1,0,215.423);
Insert into LRM_POSITION (ID,ROAD_LINK_ID,SIDE_CODE,START_MEASURE,END_MEASURE) values (300607,5658,1,0,81.392);
Insert into LRM_POSITION (ID,ROAD_LINK_ID,SIDE_CODE,START_MEASURE,END_MEASURE) values (300608,5968,1,0,16.577);
Insert into LRM_POSITION (ID,ROAD_LINK_ID,SIDE_CODE,START_MEASURE,END_MEASURE) values (300609,5696,1,0,10.462);
Insert into LRM_POSITION (ID,ROAD_LINK_ID,SIDE_CODE,START_MEASURE,END_MEASURE) values (300610,5621,1,0,153.808);
Insert into LRM_POSITION (ID,ROAD_LINK_ID,SIDE_CODE,START_MEASURE,END_MEASURE) values (300611,5917,1,0,184.256);
Insert into LRM_POSITION (ID,ROAD_LINK_ID,SIDE_CODE,START_MEASURE,END_MEASURE) values (300612,5776,1,0,85.917);
Insert into LRM_POSITION (ID,ROAD_LINK_ID,SIDE_CODE,START_MEASURE,END_MEASURE) values (300613,5682,1,0,178.23);
Insert into LRM_POSITION (ID,ROAD_LINK_ID,SIDE_CODE,START_MEASURE,END_MEASURE) values (300614,5753,1,0,142.751);
Insert into LRM_POSITION (ID,ROAD_LINK_ID,SIDE_CODE,START_MEASURE,END_MEASURE) values (300615,5927,1,0,114.266);
Insert into LRM_POSITION (ID,ROAD_LINK_ID,SIDE_CODE,START_MEASURE,END_MEASURE) values (300616,5915,1,0,63.217);
Insert into LRM_POSITION (ID,ROAD_LINK_ID,SIDE_CODE,START_MEASURE,END_MEASURE) values (300617,2499893,1,0,5.073);
Insert into LRM_POSITION (ID,ROAD_LINK_ID,SIDE_CODE,START_MEASURE,END_MEASURE) values (300618,5533,1,0,15.62);
Insert into LRM_POSITION (ID,ROAD_LINK_ID,SIDE_CODE,START_MEASURE,END_MEASURE) values (300619,5594,1,0,54.504);
Insert into LRM_POSITION (ID,ROAD_LINK_ID,SIDE_CODE,START_MEASURE,END_MEASURE) values (300620,5680,1,0,54.776);
Insert into LRM_POSITION (ID,ROAD_LINK_ID,SIDE_CODE,START_MEASURE,END_MEASURE) values (300621,5608,1,0,59.391);
Insert into LRM_POSITION (ID,ROAD_LINK_ID,SIDE_CODE,START_MEASURE,END_MEASURE) values (300622,5692,1,0,126.275);
Insert into LRM_POSITION (ID,ROAD_LINK_ID,SIDE_CODE,START_MEASURE,END_MEASURE) values (300623,5765,1,0,66.965);
Insert into LRM_POSITION (ID,ROAD_LINK_ID,SIDE_CODE,START_MEASURE,END_MEASURE) values (300625,5641,1,0,6.978);
Insert into LRM_POSITION (ID,ROAD_LINK_ID,SIDE_CODE,START_MEASURE,END_MEASURE) values (300627,5778,1,0,54.298);
Insert into LRM_POSITION (ID,ROAD_LINK_ID,SIDE_CODE,START_MEASURE,END_MEASURE) values (300629,2414742,1,0,21.051);
Insert into LRM_POSITION (ID,ROAD_LINK_ID,SIDE_CODE,START_MEASURE,END_MEASURE) values (300630,5574,1,0,16.992);
Insert into LRM_POSITION (ID,ROAD_LINK_ID,SIDE_CODE,START_MEASURE,END_MEASURE) values (300631,2499861,1,0,118.413);
Insert into LRM_POSITION (ID,ROAD_LINK_ID,SIDE_CODE,START_MEASURE,END_MEASURE) values (300632,5809,1,0,38.392);
Insert into LRM_POSITION (ID,ROAD_LINK_ID,SIDE_CODE,START_MEASURE,END_MEASURE) values (300633,5778,1,54.298,98.338);
Insert into LRM_POSITION (ID,ROAD_LINK_ID,SIDE_CODE,START_MEASURE,END_MEASURE) values (300634,5583,1,0,73.104);
Insert into LRM_POSITION (ID,ROAD_LINK_ID,SIDE_CODE,START_MEASURE,END_MEASURE) values (300635,5718,1,0,193.357);
Insert into LRM_POSITION (ID,ROAD_LINK_ID,SIDE_CODE,START_MEASURE,END_MEASURE) values (300637,5667,1,0,63.886);
Insert into LRM_POSITION (ID,ROAD_LINK_ID,SIDE_CODE,START_MEASURE,END_MEASURE) values (300639,5667,1,63.886,193.569);
Insert into LRM_POSITION (ID,ROAD_LINK_ID,SIDE_CODE,START_MEASURE,END_MEASURE) values (300641,5690,1,0,82.351);
Insert into LRM_POSITION (ID,ROAD_LINK_ID,SIDE_CODE,START_MEASURE,END_MEASURE) values (300643,5795,1,0,286.005);
Insert into LRM_POSITION (ID,ROAD_LINK_ID,SIDE_CODE,START_MEASURE,END_MEASURE) values (300644,5631,1,0,91.226);
Insert into LRM_POSITION (ID,ROAD_LINK_ID,SIDE_CODE,START_MEASURE,END_MEASURE) values (300645,5613,1,0,24.011);
Insert into LRM_POSITION (ID,ROAD_LINK_ID,SIDE_CODE,START_MEASURE,END_MEASURE) values (300646,5840,1,0,131.849);
Insert into LRM_POSITION (ID,ROAD_LINK_ID,SIDE_CODE,START_MEASURE,END_MEASURE) values (300647,5794,1,0,14.982);
Insert into LRM_POSITION (ID,ROAD_LINK_ID,SIDE_CODE,START_MEASURE,END_MEASURE) values (300648,5872,1,0,167.657);
Insert into LRM_POSITION (ID,ROAD_LINK_ID,SIDE_CODE,START_MEASURE,END_MEASURE) values (300686,5661,1,0,93.592);
Insert into LRM_POSITION (ID,ROAD_LINK_ID,SIDE_CODE,START_MEASURE,END_MEASURE) values (300688,2148049,1,0,51.35);
Insert into LRM_POSITION (ID,ROAD_LINK_ID,SIDE_CODE,START_MEASURE,END_MEASURE) values (300690,5622,1,0.17,151.027);
Insert into LRM_POSITION (ID,ROAD_LINK_ID,SIDE_CODE,START_MEASURE,END_MEASURE) values (300692,5622,1,151.027,364.214);
Insert into LRM_POSITION (ID,ROAD_LINK_ID,SIDE_CODE,START_MEASURE,END_MEASURE) values (300693,5685,1,0,32.326);
Insert into LRM_POSITION (ID,ROAD_LINK_ID,SIDE_CODE,START_MEASURE,END_MEASURE) values (300694,5697,1,0,40.237);
Insert into LRM_POSITION (ID,ROAD_LINK_ID,SIDE_CODE,START_MEASURE,END_MEASURE) values (300699,2446555,1,0,101.299);
Insert into LRM_POSITION (ID,ROAD_LINK_ID,SIDE_CODE,START_MEASURE,END_MEASURE) values (300703,2446547,1,0,126.943);
Insert into LRM_POSITION (ID,ROAD_LINK_ID,SIDE_CODE,START_MEASURE,END_MEASURE) values (300706,2497566,1,0,5.689);
Insert into LRM_POSITION (ID,ROAD_LINK_ID,SIDE_CODE,START_MEASURE,END_MEASURE) values (300757,1913688,1,0,60.861);
Insert into LRM_POSITION (ID,ROAD_LINK_ID,SIDE_CODE,START_MEASURE,END_MEASURE) values (300759,2148023,1,0,13.264);
Insert into LRM_POSITION (ID,ROAD_LINK_ID,SIDE_CODE,START_MEASURE,END_MEASURE) values (300761,2574322,1,0,188.675);
Insert into LRM_POSITION (ID,ROAD_LINK_ID,SIDE_CODE,START_MEASURE,END_MEASURE) values (300763,2499881,1,1.955,141.406);
Insert into LRM_POSITION (ID,ROAD_LINK_ID,SIDE_CODE,START_MEASURE,END_MEASURE) values (300774,2336515,1,0,7.815);
Insert into LRM_POSITION (ID,ROAD_LINK_ID,SIDE_CODE,START_MEASURE,END_MEASURE) values (300776,2336512,1,0,26.851);
Insert into LRM_POSITION (ID,ROAD_LINK_ID,SIDE_CODE,START_MEASURE,END_MEASURE) values (300778,5756,1,0,23.144);
Insert into LRM_POSITION (ID,ROAD_LINK_ID,SIDE_CODE,START_MEASURE,END_MEASURE) values (300767,2446582,2,0,10.113);
Insert into LRM_POSITION (ID,ROAD_LINK_ID,SIDE_CODE,START_MEASURE,END_MEASURE) values (300768,2446551,2,0,12.245);
Insert into LRM_POSITION (ID,ROAD_LINK_ID,SIDE_CODE,START_MEASURE,END_MEASURE) values (300769,2446570,2,0,74.172);
Insert into LRM_POSITION (ID,ROAD_LINK_ID,SIDE_CODE,START_MEASURE,END_MEASURE) values (300771,2446545,3,0,85.823);
Insert into LRM_POSITION (ID,ROAD_LINK_ID,SIDE_CODE,START_MEASURE,END_MEASURE) values (300775,2092489,2,0,12.765);
Insert into LRM_POSITION (ID,ROAD_LINK_ID,SIDE_CODE,START_MEASURE,END_MEASURE) values (300779,1913714,3,0,8.822);
Insert into LRM_POSITION (ID,ROAD_LINK_ID,SIDE_CODE,START_MEASURE,END_MEASURE) values (300781,2446541,2,0,13.135);
Insert into LRM_POSITION (ID,ROAD_LINK_ID,SIDE_CODE,START_MEASURE,END_MEASURE) values (300783,2446558,2,0,9.69);
Insert into LRM_POSITION (ID,ROAD_LINK_ID,SIDE_CODE,START_MEASURE,END_MEASURE) values (300784,2446562,2,0,8.705);
Insert into LRM_POSITION (ID,ROAD_LINK_ID,SIDE_CODE,START_MEASURE,END_MEASURE) values (300785,2446544,2,0,24.731);
Insert into LRM_POSITION (ID,ROAD_LINK_ID,SIDE_CODE,START_MEASURE,END_MEASURE) values (300787,2446540,3,0,10.462);
Insert into LRM_POSITION (ID,ROAD_LINK_ID,SIDE_CODE,START_MEASURE,END_MEASURE) values (300788,2446576,3,0,10.049);
Insert into LRM_POSITION (ID,ROAD_LINK_ID,SIDE_CODE,START_MEASURE,END_MEASURE) values (300790,1913711,2,0,8.583);
Insert into LRM_POSITION (ID,ROAD_LINK_ID,SIDE_CODE,START_MEASURE,END_MEASURE) values (300792,2628531,2,0,7.583);
Insert into LRM_POSITION (ID,ROAD_LINK_ID,SIDE_CODE,START_MEASURE,END_MEASURE) values (300794,2190513,1,0,102.288);
Insert into LRM_POSITION (ID,ROAD_LINK_ID,SIDE_CODE,START_MEASURE,END_MEASURE) values (300796,5691,1,0,129.196);
Insert into LRM_POSITION (ID,ROAD_LINK_ID,SIDE_CODE,START_MEASURE,END_MEASURE) values (300798,5800,1,0,126.436);
Insert into LRM_POSITION (ID,ROAD_LINK_ID,SIDE_CODE,START_MEASURE,END_MEASURE) values (300800,5536,1,0,136.862);
Insert into LRM_POSITION (ID,ROAD_LINK_ID,SIDE_CODE,START_MEASURE,END_MEASURE) values (300801,5741,1,0,129.605);
Insert into LRM_POSITION (ID,ROAD_LINK_ID,SIDE_CODE,START_MEASURE,END_MEASURE) values (300803,5936,1,32.108,100.813);
Insert into LRM_POSITION (ID,ROAD_LINK_ID,SIDE_CODE,START_MEASURE,END_MEASURE) values (300841,5790,1,0,76.373);
Insert into LRM_POSITION (ID,ROAD_LINK_ID,SIDE_CODE,START_MEASURE,END_MEASURE) values (300843,5852,1,0,91.469);
Insert into LRM_POSITION (ID,ROAD_LINK_ID,SIDE_CODE,START_MEASURE,END_MEASURE) values (300844,5628,1,0,49.148);
Insert into LRM_POSITION (ID,ROAD_LINK_ID,SIDE_CODE,START_MEASURE,END_MEASURE) values (300882,2405449,2,0,5.312);
Insert into LRM_POSITION (ID,ROAD_LINK_ID,SIDE_CODE,START_MEASURE,END_MEASURE) values (300884,2405451,2,0,80.282);
Insert into LRM_POSITION (ID,ROAD_LINK_ID,SIDE_CODE,START_MEASURE,END_MEASURE) values (300886,2405440,3,0,5.218);
Insert into LRM_POSITION (ID,ROAD_LINK_ID,SIDE_CODE,START_MEASURE,END_MEASURE) values (300888,2405438,3,0,79.721);
Insert into LRM_POSITION (ID,ROAD_LINK_ID,SIDE_CODE,START_MEASURE,END_MEASURE) values (300906,5806,3,0,131.601);
Insert into LRM_POSITION (ID,ROAD_LINK_ID,SIDE_CODE,START_MEASURE,END_MEASURE) values (300908,2439413,2,0,133.287);
Insert into LRM_POSITION (ID,ROAD_LINK_ID,SIDE_CODE,START_MEASURE,END_MEASURE) values (300910,2446577,2,0,174.459);
Insert into LRM_POSITION (ID,ROAD_LINK_ID,SIDE_CODE,START_MEASURE,END_MEASURE) values (300912,5976,3,0,175.444);
Insert into LRM_POSITION (ID,ROAD_LINK_ID,SIDE_CODE,START_MEASURE,END_MEASURE) values (300137,5811,1,0,1.69);
Insert into LRM_POSITION (ID,ROAD_LINK_ID,SIDE_CODE,START_MEASURE,END_MEASURE) values (300139,5811,1,1.69,3.24);
Insert into LRM_POSITION (ID,ROAD_LINK_ID,SIDE_CODE,START_MEASURE,END_MEASURE) values (300141,5907,1,82.772,142.592);
Insert into LRM_POSITION (ID,ROAD_LINK_ID,SIDE_CODE,START_MEASURE,END_MEASURE) values (300143,5829,1,0,73.294);
Insert into LRM_POSITION (ID,ROAD_LINK_ID,SIDE_CODE,START_MEASURE,END_MEASURE) values (300145,5712,1,5.2,7.109);
Insert into LRM_POSITION (ID,ROAD_LINK_ID,SIDE_CODE,START_MEASURE,END_MEASURE) values (300146,5997,1,0,54.25);
Insert into LRM_POSITION (ID,ROAD_LINK_ID,SIDE_CODE,START_MEASURE,END_MEASURE) values (300148,5712,1,1.93,5.2);
Insert into LRM_POSITION (ID,ROAD_LINK_ID,SIDE_CODE,START_MEASURE,END_MEASURE) values (300150,5869,1,0,77.357);
Insert into LRM_POSITION (ID,ROAD_LINK_ID,SIDE_CODE,START_MEASURE,END_MEASURE) values (300152,5967,1,0,38.598);
Insert into LRM_POSITION (ID,ROAD_LINK_ID,SIDE_CODE,START_MEASURE,END_MEASURE) values (300154,5911,1,0,27.365);
Insert into LRM_POSITION (ID,ROAD_LINK_ID,SIDE_CODE,START_MEASURE,END_MEASURE) values (300155,5618,1,0,36.854);
Insert into LRM_POSITION (ID,ROAD_LINK_ID,SIDE_CODE,START_MEASURE,END_MEASURE) values (300157,5873,1,0,26.328);
Insert into LRM_POSITION (ID,ROAD_LINK_ID,SIDE_CODE,START_MEASURE,END_MEASURE) values (300159,2414741,1,0,7.876);
Insert into LRM_POSITION (ID,ROAD_LINK_ID,SIDE_CODE,START_MEASURE,END_MEASURE) values (300161,5841,1,0,19.661);
Insert into LRM_POSITION (ID,ROAD_LINK_ID,SIDE_CODE,START_MEASURE,END_MEASURE) values (300162,5575,1,0,117.318);
Insert into LRM_POSITION (ID,ROAD_LINK_ID,SIDE_CODE,START_MEASURE,END_MEASURE) values (300163,5867,1,0,9.921);
Insert into LRM_POSITION (ID,ROAD_LINK_ID,SIDE_CODE,START_MEASURE,END_MEASURE) values (300165,5898,1,0,73.682);
Insert into LRM_POSITION (ID,ROAD_LINK_ID,SIDE_CODE,START_MEASURE,END_MEASURE) values (300167,5897,1,0,103.525);
Insert into LRM_POSITION (ID,ROAD_LINK_ID,SIDE_CODE,START_MEASURE,END_MEASURE) values (300169,5642,1,197.122,226.103);
Insert into LRM_POSITION (ID,ROAD_LINK_ID,SIDE_CODE,START_MEASURE,END_MEASURE) values (300171,2336511,1,0,20.43);
Insert into LRM_POSITION (ID,ROAD_LINK_ID,SIDE_CODE,START_MEASURE,END_MEASURE) values (300172,2336504,1,0,85.287);
Insert into LRM_POSITION (ID,ROAD_LINK_ID,SIDE_CODE,START_MEASURE,END_MEASURE) values (300174,5928,1,51.515,385.367);
Insert into LRM_POSITION (ID,ROAD_LINK_ID,SIDE_CODE,START_MEASURE,END_MEASURE) values (300176,5928,1,0,51.515);
Insert into LRM_POSITION (ID,ROAD_LINK_ID,SIDE_CODE,START_MEASURE,END_MEASURE) values (300178,2414746,1,0,49.051);
Insert into LRM_POSITION (ID,ROAD_LINK_ID,SIDE_CODE,START_MEASURE,END_MEASURE) values (300180,5936,1,8.957,32.108);
Insert into LRM_POSITION (ID,ROAD_LINK_ID,SIDE_CODE,START_MEASURE,END_MEASURE) values (300182,2100079,1,0,119.187);
Insert into LRM_POSITION (ID,ROAD_LINK_ID,SIDE_CODE,START_MEASURE,END_MEASURE) values (300184,2148049,1,51.35,78.973);
Insert into LRM_POSITION (ID,ROAD_LINK_ID,SIDE_CODE,START_MEASURE,END_MEASURE) values (300186,5762,1,1.987,117.772);
Insert into LRM_POSITION (ID,ROAD_LINK_ID,SIDE_CODE,START_MEASURE,END_MEASURE) values (300188,5762,1,0,1.987);
Insert into LRM_POSITION (ID,ROAD_LINK_ID,SIDE_CODE,START_MEASURE,END_MEASURE) values (300190,5725,1,0,64.631);
Insert into LRM_POSITION (ID,ROAD_LINK_ID,SIDE_CODE,START_MEASURE,END_MEASURE) values (300192,5777,1,0.56,43.317);
Insert into LRM_POSITION (ID,ROAD_LINK_ID,SIDE_CODE,START_MEASURE,END_MEASURE) values (300194,5777,1,0,0.56);
Insert into LRM_POSITION (ID,ROAD_LINK_ID,SIDE_CODE,START_MEASURE,END_MEASURE) values (300196,5981,1,0,278.875);
Insert into LRM_POSITION (ID,ROAD_LINK_ID,SIDE_CODE,START_MEASURE,END_MEASURE) values (300198,5942,1,1.608,259.985);
Insert into LRM_POSITION (ID,ROAD_LINK_ID,SIDE_CODE,START_MEASURE,END_MEASURE) values (300200,5942,1,0,1.608);
Insert into LRM_POSITION (ID,ROAD_LINK_ID,SIDE_CODE,START_MEASURE,END_MEASURE) values (300202,5630,1,0,147.029);
Insert into LRM_POSITION (ID,ROAD_LINK_ID,SIDE_CODE,START_MEASURE,END_MEASURE) values (300204,5796,1,0,11.672);
Insert into LRM_POSITION (ID,ROAD_LINK_ID,SIDE_CODE,START_MEASURE,END_MEASURE) values (300206,5660,1,0,92.608);
Insert into LRM_POSITION (ID,ROAD_LINK_ID,SIDE_CODE,START_MEASURE,END_MEASURE) values (300208,5988,1,0,66.947);
Insert into LRM_POSITION (ID,ROAD_LINK_ID,SIDE_CODE,START_MEASURE,END_MEASURE) values (300210,5732,1,0,90.457);
Insert into LRM_POSITION (ID,ROAD_LINK_ID,SIDE_CODE,START_MEASURE,END_MEASURE) values (300212,5678,1,0,65.119);
Insert into LRM_POSITION (ID,ROAD_LINK_ID,SIDE_CODE,START_MEASURE,END_MEASURE) values (300214,5887,1,0,204.216);
Insert into LRM_POSITION (ID,ROAD_LINK_ID,SIDE_CODE,START_MEASURE,END_MEASURE) values (300216,5828,1,0,150.014);
Insert into LRM_POSITION (ID,ROAD_LINK_ID,SIDE_CODE,START_MEASURE,END_MEASURE) values (300217,5558,1,0,282.63);
Insert into LRM_POSITION (ID,ROAD_LINK_ID,SIDE_CODE,START_MEASURE,END_MEASURE) values (300219,5974,1,0,173.242);
Insert into LRM_POSITION (ID,ROAD_LINK_ID,SIDE_CODE,START_MEASURE,END_MEASURE) values (300222,5650,1,2.289,265.895);
Insert into LRM_POSITION (ID,ROAD_LINK_ID,SIDE_CODE,START_MEASURE,END_MEASURE) values (300226,5650,1,0,2.289);
Insert into LRM_POSITION (ID,ROAD_LINK_ID,SIDE_CODE,START_MEASURE,END_MEASURE) values (300230,5757,1,0,35.728);
Insert into LRM_POSITION (ID,ROAD_LINK_ID,SIDE_CODE,START_MEASURE,END_MEASURE) values (300234,5757,1,35.728,36.928);
Insert into LRM_POSITION (ID,ROAD_LINK_ID,SIDE_CODE,START_MEASURE,END_MEASURE) values (300237,5838,1,0,25.246);
Insert into LRM_POSITION (ID,ROAD_LINK_ID,SIDE_CODE,START_MEASURE,END_MEASURE) values (300239,5855,1,0,96.633);
Insert into LRM_POSITION (ID,ROAD_LINK_ID,SIDE_CODE,START_MEASURE,END_MEASURE) values (300242,5921,1,0,202.997);
Insert into LRM_POSITION (ID,ROAD_LINK_ID,SIDE_CODE,START_MEASURE,END_MEASURE) values (300243,5538,1,0,8.169);
Insert into LRM_POSITION (ID,ROAD_LINK_ID,SIDE_CODE,START_MEASURE,END_MEASURE) values (300245,5791,1,0,152.929);
Insert into LRM_POSITION (ID,ROAD_LINK_ID,SIDE_CODE,START_MEASURE,END_MEASURE) values (300246,5772,1,0,34.786);
Insert into LRM_POSITION (ID,ROAD_LINK_ID,SIDE_CODE,START_MEASURE,END_MEASURE) values (300248,5684,1,0,235.431);
Insert into LRM_POSITION (ID,ROAD_LINK_ID,SIDE_CODE,START_MEASURE,END_MEASURE) values (300250,5702,1,0,207.784);
Insert into LRM_POSITION (ID,ROAD_LINK_ID,SIDE_CODE,START_MEASURE,END_MEASURE) values (300252,5586,1,0,75.744);
Insert into LRM_POSITION (ID,ROAD_LINK_ID,SIDE_CODE,START_MEASURE,END_MEASURE) values (300253,2245188,1,0,87.104);
Insert into LRM_POSITION (ID,ROAD_LINK_ID,SIDE_CODE,START_MEASURE,END_MEASURE) values (300254,5980,1,0,87.014);
Insert into LRM_POSITION (ID,ROAD_LINK_ID,SIDE_CODE,START_MEASURE,END_MEASURE) values (300256,5798,1,0,93.887);
Insert into LRM_POSITION (ID,ROAD_LINK_ID,SIDE_CODE,START_MEASURE,END_MEASURE) values (300258,5729,1,0,249.778);
Insert into LRM_POSITION (ID,ROAD_LINK_ID,SIDE_CODE,START_MEASURE,END_MEASURE) values (300259,5699,1,0,68.882);
Insert into LRM_POSITION (ID,ROAD_LINK_ID,SIDE_CODE,START_MEASURE,END_MEASURE) values (300261,5664,1,0,30.391);
Insert into LRM_POSITION (ID,ROAD_LINK_ID,SIDE_CODE,START_MEASURE,END_MEASURE) values (300262,5819,1,0,75.097);
Insert into LRM_POSITION (ID,ROAD_LINK_ID,SIDE_CODE,START_MEASURE,END_MEASURE) values (300264,5819,1,75.097,75.407);
Insert into LRM_POSITION (ID,ROAD_LINK_ID,SIDE_CODE,START_MEASURE,END_MEASURE) values (300266,5884,1,46.297,204.137);
Insert into LRM_POSITION (ID,ROAD_LINK_ID,SIDE_CODE,START_MEASURE,END_MEASURE) values (300268,5884,1,0,24.948);
Insert into LRM_POSITION (ID,ROAD_LINK_ID,SIDE_CODE,START_MEASURE,END_MEASURE) values (300269,5966,1,0,115.93);
Insert into LRM_POSITION (ID,ROAD_LINK_ID,SIDE_CODE,START_MEASURE,END_MEASURE) values (300271,5817,1,0,6.964);
Insert into LRM_POSITION (ID,ROAD_LINK_ID,SIDE_CODE,START_MEASURE,END_MEASURE) values (300273,5547,1,0,87.824);
Insert into LRM_POSITION (ID,ROAD_LINK_ID,SIDE_CODE,START_MEASURE,END_MEASURE) values (300274,5616,1,0,20.677);
Insert into LRM_POSITION (ID,ROAD_LINK_ID,SIDE_CODE,START_MEASURE,END_MEASURE) values (300275,5781,1,0,231.124);
Insert into LRM_POSITION (ID,ROAD_LINK_ID,SIDE_CODE,START_MEASURE,END_MEASURE) values (300276,5854,1,0,93.315);
Insert into LRM_POSITION (ID,ROAD_LINK_ID,SIDE_CODE,START_MEASURE,END_MEASURE) values (300278,5531,1,1.298,107.814);
Insert into LRM_POSITION (ID,ROAD_LINK_ID,SIDE_CODE,START_MEASURE,END_MEASURE) values (300280,2148045,1,0,66.653);
Insert into LRM_POSITION (ID,ROAD_LINK_ID,SIDE_CODE,START_MEASURE,END_MEASURE) values (300282,5654,1,0,81.877);
Insert into LRM_POSITION (ID,ROAD_LINK_ID,SIDE_CODE,START_MEASURE,END_MEASURE) values (300283,5567,1,0,143.725);
Insert into LRM_POSITION (ID,ROAD_LINK_ID,SIDE_CODE,START_MEASURE,END_MEASURE) values (300284,5717,1,0,66.331);
Insert into LRM_POSITION (ID,ROAD_LINK_ID,SIDE_CODE,START_MEASURE,END_MEASURE) values (300285,5582,1,0,59.117);
Insert into LRM_POSITION (ID,ROAD_LINK_ID,SIDE_CODE,START_MEASURE,END_MEASURE) values (300287,5986,1,36.647,195.996);
Insert into LRM_POSITION (ID,ROAD_LINK_ID,SIDE_CODE,START_MEASURE,END_MEASURE) values (300289,5986,1,0,36.647);
Insert into LRM_POSITION (ID,ROAD_LINK_ID,SIDE_CODE,START_MEASURE,END_MEASURE) values (300291,5948,1,0,132.375);
Insert into LRM_POSITION (ID,ROAD_LINK_ID,SIDE_CODE,START_MEASURE,END_MEASURE) values (300292,5826,1,0,165.91);
Insert into LRM_POSITION (ID,ROAD_LINK_ID,SIDE_CODE,START_MEASURE,END_MEASURE) values (300293,5850,1,0,177.265);
Insert into LRM_POSITION (ID,ROAD_LINK_ID,SIDE_CODE,START_MEASURE,END_MEASURE) values (300295,5850,1,177.265,178.334);
Insert into LRM_POSITION (ID,ROAD_LINK_ID,SIDE_CODE,START_MEASURE,END_MEASURE) values (300297,5592,1,0,137.781);
Insert into LRM_POSITION (ID,ROAD_LINK_ID,SIDE_CODE,START_MEASURE,END_MEASURE) values (300298,5786,1,0,25.79);
Insert into LRM_POSITION (ID,ROAD_LINK_ID,SIDE_CODE,START_MEASURE,END_MEASURE) values (300299,5597,1,0,102.188);
Insert into LRM_POSITION (ID,ROAD_LINK_ID,SIDE_CODE,START_MEASURE,END_MEASURE) values (300300,5620,1,0,71.091);
Insert into LRM_POSITION (ID,ROAD_LINK_ID,SIDE_CODE,START_MEASURE,END_MEASURE) values (300302,5878,1,0,277.141);
Insert into LRM_POSITION (ID,ROAD_LINK_ID,SIDE_CODE,START_MEASURE,END_MEASURE) values (300304,5878,1,277.141,278.639);
Insert into LRM_POSITION (ID,ROAD_LINK_ID,SIDE_CODE,START_MEASURE,END_MEASURE) values (300306,5688,1,0,126.207);
Insert into LRM_POSITION (ID,ROAD_LINK_ID,SIDE_CODE,START_MEASURE,END_MEASURE) values (300307,1913698,1,0,33.623);
Insert into LRM_POSITION (ID,ROAD_LINK_ID,SIDE_CODE,START_MEASURE,END_MEASURE) values (300308,5591,1,0,8.529);
Insert into LRM_POSITION (ID,ROAD_LINK_ID,SIDE_CODE,START_MEASURE,END_MEASURE) values (300310,5580,1,2.307,107.141);
Insert into LRM_POSITION (ID,ROAD_LINK_ID,SIDE_CODE,START_MEASURE,END_MEASURE) values (300311,5543,1,0,271.776);
Insert into LRM_POSITION (ID,ROAD_LINK_ID,SIDE_CODE,START_MEASURE,END_MEASURE) values (300313,5816,1,0,154.049);
Insert into LRM_POSITION (ID,ROAD_LINK_ID,SIDE_CODE,START_MEASURE,END_MEASURE) values (300314,5701,1,0,7.535);
Insert into LRM_POSITION (ID,ROAD_LINK_ID,SIDE_CODE,START_MEASURE,END_MEASURE) values (300315,5957,1,0,116.298);
Insert into LRM_POSITION (ID,ROAD_LINK_ID,SIDE_CODE,START_MEASURE,END_MEASURE) values (300316,5734,1,0,91.251);
Insert into LRM_POSITION (ID,ROAD_LINK_ID,SIDE_CODE,START_MEASURE,END_MEASURE) values (300318,5820,1,0,99.483);
Insert into LRM_POSITION (ID,ROAD_LINK_ID,SIDE_CODE,START_MEASURE,END_MEASURE) values (300320,5933,1,0,21.14);
Insert into LRM_POSITION (ID,ROAD_LINK_ID,SIDE_CODE,START_MEASURE,END_MEASURE) values (300322,5955,1,0,146.981);
Insert into LRM_POSITION (ID,ROAD_LINK_ID,SIDE_CODE,START_MEASURE,END_MEASURE) values (300324,5799,1,0,92.368);
Insert into LRM_POSITION (ID,ROAD_LINK_ID,SIDE_CODE,START_MEASURE,END_MEASURE) values (300325,5636,1,0,135.07);
Insert into LRM_POSITION (ID,ROAD_LINK_ID,SIDE_CODE,START_MEASURE,END_MEASURE) values (300326,5817,1,6.964,74.662);
Insert into LRM_POSITION (ID,ROAD_LINK_ID,SIDE_CODE,START_MEASURE,END_MEASURE) values (300327,5972,1,0,128.902);
Insert into LRM_POSITION (ID,ROAD_LINK_ID,SIDE_CODE,START_MEASURE,END_MEASURE) values (300328,5587,1,0,66.555);
Insert into LRM_POSITION (ID,ROAD_LINK_ID,SIDE_CODE,START_MEASURE,END_MEASURE) values (300330,5979,1,0,91.701);
Insert into LRM_POSITION (ID,ROAD_LINK_ID,SIDE_CODE,START_MEASURE,END_MEASURE) values (300332,2707876,1,0,27.127);
Insert into LRM_POSITION (ID,ROAD_LINK_ID,SIDE_CODE,START_MEASURE,END_MEASURE) values (300333,5984,1,0,31.487);
Insert into LRM_POSITION (ID,ROAD_LINK_ID,SIDE_CODE,START_MEASURE,END_MEASURE) values (300334,5885,1,0,74.799);
Insert into LRM_POSITION (ID,ROAD_LINK_ID,SIDE_CODE,START_MEASURE,END_MEASURE) values (300336,5803,1,0,70.384);
Insert into LRM_POSITION (ID,ROAD_LINK_ID,SIDE_CODE,START_MEASURE,END_MEASURE) values (300338,5805,1,0,28.606);
Insert into LRM_POSITION (ID,ROAD_LINK_ID,SIDE_CODE,START_MEASURE,END_MEASURE) values (300340,5952,1,0,92.548);
Insert into LRM_POSITION (ID,ROAD_LINK_ID,SIDE_CODE,START_MEASURE,END_MEASURE) values (300344,5539,1,0,108.256);
Insert into LRM_POSITION (ID,ROAD_LINK_ID,SIDE_CODE,START_MEASURE,END_MEASURE) values (300346,5796,1,43.444,48.656);
Insert into LRM_POSITION (ID,ROAD_LINK_ID,SIDE_CODE,START_MEASURE,END_MEASURE) values (300348,5891,1,0,173.799);
Insert into LRM_POSITION (ID,ROAD_LINK_ID,SIDE_CODE,START_MEASURE,END_MEASURE) values (300350,5938,1,0,37.429);
Insert into LRM_POSITION (ID,ROAD_LINK_ID,SIDE_CODE,START_MEASURE,END_MEASURE) values (300352,5657,1,0,46.843);
Insert into LRM_POSITION (ID,ROAD_LINK_ID,SIDE_CODE,START_MEASURE,END_MEASURE) values (300353,2574333,1,0,103.572);
Insert into LRM_POSITION (ID,ROAD_LINK_ID,SIDE_CODE,START_MEASURE,END_MEASURE) values (300355,5796,1,11.672,43.444);
Insert into LRM_POSITION (ID,ROAD_LINK_ID,SIDE_CODE,START_MEASURE,END_MEASURE) values (300357,5652,1,68.232,105.921);
Insert into LRM_POSITION (ID,ROAD_LINK_ID,SIDE_CODE,START_MEASURE,END_MEASURE) values (300359,5926,1,0,1.669);
Insert into LRM_POSITION (ID,ROAD_LINK_ID,SIDE_CODE,START_MEASURE,END_MEASURE) values (300361,5926,1,1.669,2.869);
Insert into LRM_POSITION (ID,ROAD_LINK_ID,SIDE_CODE,START_MEASURE,END_MEASURE) values (300363,5719,1,0,53.859);
Insert into LRM_POSITION (ID,ROAD_LINK_ID,SIDE_CODE,START_MEASURE,END_MEASURE) values (300364,5662,1,0,103.509);
Insert into LRM_POSITION (ID,ROAD_LINK_ID,SIDE_CODE,START_MEASURE,END_MEASURE) values (300365,5958,1,0,265.736);
Insert into LRM_POSITION (ID,ROAD_LINK_ID,SIDE_CODE,START_MEASURE,END_MEASURE) values (300367,5529,1,122.916,124.784);
Insert into LRM_POSITION (ID,ROAD_LINK_ID,SIDE_CODE,START_MEASURE,END_MEASURE) values (300369,5935,1,0,2.238);
Insert into LRM_POSITION (ID,ROAD_LINK_ID,SIDE_CODE,START_MEASURE,END_MEASURE) values (300371,5666,1,0,142.426);
Insert into LRM_POSITION (ID,ROAD_LINK_ID,SIDE_CODE,START_MEASURE,END_MEASURE) values (300372,5595,1,0,100.416);
Insert into LRM_POSITION (ID,ROAD_LINK_ID,SIDE_CODE,START_MEASURE,END_MEASURE) values (300373,5643,1,0,122.302);
Insert into LRM_POSITION (ID,ROAD_LINK_ID,SIDE_CODE,START_MEASURE,END_MEASURE) values (300375,1913720,1,0,27.722);
Insert into LRM_POSITION (ID,ROAD_LINK_ID,SIDE_CODE,START_MEASURE,END_MEASURE) values (300376,5922,1,0,9.344);
Insert into LRM_POSITION (ID,ROAD_LINK_ID,SIDE_CODE,START_MEASURE,END_MEASURE) values (300377,5892,1,0,75.695);
Insert into LRM_POSITION (ID,ROAD_LINK_ID,SIDE_CODE,START_MEASURE,END_MEASURE) values (300378,5924,1,0,98.834);
Insert into LRM_POSITION (ID,ROAD_LINK_ID,SIDE_CODE,START_MEASURE,END_MEASURE) values (300379,1913719,1,0,8.498);
Insert into LRM_POSITION (ID,ROAD_LINK_ID,SIDE_CODE,START_MEASURE,END_MEASURE) values (300380,5945,1,0,152.161);
Insert into LRM_POSITION (ID,ROAD_LINK_ID,SIDE_CODE,START_MEASURE,END_MEASURE) values (300381,2446561,1,0,10.343);
Insert into LRM_POSITION (ID,ROAD_LINK_ID,SIDE_CODE,START_MEASURE,END_MEASURE) values (300383,5609,1,17.333,108.155);
Insert into LRM_POSITION (ID,ROAD_LINK_ID,SIDE_CODE,START_MEASURE,END_MEASURE) values (300384,5670,1,0,309.705);
Insert into LRM_POSITION (ID,ROAD_LINK_ID,SIDE_CODE,START_MEASURE,END_MEASURE) values (300386,5708,1,5.188,297.239);
Insert into LRM_POSITION (ID,ROAD_LINK_ID,SIDE_CODE,START_MEASURE,END_MEASURE) values (300388,5670,1,311.894,312.894);
Insert into LRM_POSITION (ID,ROAD_LINK_ID,SIDE_CODE,START_MEASURE,END_MEASURE) values (300389,5708,1,0,1.17);
Insert into LRM_POSITION (ID,ROAD_LINK_ID,SIDE_CODE,START_MEASURE,END_MEASURE) values (300391,5670,1,309.705,311.894);
Insert into LRM_POSITION (ID,ROAD_LINK_ID,SIDE_CODE,START_MEASURE,END_MEASURE) values (300393,5708,1,1.17,5.188);
Insert into LRM_POSITION (ID,ROAD_LINK_ID,SIDE_CODE,START_MEASURE,END_MEASURE) values (300395,2499848,1,0,37.305);
Insert into LRM_POSITION (ID,ROAD_LINK_ID,SIDE_CODE,START_MEASURE,END_MEASURE) values (300396,5545,1,0,134.684);
Insert into LRM_POSITION (ID,ROAD_LINK_ID,SIDE_CODE,START_MEASURE,END_MEASURE) values (300397,2499854,1,0,88.631);
Insert into LRM_POSITION (ID,ROAD_LINK_ID,SIDE_CODE,START_MEASURE,END_MEASURE) values (300398,5780,1,0,6.728);
Insert into LRM_POSITION (ID,ROAD_LINK_ID,SIDE_CODE,START_MEASURE,END_MEASURE) values (300399,5959,1,0,31.344);
Insert into LRM_POSITION (ID,ROAD_LINK_ID,SIDE_CODE,START_MEASURE,END_MEASURE) values (300400,2707868,1,0,48.829);
Insert into LRM_POSITION (ID,ROAD_LINK_ID,SIDE_CODE,START_MEASURE,END_MEASURE) values (300401,5815,1,0,75.555);
Insert into LRM_POSITION (ID,ROAD_LINK_ID,SIDE_CODE,START_MEASURE,END_MEASURE) values (300402,5912,1,0,129.779);
Insert into LRM_POSITION (ID,ROAD_LINK_ID,SIDE_CODE,START_MEASURE,END_MEASURE) values (300403,5851,1,0,120.126);
Insert into LRM_POSITION (ID,ROAD_LINK_ID,SIDE_CODE,START_MEASURE,END_MEASURE) values (300404,5671,1,0,75.105);
Insert into LRM_POSITION (ID,ROAD_LINK_ID,SIDE_CODE,START_MEASURE,END_MEASURE) values (300406,5813,1,0,15.738);
Insert into LRM_POSITION (ID,ROAD_LINK_ID,SIDE_CODE,START_MEASURE,END_MEASURE) values (300408,5619,1,0,188.507);
Insert into LRM_POSITION (ID,ROAD_LINK_ID,SIDE_CODE,START_MEASURE,END_MEASURE) values (300410,6002,1,0,52.548);
Insert into LRM_POSITION (ID,ROAD_LINK_ID,SIDE_CODE,START_MEASURE,END_MEASURE) values (300412,5635,1,0,59.163);
Insert into LRM_POSITION (ID,ROAD_LINK_ID,SIDE_CODE,START_MEASURE,END_MEASURE) values (300414,5581,1,0,133.947);
Insert into LRM_POSITION (ID,ROAD_LINK_ID,SIDE_CODE,START_MEASURE,END_MEASURE) values (300416,2446574,1,3.551,8.573);
Insert into LRM_POSITION (ID,ROAD_LINK_ID,SIDE_CODE,START_MEASURE,END_MEASURE) values (300418,5640,1,0,24.679);
Insert into LRM_POSITION (ID,ROAD_LINK_ID,SIDE_CODE,START_MEASURE,END_MEASURE) values (300420,5625,1,0,153.352);
Insert into LRM_POSITION (ID,ROAD_LINK_ID,SIDE_CODE,START_MEASURE,END_MEASURE) values (300421,6004,1,4.17,101.772);
Insert into LRM_POSITION (ID,ROAD_LINK_ID,SIDE_CODE,START_MEASURE,END_MEASURE) values (300423,5683,1,0,209.744);
Insert into LRM_POSITION (ID,ROAD_LINK_ID,SIDE_CODE,START_MEASURE,END_MEASURE) values (300424,2574323,1,0,87.974);
Insert into LRM_POSITION (ID,ROAD_LINK_ID,SIDE_CODE,START_MEASURE,END_MEASURE) values (300425,5705,1,0,144.887);
Insert into LRM_POSITION (ID,ROAD_LINK_ID,SIDE_CODE,START_MEASURE,END_MEASURE) values (300426,6004,1,0,1.74);
Insert into LRM_POSITION (ID,ROAD_LINK_ID,SIDE_CODE,START_MEASURE,END_MEASURE) values (300427,5627,1,0,71.409);
Insert into LRM_POSITION (ID,ROAD_LINK_ID,SIDE_CODE,START_MEASURE,END_MEASURE) values (300428,5789,1,0,47.959);
Insert into LRM_POSITION (ID,ROAD_LINK_ID,SIDE_CODE,START_MEASURE,END_MEASURE) values (300429,2574328,1,0,169.999);
Insert into LRM_POSITION (ID,ROAD_LINK_ID,SIDE_CODE,START_MEASURE,END_MEASURE) values (300431,6004,1,1.74,4.17);
Insert into LRM_POSITION (ID,ROAD_LINK_ID,SIDE_CODE,START_MEASURE,END_MEASURE) values (300433,5910,1,0,55.642);
Insert into LRM_POSITION (ID,ROAD_LINK_ID,SIDE_CODE,START_MEASURE,END_MEASURE) values (300435,5860,1,0,114.971);
Insert into LRM_POSITION (ID,ROAD_LINK_ID,SIDE_CODE,START_MEASURE,END_MEASURE) values (300436,5653,1,0,61.622);
Insert into LRM_POSITION (ID,ROAD_LINK_ID,SIDE_CODE,START_MEASURE,END_MEASURE) values (300438,5830,1,0,185.97);
Insert into LRM_POSITION (ID,ROAD_LINK_ID,SIDE_CODE,START_MEASURE,END_MEASURE) values (300439,2499865,1,0,8.797);
Insert into LRM_POSITION (ID,ROAD_LINK_ID,SIDE_CODE,START_MEASURE,END_MEASURE) values (300440,5949,1,0,15.064);
Insert into LRM_POSITION (ID,ROAD_LINK_ID,SIDE_CODE,START_MEASURE,END_MEASURE) values (300441,5736,1,0,207.228);
Insert into LRM_POSITION (ID,ROAD_LINK_ID,SIDE_CODE,START_MEASURE,END_MEASURE) values (300442,5818,1,0,375.784);
Insert into LRM_POSITION (ID,ROAD_LINK_ID,SIDE_CODE,START_MEASURE,END_MEASURE) values (300443,2499892,1,0,10.622);
Insert into LRM_POSITION (ID,ROAD_LINK_ID,SIDE_CODE,START_MEASURE,END_MEASURE) values (300444,5748,1,0,61.838);
Insert into LRM_POSITION (ID,ROAD_LINK_ID,SIDE_CODE,START_MEASURE,END_MEASURE) values (300445,5603,1,0,311.565);
Insert into LRM_POSITION (ID,ROAD_LINK_ID,SIDE_CODE,START_MEASURE,END_MEASURE) values (300446,5674,1,0,18.976);
Insert into LRM_POSITION (ID,ROAD_LINK_ID,SIDE_CODE,START_MEASURE,END_MEASURE) values (300447,5638,1,0,115.847);
Insert into LRM_POSITION (ID,ROAD_LINK_ID,SIDE_CODE,START_MEASURE,END_MEASURE) values (300448,5859,1,0,132.838);
Insert into LRM_POSITION (ID,ROAD_LINK_ID,SIDE_CODE,START_MEASURE,END_MEASURE) values (300450,5644,1,0,44.576);
Insert into LRM_POSITION (ID,ROAD_LINK_ID,SIDE_CODE,START_MEASURE,END_MEASURE) values (300452,5864,1,0,2.599);
Insert into LRM_POSITION (ID,ROAD_LINK_ID,SIDE_CODE,START_MEASURE,END_MEASURE) values (300454,5572,1,0,14.587);
Insert into LRM_POSITION (ID,ROAD_LINK_ID,SIDE_CODE,START_MEASURE,END_MEASURE) values (300455,5740,1,0,82.489);
Insert into LRM_POSITION (ID,ROAD_LINK_ID,SIDE_CODE,START_MEASURE,END_MEASURE) values (300457,5740,1,82.489,93.648);
Insert into LRM_POSITION (ID,ROAD_LINK_ID,SIDE_CODE,START_MEASURE,END_MEASURE) values (300458,5843,1,0,25.675);
Insert into LRM_POSITION (ID,ROAD_LINK_ID,SIDE_CODE,START_MEASURE,END_MEASURE) values (300460,5985,1,0,32.422);
Insert into LRM_POSITION (ID,ROAD_LINK_ID,SIDE_CODE,START_MEASURE,END_MEASURE) values (300461,5808,1,0,55.023);
Insert into LRM_POSITION (ID,ROAD_LINK_ID,SIDE_CODE,START_MEASURE,END_MEASURE) values (300463,5542,1,0,112.982);
Insert into LRM_POSITION (ID,ROAD_LINK_ID,SIDE_CODE,START_MEASURE,END_MEASURE) values (300465,5642,1,0,197.121);
Insert into LRM_POSITION (ID,ROAD_LINK_ID,SIDE_CODE,START_MEASURE,END_MEASURE) values (300467,5766,1,0,117.68);
Insert into LRM_POSITION (ID,ROAD_LINK_ID,SIDE_CODE,START_MEASURE,END_MEASURE) values (300468,5530,1,0,13.575);
Insert into LRM_POSITION (ID,ROAD_LINK_ID,SIDE_CODE,START_MEASURE,END_MEASURE) values (300470,5977,1,82.636,164.343);
Insert into LRM_POSITION (ID,ROAD_LINK_ID,SIDE_CODE,START_MEASURE,END_MEASURE) values (300472,5832,1,0,156.538);
Insert into LRM_POSITION (ID,ROAD_LINK_ID,SIDE_CODE,START_MEASURE,END_MEASURE) values (300474,5893,1,0,27.553);
Insert into LRM_POSITION (ID,ROAD_LINK_ID,SIDE_CODE,START_MEASURE,END_MEASURE) values (300475,5812,1,0,146.513);
Insert into LRM_POSITION (ID,ROAD_LINK_ID,SIDE_CODE,START_MEASURE,END_MEASURE) values (300477,5565,1,0,3.416);
Insert into LRM_POSITION (ID,ROAD_LINK_ID,SIDE_CODE,START_MEASURE,END_MEASURE) values (300478,5991,1,0,74.931);
Insert into LRM_POSITION (ID,ROAD_LINK_ID,SIDE_CODE,START_MEASURE,END_MEASURE) values (300479,2499872,1,0,51.85);
Insert into LRM_POSITION (ID,ROAD_LINK_ID,SIDE_CODE,START_MEASURE,END_MEASURE) values (300480,5737,1,0,339.921);
Insert into LRM_POSITION (ID,ROAD_LINK_ID,SIDE_CODE,START_MEASURE,END_MEASURE) values (300482,5565,1,3.416,5.624);
Insert into LRM_POSITION (ID,ROAD_LINK_ID,SIDE_CODE,START_MEASURE,END_MEASURE) values (300484,5707,1,3.437,7.741);
Insert into LRM_POSITION (ID,ROAD_LINK_ID,SIDE_CODE,START_MEASURE,END_MEASURE) values (300485,5747,1,0,50.997);
Insert into LRM_POSITION (ID,ROAD_LINK_ID,SIDE_CODE,START_MEASURE,END_MEASURE) values (300487,6003,1,2.229,179.425);
Insert into LRM_POSITION (ID,ROAD_LINK_ID,SIDE_CODE,START_MEASURE,END_MEASURE) values (300489,2148015,1,7.372,80.887);
Insert into LRM_POSITION (ID,ROAD_LINK_ID,SIDE_CODE,START_MEASURE,END_MEASURE) values (300491,5695,1,0,154.386);
Insert into LRM_POSITION (ID,ROAD_LINK_ID,SIDE_CODE,START_MEASURE,END_MEASURE) values (300492,5752,1,4.226,90.733);
Insert into LRM_POSITION (ID,ROAD_LINK_ID,SIDE_CODE,START_MEASURE,END_MEASURE) values (300493,5904,1,0,223.834);
Insert into LRM_POSITION (ID,ROAD_LINK_ID,SIDE_CODE,START_MEASURE,END_MEASURE) values (300495,5554,1,0,9.209);
Insert into LRM_POSITION (ID,ROAD_LINK_ID,SIDE_CODE,START_MEASURE,END_MEASURE) values (300496,2574338,1,0,49.372);
Insert into LRM_POSITION (ID,ROAD_LINK_ID,SIDE_CODE,START_MEASURE,END_MEASURE) values (300497,5844,1,0,24.844);
Insert into LRM_POSITION (ID,ROAD_LINK_ID,SIDE_CODE,START_MEASURE,END_MEASURE) values (300498,2499873,1,0,12.043);
Insert into LRM_POSITION (ID,ROAD_LINK_ID,SIDE_CODE,START_MEASURE,END_MEASURE) values (300499,5961,1,0,76.959);
Insert into LRM_POSITION (ID,ROAD_LINK_ID,SIDE_CODE,START_MEASURE,END_MEASURE) values (300500,5752,1,0,2.438);
Insert into LRM_POSITION (ID,ROAD_LINK_ID,SIDE_CODE,START_MEASURE,END_MEASURE) values (300501,5881,1,0,132.784);
Insert into LRM_POSITION (ID,ROAD_LINK_ID,SIDE_CODE,START_MEASURE,END_MEASURE) values (300502,2574325,1,0,150.8);
Insert into LRM_POSITION (ID,ROAD_LINK_ID,SIDE_CODE,START_MEASURE,END_MEASURE) values (300503,2148036,1,0,168.584);
Insert into LRM_POSITION (ID,ROAD_LINK_ID,SIDE_CODE,START_MEASURE,END_MEASURE) values (300504,2499847,1,0,30.034);
Insert into LRM_POSITION (ID,ROAD_LINK_ID,SIDE_CODE,START_MEASURE,END_MEASURE) values (300506,5792,1,0,46.439);
Insert into LRM_POSITION (ID,ROAD_LINK_ID,SIDE_CODE,START_MEASURE,END_MEASURE) values (300508,5752,1,2.438,4.226);
Insert into LRM_POSITION (ID,ROAD_LINK_ID,SIDE_CODE,START_MEASURE,END_MEASURE) values (300510,5858,1,0,13.332);
Insert into LRM_POSITION (ID,ROAD_LINK_ID,SIDE_CODE,START_MEASURE,END_MEASURE) values (300511,5605,1,0,6.699);
Insert into LRM_POSITION (ID,ROAD_LINK_ID,SIDE_CODE,START_MEASURE,END_MEASURE) values (300512,5713,1,0,200.114);
Insert into LRM_POSITION (ID,ROAD_LINK_ID,SIDE_CODE,START_MEASURE,END_MEASURE) values (300513,5665,1,0,48.305);
Insert into LRM_POSITION (ID,ROAD_LINK_ID,SIDE_CODE,START_MEASURE,END_MEASURE) values (300515,5605,1,6.699,9.219);
Insert into LRM_POSITION (ID,ROAD_LINK_ID,SIDE_CODE,START_MEASURE,END_MEASURE) values (300517,5964,1,0,7.37);
Insert into LRM_POSITION (ID,ROAD_LINK_ID,SIDE_CODE,START_MEASURE,END_MEASURE) values (300518,5629,1,0,117.881);
Insert into LRM_POSITION (ID,ROAD_LINK_ID,SIDE_CODE,START_MEASURE,END_MEASURE) values (300520,5825,1,0,238.179);
Insert into LRM_POSITION (ID,ROAD_LINK_ID,SIDE_CODE,START_MEASURE,END_MEASURE) values (300521,5634,1,0,112.948);
Insert into LRM_POSITION (ID,ROAD_LINK_ID,SIDE_CODE,START_MEASURE,END_MEASURE) values (300522,5726,1,0,79.691);
Insert into LRM_POSITION (ID,ROAD_LINK_ID,SIDE_CODE,START_MEASURE,END_MEASURE) values (300524,5610,1,0,55.354);
Insert into LRM_POSITION (ID,ROAD_LINK_ID,SIDE_CODE,START_MEASURE,END_MEASURE) values (300526,5827,1,0,47.14);
Insert into LRM_POSITION (ID,ROAD_LINK_ID,SIDE_CODE,START_MEASURE,END_MEASURE) values (300528,5901,1,9.612,11.113);
Insert into LRM_POSITION (ID,ROAD_LINK_ID,SIDE_CODE,START_MEASURE,END_MEASURE) values (300530,5559,1,0,1.508);
Insert into LRM_POSITION (ID,ROAD_LINK_ID,SIDE_CODE,START_MEASURE,END_MEASURE) values (300532,5901,1,7.772,9.612);
Insert into LRM_POSITION (ID,ROAD_LINK_ID,SIDE_CODE,START_MEASURE,END_MEASURE) values (300534,5559,1,1.508,5.065);
Insert into LRM_POSITION (ID,ROAD_LINK_ID,SIDE_CODE,START_MEASURE,END_MEASURE) values (300536,5571,1,0,147.193);
Insert into LRM_POSITION (ID,ROAD_LINK_ID,SIDE_CODE,START_MEASURE,END_MEASURE) values (300538,5555,1,0,85.96);
Insert into LRM_POSITION (ID,ROAD_LINK_ID,SIDE_CODE,START_MEASURE,END_MEASURE) values (300539,5758,1,0,56.351);
Insert into LRM_POSITION (ID,ROAD_LINK_ID,SIDE_CODE,START_MEASURE,END_MEASURE) values (300541,5544,1,0,198.297);
Insert into LRM_POSITION (ID,ROAD_LINK_ID,SIDE_CODE,START_MEASURE,END_MEASURE) values (300542,5809,1,72.435,170.926);
Insert into LRM_POSITION (ID,ROAD_LINK_ID,SIDE_CODE,START_MEASURE,END_MEASURE) values (300544,5809,1,38.392,72.435);
Insert into LRM_POSITION (ID,ROAD_LINK_ID,SIDE_CODE,START_MEASURE,END_MEASURE) values (300546,5600,1,0,106.719);
Insert into LRM_POSITION (ID,ROAD_LINK_ID,SIDE_CODE,START_MEASURE,END_MEASURE) values (300548,5896,1,3.825,95.416);
Insert into LRM_POSITION (ID,ROAD_LINK_ID,SIDE_CODE,START_MEASURE,END_MEASURE) values (300549,5919,1,0,51.184);
Insert into LRM_POSITION (ID,ROAD_LINK_ID,SIDE_CODE,START_MEASURE,END_MEASURE) values (300551,5982,1,0,220.876);
Insert into LRM_POSITION (ID,ROAD_LINK_ID,SIDE_CODE,START_MEASURE,END_MEASURE) values (300553,5947,1,2.27,103.646);
Insert into LRM_POSITION (ID,ROAD_LINK_ID,SIDE_CODE,START_MEASURE,END_MEASURE) values (300555,5907,1,0,82.772);
Insert into LRM_POSITION (ID,ROAD_LINK_ID,SIDE_CODE,START_MEASURE,END_MEASURE) values (300557,6000,1,0,94.078);
Insert into LRM_POSITION (ID,ROAD_LINK_ID,SIDE_CODE,START_MEASURE,END_MEASURE) values (300559,5787,1,0,10.142);
Insert into LRM_POSITION (ID,ROAD_LINK_ID,SIDE_CODE,START_MEASURE,END_MEASURE) values (300561,2148009,1,0,53.908);
Insert into LRM_POSITION (ID,ROAD_LINK_ID,SIDE_CODE,START_MEASURE,END_MEASURE) values (300563,5540,1,0,59.614);
Insert into LRM_POSITION (ID,ROAD_LINK_ID,SIDE_CODE,START_MEASURE,END_MEASURE) values (300565,5569,1,5.251,12.834);
Insert into LRM_POSITION (ID,ROAD_LINK_ID,SIDE_CODE,START_MEASURE,END_MEASURE) values (300567,5573,1,0,42.619);
Insert into LRM_POSITION (ID,ROAD_LINK_ID,SIDE_CODE,START_MEASURE,END_MEASURE) values (300569,5576,1,0,37.981);
Insert into LRM_POSITION (ID,ROAD_LINK_ID,SIDE_CODE,START_MEASURE,END_MEASURE) values (300570,5612,1,0,143.713);
Insert into LRM_POSITION (ID,ROAD_LINK_ID,SIDE_CODE,START_MEASURE,END_MEASURE) values (300571,5735,1,0,161.145);
Insert into LRM_POSITION (ID,ROAD_LINK_ID,SIDE_CODE,START_MEASURE,END_MEASURE) values (300572,5534,1,0,5.115);
Insert into LRM_POSITION (ID,ROAD_LINK_ID,SIDE_CODE,START_MEASURE,END_MEASURE) values (300573,5993,1,0,37.133);
Insert into LRM_POSITION (ID,ROAD_LINK_ID,SIDE_CODE,START_MEASURE,END_MEASURE) values (300574,5578,1,0,194.973);
Insert into LRM_POSITION (ID,ROAD_LINK_ID,SIDE_CODE,START_MEASURE,END_MEASURE) values (300575,2499887,1,0,87.638);
Insert into LRM_POSITION (ID,ROAD_LINK_ID,SIDE_CODE,START_MEASURE,END_MEASURE) values (300576,5535,1,0,101.079);
Insert into LRM_POSITION (ID,ROAD_LINK_ID,SIDE_CODE,START_MEASURE,END_MEASURE) values (300577,5679,1,0,89.503);
Insert into LRM_POSITION (ID,ROAD_LINK_ID,SIDE_CODE,START_MEASURE,END_MEASURE) values (300579,1913686,1,0,2.379);
Insert into LRM_POSITION (ID,ROAD_LINK_ID,SIDE_CODE,START_MEASURE,END_MEASURE) values (300581,5534,1,7.533,9.701);
Insert into LRM_POSITION (ID,ROAD_LINK_ID,SIDE_CODE,START_MEASURE,END_MEASURE) values (300583,1913686,1,2.379,3.739);
Insert into LRM_POSITION (ID,ROAD_LINK_ID,SIDE_CODE,START_MEASURE,END_MEASURE) values (300585,5534,1,5.115,7.533);
Insert into LRM_POSITION (ID,ROAD_LINK_ID,SIDE_CODE,START_MEASURE,END_MEASURE) values (300587,5936,1,0,8.957);
Insert into LRM_POSITION (ID,ROAD_LINK_ID,SIDE_CODE,START_MEASURE,END_MEASURE) values (300667,5970,1,0,28.442);
Insert into LRM_POSITION (ID,ROAD_LINK_ID,SIDE_CODE,START_MEASURE,END_MEASURE) values (300668,5935,1,2.238,93.003);
Insert into LRM_POSITION (ID,ROAD_LINK_ID,SIDE_CODE,START_MEASURE,END_MEASURE) values (300670,5659,1,0,101.561);
Insert into LRM_POSITION (ID,ROAD_LINK_ID,SIDE_CODE,START_MEASURE,END_MEASURE) values (300671,5529,1,0,122.916);
Insert into LRM_POSITION (ID,ROAD_LINK_ID,SIDE_CODE,START_MEASURE,END_MEASURE) values (300672,5824,1,0,276.175);
Insert into LRM_POSITION (ID,ROAD_LINK_ID,SIDE_CODE,START_MEASURE,END_MEASURE) values (300674,2100084,1,0,104.818);
Insert into LRM_POSITION (ID,ROAD_LINK_ID,SIDE_CODE,START_MEASURE,END_MEASURE) values (300676,2414738,1,0,7.512);
Insert into LRM_POSITION (ID,ROAD_LINK_ID,SIDE_CODE,START_MEASURE,END_MEASURE) values (300696,2499866,1,0,136.04);
Insert into LRM_POSITION (ID,ROAD_LINK_ID,SIDE_CODE,START_MEASURE,END_MEASURE) values (300700,2148024,1,7.812,52.929);
Insert into LRM_POSITION (ID,ROAD_LINK_ID,SIDE_CODE,START_MEASURE,END_MEASURE) values (300704,5652,1,0,68.232);
Insert into LRM_POSITION (ID,ROAD_LINK_ID,SIDE_CODE,START_MEASURE,END_MEASURE) values (300765,2446571,2,0,125.783);
Insert into LRM_POSITION (ID,ROAD_LINK_ID,SIDE_CODE,START_MEASURE,END_MEASURE) values (300805,5681,3,0,26.084);
Insert into LRM_POSITION (ID,ROAD_LINK_ID,SIDE_CODE,START_MEASURE,END_MEASURE) values (300807,5551,3,0,48.91);
Insert into LRM_POSITION (ID,ROAD_LINK_ID,SIDE_CODE,START_MEASURE,END_MEASURE) values (300809,5623,2,0,23.214);
Insert into LRM_POSITION (ID,ROAD_LINK_ID,SIDE_CODE,START_MEASURE,END_MEASURE) values (300811,5709,2,0,41.142);
Insert into LRM_POSITION (ID,ROAD_LINK_ID,SIDE_CODE,START_MEASURE,END_MEASURE) values (300813,5728,1,0,100.609);
Insert into LRM_POSITION (ID,ROAD_LINK_ID,SIDE_CODE,START_MEASURE,END_MEASURE) values (300815,5771,1,0,30.421);
Insert into LRM_POSITION (ID,ROAD_LINK_ID,SIDE_CODE,START_MEASURE,END_MEASURE) values (300817,5900,1,0,223.439);
Insert into LRM_POSITION (ID,ROAD_LINK_ID,SIDE_CODE,START_MEASURE,END_MEASURE) values (300819,5954,1,0,14.626);
Insert into LRM_POSITION (ID,ROAD_LINK_ID,SIDE_CODE,START_MEASURE,END_MEASURE) values (300820,2336501,1,0,51.768);
Insert into LRM_POSITION (ID,ROAD_LINK_ID,SIDE_CODE,START_MEASURE,END_MEASURE) values (300823,5864,1,2.599,15.077);
Insert into LRM_POSITION (ID,ROAD_LINK_ID,SIDE_CODE,START_MEASURE,END_MEASURE) values (300825,5785,1,0,16.332);
Insert into LRM_POSITION (ID,ROAD_LINK_ID,SIDE_CODE,START_MEASURE,END_MEASURE) values (300827,5760,1,0,115.022);
Insert into LRM_POSITION (ID,ROAD_LINK_ID,SIDE_CODE,START_MEASURE,END_MEASURE) values (300830,2148027,1,0,35.265);
Insert into LRM_POSITION (ID,ROAD_LINK_ID,SIDE_CODE,START_MEASURE,END_MEASURE) values (300832,2574341,1,0,7.019);
Insert into LRM_POSITION (ID,ROAD_LINK_ID,SIDE_CODE,START_MEASURE,END_MEASURE) values (300834,2574317,1,9.145,136.063);
Insert into LRM_POSITION (ID,ROAD_LINK_ID,SIDE_CODE,START_MEASURE,END_MEASURE) values (300836,2574342,1,0,107.455);
Insert into LRM_POSITION (ID,ROAD_LINK_ID,SIDE_CODE,START_MEASURE,END_MEASURE) values (300838,5552,1,0,141.841);
Insert into LRM_POSITION (ID,ROAD_LINK_ID,SIDE_CODE,START_MEASURE,END_MEASURE) values (300839,5890,1,0,139.693);

Insert into ASSET (ID,ASSET_TYPE_ID) values (300096,20);
Insert into ASSET (ID,ASSET_TYPE_ID) values (300098,20);
Insert into ASSET (ID,ASSET_TYPE_ID) values (300100,20);
Insert into ASSET (ID,ASSET_TYPE_ID) values (300102,20);
Insert into ASSET (ID,ASSET_TYPE_ID) values (300104,20);
Insert into ASSET (ID,ASSET_TYPE_ID) values (300112,20);
Insert into ASSET (ID,ASSET_TYPE_ID) values (300117,20);
Insert into ASSET (ID,ASSET_TYPE_ID) values (300120,20);
Insert into ASSET (ID,ASSET_TYPE_ID) values (300124,20);
Insert into ASSET (ID,ASSET_TYPE_ID) values (300106,20);
Insert into ASSET (ID,ASSET_TYPE_ID) values (300111,20);
Insert into ASSET (ID,ASSET_TYPE_ID) values (300114,20);
Insert into ASSET (ID,ASSET_TYPE_ID) values (300118,20);
Insert into ASSET (ID,ASSET_TYPE_ID) values (300123,20);
Insert into ASSET (ID,ASSET_TYPE_ID) values (300126,20);
Insert into ASSET (ID,ASSET_TYPE_ID) values (300130,20);
Insert into ASSET (ID,ASSET_TYPE_ID) values (300132,20);
Insert into ASSET (ID,ASSET_TYPE_ID) values (300134,20);
Insert into ASSET (ID,ASSET_TYPE_ID) values (300335,20);
Insert into ASSET (ID,ASSET_TYPE_ID) values (300341,20);
Insert into ASSET (ID,ASSET_TYPE_ID) values (300345,20);
Insert into ASSET (ID,ASSET_TYPE_ID) values (300349,20);
Insert into ASSET (ID,ASSET_TYPE_ID) values (300649,20);
Insert into ASSET (ID,ASSET_TYPE_ID) values (300653,20);
Insert into ASSET (ID,ASSET_TYPE_ID) values (300655,20);
Insert into ASSET (ID,ASSET_TYPE_ID) values (300658,20);
Insert into ASSET (ID,ASSET_TYPE_ID) values (300660,20);
Insert into ASSET (ID,ASSET_TYPE_ID) values (300662,20);
Insert into ASSET (ID,ASSET_TYPE_ID) values (300664,20);
Insert into ASSET (ID,ASSET_TYPE_ID) values (300677,20);
Insert into ASSET (ID,ASSET_TYPE_ID) values (300679,20);
Insert into ASSET (ID,ASSET_TYPE_ID) values (300681,20);
Insert into ASSET (ID,ASSET_TYPE_ID) values (300683,20);
Insert into ASSET (ID,ASSET_TYPE_ID) values (300707,20);
Insert into ASSET (ID,ASSET_TYPE_ID) values (300716,20);
Insert into ASSET (ID,ASSET_TYPE_ID) values (300720,20);
Insert into ASSET (ID,ASSET_TYPE_ID) values (300722,20);
Insert into ASSET (ID,ASSET_TYPE_ID) values (300724,20);
Insert into ASSET (ID,ASSET_TYPE_ID) values (300726,20);
Insert into ASSET (ID,ASSET_TYPE_ID) values (300728,20);
Insert into ASSET (ID,ASSET_TYPE_ID) values (300730,20);
Insert into ASSET (ID,ASSET_TYPE_ID) values (300732,20);
Insert into ASSET (ID,ASSET_TYPE_ID) values (300734,20);
Insert into ASSET (ID,ASSET_TYPE_ID) values (300736,20);
Insert into ASSET (ID,ASSET_TYPE_ID) values (300738,20);
Insert into ASSET (ID,ASSET_TYPE_ID) values (300752,20);
Insert into ASSET (ID,ASSET_TYPE_ID) values (300754,20);
Insert into ASSET (ID,ASSET_TYPE_ID) values (300822,20);
Insert into ASSET (ID,ASSET_TYPE_ID) values (300826,20);
Insert into ASSET (ID,ASSET_TYPE_ID) values (300845,20);
Insert into ASSET (ID,ASSET_TYPE_ID) values (300847,20);
Insert into ASSET (ID,ASSET_TYPE_ID) values (300851,20);
Insert into ASSET (ID,ASSET_TYPE_ID) values (300855,20);
Insert into ASSET (ID,ASSET_TYPE_ID) values (300858,20);
Insert into ASSET (ID,ASSET_TYPE_ID) values (300860,20);
Insert into ASSET (ID,ASSET_TYPE_ID) values (300862,20);
Insert into ASSET (ID,ASSET_TYPE_ID) values (300864,20);
Insert into ASSET (ID,ASSET_TYPE_ID) values (300866,20);
Insert into ASSET (ID,ASSET_TYPE_ID) values (300868,20);
Insert into ASSET (ID,ASSET_TYPE_ID) values (300870,20);
Insert into ASSET (ID,ASSET_TYPE_ID) values (300872,20);
Insert into ASSET (ID,ASSET_TYPE_ID) values (300878,20);
Insert into ASSET (ID,ASSET_TYPE_ID) values (300889,20);
Insert into ASSET (ID,ASSET_TYPE_ID) values (300891,20);
Insert into ASSET (ID,ASSET_TYPE_ID) values (300896,20);
Insert into ASSET (ID,ASSET_TYPE_ID) values (300898,20);
Insert into ASSET (ID,ASSET_TYPE_ID) values (300901,20);
Insert into ASSET (ID,ASSET_TYPE_ID) values (300903,20);
Insert into ASSET (ID,ASSET_TYPE_ID) values (300913,20);
Insert into ASSET (ID,ASSET_TYPE_ID) values (300915,20);
Insert into ASSET (ID,ASSET_TYPE_ID) values (300092,20);
Insert into ASSET (ID,ASSET_TYPE_ID) values (300094,20);
Insert into ASSET (ID,ASSET_TYPE_ID) values (300221,20);
Insert into ASSET (ID,ASSET_TYPE_ID) values (300231,20);
Insert into ASSET (ID,ASSET_TYPE_ID) values (300238,20);
Insert into ASSET (ID,ASSET_TYPE_ID) values (300588,20);
Insert into ASSET (ID,ASSET_TYPE_ID) values (300590,20);
Insert into ASSET (ID,ASSET_TYPE_ID) values (300594,20);
Insert into ASSET (ID,ASSET_TYPE_ID) values (300597,20);
Insert into ASSET (ID,ASSET_TYPE_ID) values (300600,20);
Insert into ASSET (ID,ASSET_TYPE_ID) values (300603,20);
Insert into ASSET (ID,ASSET_TYPE_ID) values (300624,20);
Insert into ASSET (ID,ASSET_TYPE_ID) values (300626,20);
Insert into ASSET (ID,ASSET_TYPE_ID) values (300628,20);
Insert into ASSET (ID,ASSET_TYPE_ID) values (300636,20);
Insert into ASSET (ID,ASSET_TYPE_ID) values (300638,20);
Insert into ASSET (ID,ASSET_TYPE_ID) values (300640,20);
Insert into ASSET (ID,ASSET_TYPE_ID) values (300642,20);
Insert into ASSET (ID,ASSET_TYPE_ID) values (300685,20);
Insert into ASSET (ID,ASSET_TYPE_ID) values (300687,20);
Insert into ASSET (ID,ASSET_TYPE_ID) values (300689,20);
Insert into ASSET (ID,ASSET_TYPE_ID) values (300691,20);
Insert into ASSET (ID,ASSET_TYPE_ID) values (300697,20);
Insert into ASSET (ID,ASSET_TYPE_ID) values (300701,20);
Insert into ASSET (ID,ASSET_TYPE_ID) values (300705,20);
Insert into ASSET (ID,ASSET_TYPE_ID) values (300756,20);
Insert into ASSET (ID,ASSET_TYPE_ID) values (300758,20);
Insert into ASSET (ID,ASSET_TYPE_ID) values (300760,20);
Insert into ASSET (ID,ASSET_TYPE_ID) values (300762,20);
Insert into ASSET (ID,ASSET_TYPE_ID) values (300772,20);
Insert into ASSET (ID,ASSET_TYPE_ID) values (300766,20);
Insert into ASSET (ID,ASSET_TYPE_ID) values (300770,20);
Insert into ASSET (ID,ASSET_TYPE_ID) values (300773,20);
Insert into ASSET (ID,ASSET_TYPE_ID) values (300777,20);
Insert into ASSET (ID,ASSET_TYPE_ID) values (300780,20);
Insert into ASSET (ID,ASSET_TYPE_ID) values (300782,20);
Insert into ASSET (ID,ASSET_TYPE_ID) values (300786,20);
Insert into ASSET (ID,ASSET_TYPE_ID) values (300789,20);
Insert into ASSET (ID,ASSET_TYPE_ID) values (300791,20);
Insert into ASSET (ID,ASSET_TYPE_ID) values (300793,20);
Insert into ASSET (ID,ASSET_TYPE_ID) values (300795,20);
Insert into ASSET (ID,ASSET_TYPE_ID) values (300797,20);
Insert into ASSET (ID,ASSET_TYPE_ID) values (300799,20);
Insert into ASSET (ID,ASSET_TYPE_ID) values (300802,20);
Insert into ASSET (ID,ASSET_TYPE_ID) values (300840,20);
Insert into ASSET (ID,ASSET_TYPE_ID) values (300842,20);
Insert into ASSET (ID,ASSET_TYPE_ID) values (300881,20);
Insert into ASSET (ID,ASSET_TYPE_ID) values (300883,20);
Insert into ASSET (ID,ASSET_TYPE_ID) values (300885,20);
Insert into ASSET (ID,ASSET_TYPE_ID) values (300887,20);
Insert into ASSET (ID,ASSET_TYPE_ID) values (300905,20);
Insert into ASSET (ID,ASSET_TYPE_ID) values (300907,20);
Insert into ASSET (ID,ASSET_TYPE_ID) values (300909,20);
Insert into ASSET (ID,ASSET_TYPE_ID) values (300911,20);
Insert into ASSET (ID,ASSET_TYPE_ID) values (300136,20);
Insert into ASSET (ID,ASSET_TYPE_ID) values (300138,20);
Insert into ASSET (ID,ASSET_TYPE_ID) values (300140,20);
Insert into ASSET (ID,ASSET_TYPE_ID) values (300142,20);
Insert into ASSET (ID,ASSET_TYPE_ID) values (300144,20);
Insert into ASSET (ID,ASSET_TYPE_ID) values (300147,20);
Insert into ASSET (ID,ASSET_TYPE_ID) values (300149,20);
Insert into ASSET (ID,ASSET_TYPE_ID) values (300151,20);
Insert into ASSET (ID,ASSET_TYPE_ID) values (300153,20);
Insert into ASSET (ID,ASSET_TYPE_ID) values (300156,20);
Insert into ASSET (ID,ASSET_TYPE_ID) values (300158,20);
Insert into ASSET (ID,ASSET_TYPE_ID) values (300160,20);
Insert into ASSET (ID,ASSET_TYPE_ID) values (300164,20);
Insert into ASSET (ID,ASSET_TYPE_ID) values (300166,20);
Insert into ASSET (ID,ASSET_TYPE_ID) values (300168,20);
Insert into ASSET (ID,ASSET_TYPE_ID) values (300170,20);
Insert into ASSET (ID,ASSET_TYPE_ID) values (300173,20);
Insert into ASSET (ID,ASSET_TYPE_ID) values (300175,20);
Insert into ASSET (ID,ASSET_TYPE_ID) values (300177,20);
Insert into ASSET (ID,ASSET_TYPE_ID) values (300179,20);
Insert into ASSET (ID,ASSET_TYPE_ID) values (300181,20);
Insert into ASSET (ID,ASSET_TYPE_ID) values (300183,20);
Insert into ASSET (ID,ASSET_TYPE_ID) values (300185,20);
Insert into ASSET (ID,ASSET_TYPE_ID) values (300187,20);
Insert into ASSET (ID,ASSET_TYPE_ID) values (300189,20);
Insert into ASSET (ID,ASSET_TYPE_ID) values (300191,20);
Insert into ASSET (ID,ASSET_TYPE_ID) values (300193,20);
Insert into ASSET (ID,ASSET_TYPE_ID) values (300195,20);
Insert into ASSET (ID,ASSET_TYPE_ID) values (300197,20);
Insert into ASSET (ID,ASSET_TYPE_ID) values (300199,20);
Insert into ASSET (ID,ASSET_TYPE_ID) values (300201,20);
Insert into ASSET (ID,ASSET_TYPE_ID) values (300203,20);
Insert into ASSET (ID,ASSET_TYPE_ID) values (300205,20);
Insert into ASSET (ID,ASSET_TYPE_ID) values (300207,20);
Insert into ASSET (ID,ASSET_TYPE_ID) values (300209,20);
Insert into ASSET (ID,ASSET_TYPE_ID) values (300211,20);
Insert into ASSET (ID,ASSET_TYPE_ID) values (300213,20);
Insert into ASSET (ID,ASSET_TYPE_ID) values (300215,20);
Insert into ASSET (ID,ASSET_TYPE_ID) values (300218,20);
Insert into ASSET (ID,ASSET_TYPE_ID) values (300220,20);
Insert into ASSET (ID,ASSET_TYPE_ID) values (300224,20);
Insert into ASSET (ID,ASSET_TYPE_ID) values (300228,20);
Insert into ASSET (ID,ASSET_TYPE_ID) values (300232,20);
Insert into ASSET (ID,ASSET_TYPE_ID) values (300235,20);
Insert into ASSET (ID,ASSET_TYPE_ID) values (300241,20);
Insert into ASSET (ID,ASSET_TYPE_ID) values (300244,20);
Insert into ASSET (ID,ASSET_TYPE_ID) values (300247,20);
Insert into ASSET (ID,ASSET_TYPE_ID) values (300249,20);
Insert into ASSET (ID,ASSET_TYPE_ID) values (300251,20);
Insert into ASSET (ID,ASSET_TYPE_ID) values (300255,20);
Insert into ASSET (ID,ASSET_TYPE_ID) values (300257,20);
Insert into ASSET (ID,ASSET_TYPE_ID) values (300260,20);
Insert into ASSET (ID,ASSET_TYPE_ID) values (300263,20);
Insert into ASSET (ID,ASSET_TYPE_ID) values (300265,20);
Insert into ASSET (ID,ASSET_TYPE_ID) values (300267,20);
Insert into ASSET (ID,ASSET_TYPE_ID) values (300270,20);
Insert into ASSET (ID,ASSET_TYPE_ID) values (300272,20);
Insert into ASSET (ID,ASSET_TYPE_ID) values (300277,20);
Insert into ASSET (ID,ASSET_TYPE_ID) values (300279,20);
Insert into ASSET (ID,ASSET_TYPE_ID) values (300281,20);
Insert into ASSET (ID,ASSET_TYPE_ID) values (300286,20);
Insert into ASSET (ID,ASSET_TYPE_ID) values (300288,20);
Insert into ASSET (ID,ASSET_TYPE_ID) values (300290,20);
Insert into ASSET (ID,ASSET_TYPE_ID) values (300294,20);
Insert into ASSET (ID,ASSET_TYPE_ID) values (300296,20);
Insert into ASSET (ID,ASSET_TYPE_ID) values (300301,20);
Insert into ASSET (ID,ASSET_TYPE_ID) values (300303,20);
Insert into ASSET (ID,ASSET_TYPE_ID) values (300305,20);
Insert into ASSET (ID,ASSET_TYPE_ID) values (300309,20);
Insert into ASSET (ID,ASSET_TYPE_ID) values (300312,20);
Insert into ASSET (ID,ASSET_TYPE_ID) values (300317,20);
Insert into ASSET (ID,ASSET_TYPE_ID) values (300319,20);
Insert into ASSET (ID,ASSET_TYPE_ID) values (300321,20);
Insert into ASSET (ID,ASSET_TYPE_ID) values (300323,20);
Insert into ASSET (ID,ASSET_TYPE_ID) values (300329,20);
Insert into ASSET (ID,ASSET_TYPE_ID) values (300331,20);
Insert into ASSET (ID,ASSET_TYPE_ID) values (300342,20);
Insert into ASSET (ID,ASSET_TYPE_ID) values (300354,20);
Insert into ASSET (ID,ASSET_TYPE_ID) values (300356,20);
Insert into ASSET (ID,ASSET_TYPE_ID) values (300358,20);
Insert into ASSET (ID,ASSET_TYPE_ID) values (300360,20);
Insert into ASSET (ID,ASSET_TYPE_ID) values (300362,20);
Insert into ASSET (ID,ASSET_TYPE_ID) values (300366,20);
Insert into ASSET (ID,ASSET_TYPE_ID) values (300368,20);
Insert into ASSET (ID,ASSET_TYPE_ID) values (300370,20);
Insert into ASSET (ID,ASSET_TYPE_ID) values (300374,20);
Insert into ASSET (ID,ASSET_TYPE_ID) values (300382,20);
Insert into ASSET (ID,ASSET_TYPE_ID) values (300385,20);
Insert into ASSET (ID,ASSET_TYPE_ID) values (300387,20);
Insert into ASSET (ID,ASSET_TYPE_ID) values (300390,20);
Insert into ASSET (ID,ASSET_TYPE_ID) values (300392,20);
Insert into ASSET (ID,ASSET_TYPE_ID) values (300394,20);
Insert into ASSET (ID,ASSET_TYPE_ID) values (300405,20);
Insert into ASSET (ID,ASSET_TYPE_ID) values (300407,20);
Insert into ASSET (ID,ASSET_TYPE_ID) values (300409,20);
Insert into ASSET (ID,ASSET_TYPE_ID) values (300411,20);
Insert into ASSET (ID,ASSET_TYPE_ID) values (300413,20);
Insert into ASSET (ID,ASSET_TYPE_ID) values (300415,20);
Insert into ASSET (ID,ASSET_TYPE_ID) values (300417,20);
Insert into ASSET (ID,ASSET_TYPE_ID) values (300419,20);
Insert into ASSET (ID,ASSET_TYPE_ID) values (300422,20);
Insert into ASSET (ID,ASSET_TYPE_ID) values (300430,20);
Insert into ASSET (ID,ASSET_TYPE_ID) values (300432,20);
Insert into ASSET (ID,ASSET_TYPE_ID) values (300434,20);
Insert into ASSET (ID,ASSET_TYPE_ID) values (300437,20);
Insert into ASSET (ID,ASSET_TYPE_ID) values (300449,20);
Insert into ASSET (ID,ASSET_TYPE_ID) values (300451,20);
Insert into ASSET (ID,ASSET_TYPE_ID) values (300453,20);
Insert into ASSET (ID,ASSET_TYPE_ID) values (300456,20);
Insert into ASSET (ID,ASSET_TYPE_ID) values (300459,20);
Insert into ASSET (ID,ASSET_TYPE_ID) values (300462,20);
Insert into ASSET (ID,ASSET_TYPE_ID) values (300464,20);
Insert into ASSET (ID,ASSET_TYPE_ID) values (300466,20);
Insert into ASSET (ID,ASSET_TYPE_ID) values (300469,20);
Insert into ASSET (ID,ASSET_TYPE_ID) values (300471,20);
Insert into ASSET (ID,ASSET_TYPE_ID) values (300473,20);
Insert into ASSET (ID,ASSET_TYPE_ID) values (300476,20);
Insert into ASSET (ID,ASSET_TYPE_ID) values (300481,20);
Insert into ASSET (ID,ASSET_TYPE_ID) values (300483,20);
Insert into ASSET (ID,ASSET_TYPE_ID) values (300486,20);
Insert into ASSET (ID,ASSET_TYPE_ID) values (300488,20);
Insert into ASSET (ID,ASSET_TYPE_ID) values (300490,20);
Insert into ASSET (ID,ASSET_TYPE_ID) values (300494,20);
Insert into ASSET (ID,ASSET_TYPE_ID) values (300505,20);
Insert into ASSET (ID,ASSET_TYPE_ID) values (300507,20);
Insert into ASSET (ID,ASSET_TYPE_ID) values (300509,20);
Insert into ASSET (ID,ASSET_TYPE_ID) values (300514,20);
Insert into ASSET (ID,ASSET_TYPE_ID) values (300516,20);
Insert into ASSET (ID,ASSET_TYPE_ID) values (300519,20);
Insert into ASSET (ID,ASSET_TYPE_ID) values (300523,20);
Insert into ASSET (ID,ASSET_TYPE_ID) values (300525,20);
Insert into ASSET (ID,ASSET_TYPE_ID) values (300527,20);
Insert into ASSET (ID,ASSET_TYPE_ID) values (300529,20);
Insert into ASSET (ID,ASSET_TYPE_ID) values (300531,20);
Insert into ASSET (ID,ASSET_TYPE_ID) values (300533,20);
Insert into ASSET (ID,ASSET_TYPE_ID) values (300535,20);
Insert into ASSET (ID,ASSET_TYPE_ID) values (300537,20);
Insert into ASSET (ID,ASSET_TYPE_ID) values (300540,20);
Insert into ASSET (ID,ASSET_TYPE_ID) values (300543,20);
Insert into ASSET (ID,ASSET_TYPE_ID) values (300545,20);
Insert into ASSET (ID,ASSET_TYPE_ID) values (300547,20);
Insert into ASSET (ID,ASSET_TYPE_ID) values (300550,20);
Insert into ASSET (ID,ASSET_TYPE_ID) values (300552,20);
Insert into ASSET (ID,ASSET_TYPE_ID) values (300554,20);
Insert into ASSET (ID,ASSET_TYPE_ID) values (300556,20);
Insert into ASSET (ID,ASSET_TYPE_ID) values (300558,20);
Insert into ASSET (ID,ASSET_TYPE_ID) values (300560,20);
Insert into ASSET (ID,ASSET_TYPE_ID) values (300562,20);
Insert into ASSET (ID,ASSET_TYPE_ID) values (300564,20);
Insert into ASSET (ID,ASSET_TYPE_ID) values (300566,20);
Insert into ASSET (ID,ASSET_TYPE_ID) values (300568,20);
Insert into ASSET (ID,ASSET_TYPE_ID) values (300578,20);
Insert into ASSET (ID,ASSET_TYPE_ID) values (300580,20);
Insert into ASSET (ID,ASSET_TYPE_ID) values (300582,20);
Insert into ASSET (ID,ASSET_TYPE_ID) values (300584,20);
Insert into ASSET (ID,ASSET_TYPE_ID) values (300666,20);
Insert into ASSET (ID,ASSET_TYPE_ID) values (300669,20);
Insert into ASSET (ID,ASSET_TYPE_ID) values (300673,20);
Insert into ASSET (ID,ASSET_TYPE_ID) values (300804,20);
Insert into ASSET (ID,ASSET_TYPE_ID) values (300806,20);
Insert into ASSET (ID,ASSET_TYPE_ID) values (300808,20);
Insert into ASSET (ID,ASSET_TYPE_ID) values (300810,20);
Insert into ASSET (ID,ASSET_TYPE_ID) values (300812,20);
Insert into ASSET (ID,ASSET_TYPE_ID) values (300814,20);
Insert into ASSET (ID,ASSET_TYPE_ID) values (300816,20);
Insert into ASSET (ID,ASSET_TYPE_ID) values (300818,20);
Insert into ASSET (ID,ASSET_TYPE_ID) values (300821,20);
Insert into ASSET (ID,ASSET_TYPE_ID) values (300829,20);
Insert into ASSET (ID,ASSET_TYPE_ID) values (300831,20);
Insert into ASSET (ID,ASSET_TYPE_ID) values (300833,20);
Insert into ASSET (ID,ASSET_TYPE_ID) values (300835,20);
Insert into ASSET (ID,ASSET_TYPE_ID) values (300837,20);
Insert into ASSET (ID,ASSET_TYPE_ID) values (300586,20);
Insert into ASSET (ID,ASSET_TYPE_ID) values (300675,20);
Insert into ASSET (ID,ASSET_TYPE_ID) values (300695,20);
Insert into ASSET (ID,ASSET_TYPE_ID) values (300698,20);
Insert into ASSET (ID,ASSET_TYPE_ID) values (300702,20);
Insert into ASSET (ID,ASSET_TYPE_ID) values (300764,20);

Insert into ASSET_LINK (ASSET_ID,POSITION_ID) values (300096,300097);
Insert into ASSET_LINK (ASSET_ID,POSITION_ID) values (300098,300099);
Insert into ASSET_LINK (ASSET_ID,POSITION_ID) values (300100,300101);
Insert into ASSET_LINK (ASSET_ID,POSITION_ID) values (300102,300103);
Insert into ASSET_LINK (ASSET_ID,POSITION_ID) values (300104,300105);
Insert into ASSET_LINK (ASSET_ID,POSITION_ID) values (300104,300107);
Insert into ASSET_LINK (ASSET_ID,POSITION_ID) values (300104,300109);
Insert into ASSET_LINK (ASSET_ID,POSITION_ID) values (300104,300110);
Insert into ASSET_LINK (ASSET_ID,POSITION_ID) values (300112,300115);
Insert into ASSET_LINK (ASSET_ID,POSITION_ID) values (300117,300119);
Insert into ASSET_LINK (ASSET_ID,POSITION_ID) values (300120,300122);
Insert into ASSET_LINK (ASSET_ID,POSITION_ID) values (300124,300127);
Insert into ASSET_LINK (ASSET_ID,POSITION_ID) values (300124,300128);
Insert into ASSET_LINK (ASSET_ID,POSITION_ID) values (300106,300108);
Insert into ASSET_LINK (ASSET_ID,POSITION_ID) values (300111,300113);
Insert into ASSET_LINK (ASSET_ID,POSITION_ID) values (300114,300116);
Insert into ASSET_LINK (ASSET_ID,POSITION_ID) values (300118,300121);
Insert into ASSET_LINK (ASSET_ID,POSITION_ID) values (300123,300125);
Insert into ASSET_LINK (ASSET_ID,POSITION_ID) values (300126,300129);
Insert into ASSET_LINK (ASSET_ID,POSITION_ID) values (300130,300131);
Insert into ASSET_LINK (ASSET_ID,POSITION_ID) values (300132,300133);
Insert into ASSET_LINK (ASSET_ID,POSITION_ID) values (300134,300135);
Insert into ASSET_LINK (ASSET_ID,POSITION_ID) values (300335,300337);
Insert into ASSET_LINK (ASSET_ID,POSITION_ID) values (300335,300339);
Insert into ASSET_LINK (ASSET_ID,POSITION_ID) values (300341,300343);
Insert into ASSET_LINK (ASSET_ID,POSITION_ID) values (300345,300347);
Insert into ASSET_LINK (ASSET_ID,POSITION_ID) values (300349,300351);
Insert into ASSET_LINK (ASSET_ID,POSITION_ID) values (300649,300650);
Insert into ASSET_LINK (ASSET_ID,POSITION_ID) values (300649,300651);
Insert into ASSET_LINK (ASSET_ID,POSITION_ID) values (300649,300652);
Insert into ASSET_LINK (ASSET_ID,POSITION_ID) values (300653,300654);
Insert into ASSET_LINK (ASSET_ID,POSITION_ID) values (300655,300656);
Insert into ASSET_LINK (ASSET_ID,POSITION_ID) values (300655,300657);
Insert into ASSET_LINK (ASSET_ID,POSITION_ID) values (300658,300659);
Insert into ASSET_LINK (ASSET_ID,POSITION_ID) values (300660,300661);
Insert into ASSET_LINK (ASSET_ID,POSITION_ID) values (300662,300663);
Insert into ASSET_LINK (ASSET_ID,POSITION_ID) values (300664,300665);
Insert into ASSET_LINK (ASSET_ID,POSITION_ID) values (300677,300678);
Insert into ASSET_LINK (ASSET_ID,POSITION_ID) values (300679,300680);
Insert into ASSET_LINK (ASSET_ID,POSITION_ID) values (300681,300682);
Insert into ASSET_LINK (ASSET_ID,POSITION_ID) values (300683,300684);
Insert into ASSET_LINK (ASSET_ID,POSITION_ID) values (300707,300708);
Insert into ASSET_LINK (ASSET_ID,POSITION_ID) values (300707,300709);
Insert into ASSET_LINK (ASSET_ID,POSITION_ID) values (300707,300710);
Insert into ASSET_LINK (ASSET_ID,POSITION_ID) values (300707,300711);
Insert into ASSET_LINK (ASSET_ID,POSITION_ID) values (300707,300712);
Insert into ASSET_LINK (ASSET_ID,POSITION_ID) values (300707,300713);
Insert into ASSET_LINK (ASSET_ID,POSITION_ID) values (300707,300714);
Insert into ASSET_LINK (ASSET_ID,POSITION_ID) values (300707,300715);
Insert into ASSET_LINK (ASSET_ID,POSITION_ID) values (300716,300717);
Insert into ASSET_LINK (ASSET_ID,POSITION_ID) values (300716,300718);
Insert into ASSET_LINK (ASSET_ID,POSITION_ID) values (300716,300719);
Insert into ASSET_LINK (ASSET_ID,POSITION_ID) values (300720,300721);
Insert into ASSET_LINK (ASSET_ID,POSITION_ID) values (300722,300723);
Insert into ASSET_LINK (ASSET_ID,POSITION_ID) values (300724,300725);
Insert into ASSET_LINK (ASSET_ID,POSITION_ID) values (300726,300727);
Insert into ASSET_LINK (ASSET_ID,POSITION_ID) values (300728,300729);
Insert into ASSET_LINK (ASSET_ID,POSITION_ID) values (300730,300731);
Insert into ASSET_LINK (ASSET_ID,POSITION_ID) values (300732,300733);
Insert into ASSET_LINK (ASSET_ID,POSITION_ID) values (300734,300735);
Insert into ASSET_LINK (ASSET_ID,POSITION_ID) values (300736,300737);
Insert into ASSET_LINK (ASSET_ID,POSITION_ID) values (300738,300739);
Insert into ASSET_LINK (ASSET_ID,POSITION_ID) values (300738,300740);
Insert into ASSET_LINK (ASSET_ID,POSITION_ID) values (300738,300741);
Insert into ASSET_LINK (ASSET_ID,POSITION_ID) values (300738,300742);
Insert into ASSET_LINK (ASSET_ID,POSITION_ID) values (300738,300743);
Insert into ASSET_LINK (ASSET_ID,POSITION_ID) values (300738,300744);
Insert into ASSET_LINK (ASSET_ID,POSITION_ID) values (300738,300745);
Insert into ASSET_LINK (ASSET_ID,POSITION_ID) values (300738,300746);
Insert into ASSET_LINK (ASSET_ID,POSITION_ID) values (300738,300747);
Insert into ASSET_LINK (ASSET_ID,POSITION_ID) values (300738,300748);
Insert into ASSET_LINK (ASSET_ID,POSITION_ID) values (300738,300749);
Insert into ASSET_LINK (ASSET_ID,POSITION_ID) values (300738,300750);
Insert into ASSET_LINK (ASSET_ID,POSITION_ID) values (300738,300751);
Insert into ASSET_LINK (ASSET_ID,POSITION_ID) values (300752,300753);
Insert into ASSET_LINK (ASSET_ID,POSITION_ID) values (300754,300755);
Insert into ASSET_LINK (ASSET_ID,POSITION_ID) values (300822,300824);
Insert into ASSET_LINK (ASSET_ID,POSITION_ID) values (300826,300828);
Insert into ASSET_LINK (ASSET_ID,POSITION_ID) values (300845,300846);
Insert into ASSET_LINK (ASSET_ID,POSITION_ID) values (300847,300848);
Insert into ASSET_LINK (ASSET_ID,POSITION_ID) values (300847,300849);
Insert into ASSET_LINK (ASSET_ID,POSITION_ID) values (300847,300850);
Insert into ASSET_LINK (ASSET_ID,POSITION_ID) values (300851,300852);
Insert into ASSET_LINK (ASSET_ID,POSITION_ID) values (300851,300853);
Insert into ASSET_LINK (ASSET_ID,POSITION_ID) values (300851,300854);
Insert into ASSET_LINK (ASSET_ID,POSITION_ID) values (300855,300856);
Insert into ASSET_LINK (ASSET_ID,POSITION_ID) values (300855,300857);
Insert into ASSET_LINK (ASSET_ID,POSITION_ID) values (300858,300859);
Insert into ASSET_LINK (ASSET_ID,POSITION_ID) values (300860,300861);
Insert into ASSET_LINK (ASSET_ID,POSITION_ID) values (300862,300863);
Insert into ASSET_LINK (ASSET_ID,POSITION_ID) values (300864,300865);
Insert into ASSET_LINK (ASSET_ID,POSITION_ID) values (300866,300867);
Insert into ASSET_LINK (ASSET_ID,POSITION_ID) values (300868,300869);
Insert into ASSET_LINK (ASSET_ID,POSITION_ID) values (300870,300871);
Insert into ASSET_LINK (ASSET_ID,POSITION_ID) values (300872,300873);
Insert into ASSET_LINK (ASSET_ID,POSITION_ID) values (300872,300874);
Insert into ASSET_LINK (ASSET_ID,POSITION_ID) values (300872,300875);
Insert into ASSET_LINK (ASSET_ID,POSITION_ID) values (300872,300876);
Insert into ASSET_LINK (ASSET_ID,POSITION_ID) values (300872,300877);
Insert into ASSET_LINK (ASSET_ID,POSITION_ID) values (300878,300879);
Insert into ASSET_LINK (ASSET_ID,POSITION_ID) values (300878,300880);
Insert into ASSET_LINK (ASSET_ID,POSITION_ID) values (300889,300890);
Insert into ASSET_LINK (ASSET_ID,POSITION_ID) values (300891,300892);
Insert into ASSET_LINK (ASSET_ID,POSITION_ID) values (300891,300893);
Insert into ASSET_LINK (ASSET_ID,POSITION_ID) values (300891,300894);
Insert into ASSET_LINK (ASSET_ID,POSITION_ID) values (300891,300895);
Insert into ASSET_LINK (ASSET_ID,POSITION_ID) values (300896,300897);
Insert into ASSET_LINK (ASSET_ID,POSITION_ID) values (300898,300899);
Insert into ASSET_LINK (ASSET_ID,POSITION_ID) values (300898,300900);
Insert into ASSET_LINK (ASSET_ID,POSITION_ID) values (300901,300902);
Insert into ASSET_LINK (ASSET_ID,POSITION_ID) values (300903,300904);
Insert into ASSET_LINK (ASSET_ID,POSITION_ID) values (300913,300914);
Insert into ASSET_LINK (ASSET_ID,POSITION_ID) values (300915,300916);
Insert into ASSET_LINK (ASSET_ID,POSITION_ID) values (300092,300093);
Insert into ASSET_LINK (ASSET_ID,POSITION_ID) values (300094,300095);
Insert into ASSET_LINK (ASSET_ID,POSITION_ID) values (300221,300223);
Insert into ASSET_LINK (ASSET_ID,POSITION_ID) values (300221,300225);
Insert into ASSET_LINK (ASSET_ID,POSITION_ID) values (300221,300227);
Insert into ASSET_LINK (ASSET_ID,POSITION_ID) values (300221,300229);
Insert into ASSET_LINK (ASSET_ID,POSITION_ID) values (300231,300233);
Insert into ASSET_LINK (ASSET_ID,POSITION_ID) values (300231,300236);
Insert into ASSET_LINK (ASSET_ID,POSITION_ID) values (300238,300240);
Insert into ASSET_LINK (ASSET_ID,POSITION_ID) values (300588,300589);
Insert into ASSET_LINK (ASSET_ID,POSITION_ID) values (300590,300591);
Insert into ASSET_LINK (ASSET_ID,POSITION_ID) values (300590,300592);
Insert into ASSET_LINK (ASSET_ID,POSITION_ID) values (300590,300593);
Insert into ASSET_LINK (ASSET_ID,POSITION_ID) values (300594,300595);
Insert into ASSET_LINK (ASSET_ID,POSITION_ID) values (300594,300596);
Insert into ASSET_LINK (ASSET_ID,POSITION_ID) values (300597,300598);
Insert into ASSET_LINK (ASSET_ID,POSITION_ID) values (300597,300599);
Insert into ASSET_LINK (ASSET_ID,POSITION_ID) values (300600,300601);
Insert into ASSET_LINK (ASSET_ID,POSITION_ID) values (300600,300602);
Insert into ASSET_LINK (ASSET_ID,POSITION_ID) values (300603,300604);
Insert into ASSET_LINK (ASSET_ID,POSITION_ID) values (300603,300605);
Insert into ASSET_LINK (ASSET_ID,POSITION_ID) values (300603,300606);
Insert into ASSET_LINK (ASSET_ID,POSITION_ID) values (300603,300607);
Insert into ASSET_LINK (ASSET_ID,POSITION_ID) values (300603,300608);
Insert into ASSET_LINK (ASSET_ID,POSITION_ID) values (300603,300609);
Insert into ASSET_LINK (ASSET_ID,POSITION_ID) values (300603,300610);
Insert into ASSET_LINK (ASSET_ID,POSITION_ID) values (300603,300611);
Insert into ASSET_LINK (ASSET_ID,POSITION_ID) values (300603,300612);
Insert into ASSET_LINK (ASSET_ID,POSITION_ID) values (300603,300613);
Insert into ASSET_LINK (ASSET_ID,POSITION_ID) values (300603,300614);
Insert into ASSET_LINK (ASSET_ID,POSITION_ID) values (300603,300615);
Insert into ASSET_LINK (ASSET_ID,POSITION_ID) values (300603,300616);
Insert into ASSET_LINK (ASSET_ID,POSITION_ID) values (300603,300617);
Insert into ASSET_LINK (ASSET_ID,POSITION_ID) values (300603,300618);
Insert into ASSET_LINK (ASSET_ID,POSITION_ID) values (300603,300619);
Insert into ASSET_LINK (ASSET_ID,POSITION_ID) values (300603,300620);
Insert into ASSET_LINK (ASSET_ID,POSITION_ID) values (300603,300621);
Insert into ASSET_LINK (ASSET_ID,POSITION_ID) values (300603,300622);
Insert into ASSET_LINK (ASSET_ID,POSITION_ID) values (300603,300623);
Insert into ASSET_LINK (ASSET_ID,POSITION_ID) values (300624,300625);
Insert into ASSET_LINK (ASSET_ID,POSITION_ID) values (300626,300627);
Insert into ASSET_LINK (ASSET_ID,POSITION_ID) values (300628,300629);
Insert into ASSET_LINK (ASSET_ID,POSITION_ID) values (300628,300630);
Insert into ASSET_LINK (ASSET_ID,POSITION_ID) values (300628,300631);
Insert into ASSET_LINK (ASSET_ID,POSITION_ID) values (300628,300632);
Insert into ASSET_LINK (ASSET_ID,POSITION_ID) values (300628,300633);
Insert into ASSET_LINK (ASSET_ID,POSITION_ID) values (300628,300634);
Insert into ASSET_LINK (ASSET_ID,POSITION_ID) values (300628,300635);
Insert into ASSET_LINK (ASSET_ID,POSITION_ID) values (300636,300637);
Insert into ASSET_LINK (ASSET_ID,POSITION_ID) values (300638,300639);
Insert into ASSET_LINK (ASSET_ID,POSITION_ID) values (300640,300641);
Insert into ASSET_LINK (ASSET_ID,POSITION_ID) values (300642,300643);
Insert into ASSET_LINK (ASSET_ID,POSITION_ID) values (300642,300644);
Insert into ASSET_LINK (ASSET_ID,POSITION_ID) values (300642,300645);
Insert into ASSET_LINK (ASSET_ID,POSITION_ID) values (300642,300646);
Insert into ASSET_LINK (ASSET_ID,POSITION_ID) values (300642,300647);
Insert into ASSET_LINK (ASSET_ID,POSITION_ID) values (300642,300648);
Insert into ASSET_LINK (ASSET_ID,POSITION_ID) values (300685,300686);
Insert into ASSET_LINK (ASSET_ID,POSITION_ID) values (300687,300688);
Insert into ASSET_LINK (ASSET_ID,POSITION_ID) values (300689,300690);
Insert into ASSET_LINK (ASSET_ID,POSITION_ID) values (300691,300692);
Insert into ASSET_LINK (ASSET_ID,POSITION_ID) values (300691,300693);
Insert into ASSET_LINK (ASSET_ID,POSITION_ID) values (300691,300694);
Insert into ASSET_LINK (ASSET_ID,POSITION_ID) values (300697,300699);
Insert into ASSET_LINK (ASSET_ID,POSITION_ID) values (300701,300703);
Insert into ASSET_LINK (ASSET_ID,POSITION_ID) values (300705,300706);
Insert into ASSET_LINK (ASSET_ID,POSITION_ID) values (300756,300757);
Insert into ASSET_LINK (ASSET_ID,POSITION_ID) values (300758,300759);
Insert into ASSET_LINK (ASSET_ID,POSITION_ID) values (300760,300761);
Insert into ASSET_LINK (ASSET_ID,POSITION_ID) values (300762,300763);
Insert into ASSET_LINK (ASSET_ID,POSITION_ID) values (300772,300774);
Insert into ASSET_LINK (ASSET_ID,POSITION_ID) values (300772,300776);
Insert into ASSET_LINK (ASSET_ID,POSITION_ID) values (300772,300778);
Insert into ASSET_LINK (ASSET_ID,POSITION_ID) values (300766,300767);
Insert into ASSET_LINK (ASSET_ID,POSITION_ID) values (300766,300768);
Insert into ASSET_LINK (ASSET_ID,POSITION_ID) values (300766,300769);
Insert into ASSET_LINK (ASSET_ID,POSITION_ID) values (300770,300771);
Insert into ASSET_LINK (ASSET_ID,POSITION_ID) values (300773,300775);
Insert into ASSET_LINK (ASSET_ID,POSITION_ID) values (300777,300779);
Insert into ASSET_LINK (ASSET_ID,POSITION_ID) values (300780,300781);
Insert into ASSET_LINK (ASSET_ID,POSITION_ID) values (300782,300783);
Insert into ASSET_LINK (ASSET_ID,POSITION_ID) values (300782,300784);
Insert into ASSET_LINK (ASSET_ID,POSITION_ID) values (300782,300785);
Insert into ASSET_LINK (ASSET_ID,POSITION_ID) values (300786,300787);
Insert into ASSET_LINK (ASSET_ID,POSITION_ID) values (300786,300788);
Insert into ASSET_LINK (ASSET_ID,POSITION_ID) values (300789,300790);
Insert into ASSET_LINK (ASSET_ID,POSITION_ID) values (300791,300792);
Insert into ASSET_LINK (ASSET_ID,POSITION_ID) values (300793,300794);
Insert into ASSET_LINK (ASSET_ID,POSITION_ID) values (300795,300796);
Insert into ASSET_LINK (ASSET_ID,POSITION_ID) values (300797,300798);
Insert into ASSET_LINK (ASSET_ID,POSITION_ID) values (300799,300800);
Insert into ASSET_LINK (ASSET_ID,POSITION_ID) values (300799,300801);
Insert into ASSET_LINK (ASSET_ID,POSITION_ID) values (300802,300803);
Insert into ASSET_LINK (ASSET_ID,POSITION_ID) values (300840,300841);
Insert into ASSET_LINK (ASSET_ID,POSITION_ID) values (300842,300843);
Insert into ASSET_LINK (ASSET_ID,POSITION_ID) values (300842,300844);
Insert into ASSET_LINK (ASSET_ID,POSITION_ID) values (300881,300882);
Insert into ASSET_LINK (ASSET_ID,POSITION_ID) values (300883,300884);
Insert into ASSET_LINK (ASSET_ID,POSITION_ID) values (300885,300886);
Insert into ASSET_LINK (ASSET_ID,POSITION_ID) values (300887,300888);
Insert into ASSET_LINK (ASSET_ID,POSITION_ID) values (300905,300906);
Insert into ASSET_LINK (ASSET_ID,POSITION_ID) values (300907,300908);
Insert into ASSET_LINK (ASSET_ID,POSITION_ID) values (300909,300910);
Insert into ASSET_LINK (ASSET_ID,POSITION_ID) values (300911,300912);
Insert into ASSET_LINK (ASSET_ID,POSITION_ID) values (300136,300137);
Insert into ASSET_LINK (ASSET_ID,POSITION_ID) values (300138,300139);
Insert into ASSET_LINK (ASSET_ID,POSITION_ID) values (300140,300141);
Insert into ASSET_LINK (ASSET_ID,POSITION_ID) values (300142,300143);
Insert into ASSET_LINK (ASSET_ID,POSITION_ID) values (300144,300145);
Insert into ASSET_LINK (ASSET_ID,POSITION_ID) values (300144,300146);
Insert into ASSET_LINK (ASSET_ID,POSITION_ID) values (300147,300148);
Insert into ASSET_LINK (ASSET_ID,POSITION_ID) values (300149,300150);
Insert into ASSET_LINK (ASSET_ID,POSITION_ID) values (300151,300152);
Insert into ASSET_LINK (ASSET_ID,POSITION_ID) values (300153,300154);
Insert into ASSET_LINK (ASSET_ID,POSITION_ID) values (300153,300155);
Insert into ASSET_LINK (ASSET_ID,POSITION_ID) values (300156,300157);
Insert into ASSET_LINK (ASSET_ID,POSITION_ID) values (300158,300159);
Insert into ASSET_LINK (ASSET_ID,POSITION_ID) values (300160,300161);
Insert into ASSET_LINK (ASSET_ID,POSITION_ID) values (300160,300162);
Insert into ASSET_LINK (ASSET_ID,POSITION_ID) values (300160,300163);
Insert into ASSET_LINK (ASSET_ID,POSITION_ID) values (300164,300165);
Insert into ASSET_LINK (ASSET_ID,POSITION_ID) values (300166,300167);
Insert into ASSET_LINK (ASSET_ID,POSITION_ID) values (300168,300169);
Insert into ASSET_LINK (ASSET_ID,POSITION_ID) values (300170,300171);
Insert into ASSET_LINK (ASSET_ID,POSITION_ID) values (300170,300172);
Insert into ASSET_LINK (ASSET_ID,POSITION_ID) values (300173,300174);
Insert into ASSET_LINK (ASSET_ID,POSITION_ID) values (300175,300176);
Insert into ASSET_LINK (ASSET_ID,POSITION_ID) values (300177,300178);
Insert into ASSET_LINK (ASSET_ID,POSITION_ID) values (300179,300180);
Insert into ASSET_LINK (ASSET_ID,POSITION_ID) values (300181,300182);
Insert into ASSET_LINK (ASSET_ID,POSITION_ID) values (300183,300184);
Insert into ASSET_LINK (ASSET_ID,POSITION_ID) values (300185,300186);
Insert into ASSET_LINK (ASSET_ID,POSITION_ID) values (300187,300188);
Insert into ASSET_LINK (ASSET_ID,POSITION_ID) values (300189,300190);
Insert into ASSET_LINK (ASSET_ID,POSITION_ID) values (300191,300192);
Insert into ASSET_LINK (ASSET_ID,POSITION_ID) values (300193,300194);
Insert into ASSET_LINK (ASSET_ID,POSITION_ID) values (300195,300196);
Insert into ASSET_LINK (ASSET_ID,POSITION_ID) values (300197,300198);
Insert into ASSET_LINK (ASSET_ID,POSITION_ID) values (300199,300200);
Insert into ASSET_LINK (ASSET_ID,POSITION_ID) values (300201,300202);
Insert into ASSET_LINK (ASSET_ID,POSITION_ID) values (300203,300204);
Insert into ASSET_LINK (ASSET_ID,POSITION_ID) values (300205,300206);
Insert into ASSET_LINK (ASSET_ID,POSITION_ID) values (300207,300208);
Insert into ASSET_LINK (ASSET_ID,POSITION_ID) values (300209,300210);
Insert into ASSET_LINK (ASSET_ID,POSITION_ID) values (300211,300212);
Insert into ASSET_LINK (ASSET_ID,POSITION_ID) values (300213,300214);
Insert into ASSET_LINK (ASSET_ID,POSITION_ID) values (300215,300216);
Insert into ASSET_LINK (ASSET_ID,POSITION_ID) values (300215,300217);
Insert into ASSET_LINK (ASSET_ID,POSITION_ID) values (300218,300219);
Insert into ASSET_LINK (ASSET_ID,POSITION_ID) values (300220,300222);
Insert into ASSET_LINK (ASSET_ID,POSITION_ID) values (300224,300226);
Insert into ASSET_LINK (ASSET_ID,POSITION_ID) values (300228,300230);
Insert into ASSET_LINK (ASSET_ID,POSITION_ID) values (300232,300234);
Insert into ASSET_LINK (ASSET_ID,POSITION_ID) values (300235,300237);
Insert into ASSET_LINK (ASSET_ID,POSITION_ID) values (300235,300239);
Insert into ASSET_LINK (ASSET_ID,POSITION_ID) values (300241,300242);
Insert into ASSET_LINK (ASSET_ID,POSITION_ID) values (300241,300243);
Insert into ASSET_LINK (ASSET_ID,POSITION_ID) values (300244,300245);
Insert into ASSET_LINK (ASSET_ID,POSITION_ID) values (300244,300246);
Insert into ASSET_LINK (ASSET_ID,POSITION_ID) values (300247,300248);
Insert into ASSET_LINK (ASSET_ID,POSITION_ID) values (300249,300250);
Insert into ASSET_LINK (ASSET_ID,POSITION_ID) values (300251,300252);
Insert into ASSET_LINK (ASSET_ID,POSITION_ID) values (300251,300253);
Insert into ASSET_LINK (ASSET_ID,POSITION_ID) values (300251,300254);
Insert into ASSET_LINK (ASSET_ID,POSITION_ID) values (300255,300256);
Insert into ASSET_LINK (ASSET_ID,POSITION_ID) values (300257,300258);
Insert into ASSET_LINK (ASSET_ID,POSITION_ID) values (300257,300259);
Insert into ASSET_LINK (ASSET_ID,POSITION_ID) values (300260,300261);
Insert into ASSET_LINK (ASSET_ID,POSITION_ID) values (300260,300262);
Insert into ASSET_LINK (ASSET_ID,POSITION_ID) values (300263,300264);
Insert into ASSET_LINK (ASSET_ID,POSITION_ID) values (300265,300266);
Insert into ASSET_LINK (ASSET_ID,POSITION_ID) values (300267,300268);
Insert into ASSET_LINK (ASSET_ID,POSITION_ID) values (300267,300269);
Insert into ASSET_LINK (ASSET_ID,POSITION_ID) values (300270,300271);
Insert into ASSET_LINK (ASSET_ID,POSITION_ID) values (300272,300273);
Insert into ASSET_LINK (ASSET_ID,POSITION_ID) values (300272,300274);
Insert into ASSET_LINK (ASSET_ID,POSITION_ID) values (300272,300275);
Insert into ASSET_LINK (ASSET_ID,POSITION_ID) values (300272,300276);
Insert into ASSET_LINK (ASSET_ID,POSITION_ID) values (300277,300278);
Insert into ASSET_LINK (ASSET_ID,POSITION_ID) values (300279,300280);
Insert into ASSET_LINK (ASSET_ID,POSITION_ID) values (300281,300282);
Insert into ASSET_LINK (ASSET_ID,POSITION_ID) values (300281,300283);
Insert into ASSET_LINK (ASSET_ID,POSITION_ID) values (300281,300284);
Insert into ASSET_LINK (ASSET_ID,POSITION_ID) values (300281,300285);
Insert into ASSET_LINK (ASSET_ID,POSITION_ID) values (300286,300287);
Insert into ASSET_LINK (ASSET_ID,POSITION_ID) values (300288,300289);
Insert into ASSET_LINK (ASSET_ID,POSITION_ID) values (300290,300291);
Insert into ASSET_LINK (ASSET_ID,POSITION_ID) values (300290,300292);
Insert into ASSET_LINK (ASSET_ID,POSITION_ID) values (300290,300293);
Insert into ASSET_LINK (ASSET_ID,POSITION_ID) values (300294,300295);
Insert into ASSET_LINK (ASSET_ID,POSITION_ID) values (300296,300297);
Insert into ASSET_LINK (ASSET_ID,POSITION_ID) values (300296,300298);
Insert into ASSET_LINK (ASSET_ID,POSITION_ID) values (300296,300299);
Insert into ASSET_LINK (ASSET_ID,POSITION_ID) values (300296,300300);
Insert into ASSET_LINK (ASSET_ID,POSITION_ID) values (300301,300302);
Insert into ASSET_LINK (ASSET_ID,POSITION_ID) values (300303,300304);
Insert into ASSET_LINK (ASSET_ID,POSITION_ID) values (300305,300306);
Insert into ASSET_LINK (ASSET_ID,POSITION_ID) values (300305,300307);
Insert into ASSET_LINK (ASSET_ID,POSITION_ID) values (300305,300308);
Insert into ASSET_LINK (ASSET_ID,POSITION_ID) values (300309,300310);
Insert into ASSET_LINK (ASSET_ID,POSITION_ID) values (300309,300311);
Insert into ASSET_LINK (ASSET_ID,POSITION_ID) values (300312,300313);
Insert into ASSET_LINK (ASSET_ID,POSITION_ID) values (300312,300314);
Insert into ASSET_LINK (ASSET_ID,POSITION_ID) values (300312,300315);
Insert into ASSET_LINK (ASSET_ID,POSITION_ID) values (300312,300316);
Insert into ASSET_LINK (ASSET_ID,POSITION_ID) values (300317,300318);
Insert into ASSET_LINK (ASSET_ID,POSITION_ID) values (300319,300320);
Insert into ASSET_LINK (ASSET_ID,POSITION_ID) values (300321,300322);
Insert into ASSET_LINK (ASSET_ID,POSITION_ID) values (300323,300324);
Insert into ASSET_LINK (ASSET_ID,POSITION_ID) values (300323,300325);
Insert into ASSET_LINK (ASSET_ID,POSITION_ID) values (300323,300326);
Insert into ASSET_LINK (ASSET_ID,POSITION_ID) values (300323,300327);
Insert into ASSET_LINK (ASSET_ID,POSITION_ID) values (300323,300328);
Insert into ASSET_LINK (ASSET_ID,POSITION_ID) values (300329,300330);
Insert into ASSET_LINK (ASSET_ID,POSITION_ID) values (300331,300332);
Insert into ASSET_LINK (ASSET_ID,POSITION_ID) values (300331,300333);
Insert into ASSET_LINK (ASSET_ID,POSITION_ID) values (300331,300334);
Insert into ASSET_LINK (ASSET_ID,POSITION_ID) values (300331,300336);
Insert into ASSET_LINK (ASSET_ID,POSITION_ID) values (300331,300338);
Insert into ASSET_LINK (ASSET_ID,POSITION_ID) values (300331,300340);
Insert into ASSET_LINK (ASSET_ID,POSITION_ID) values (300342,300344);
Insert into ASSET_LINK (ASSET_ID,POSITION_ID) values (300342,300346);
Insert into ASSET_LINK (ASSET_ID,POSITION_ID) values (300342,300348);
Insert into ASSET_LINK (ASSET_ID,POSITION_ID) values (300342,300350);
Insert into ASSET_LINK (ASSET_ID,POSITION_ID) values (300342,300352);
Insert into ASSET_LINK (ASSET_ID,POSITION_ID) values (300342,300353);
Insert into ASSET_LINK (ASSET_ID,POSITION_ID) values (300354,300355);
Insert into ASSET_LINK (ASSET_ID,POSITION_ID) values (300356,300357);
Insert into ASSET_LINK (ASSET_ID,POSITION_ID) values (300358,300359);
Insert into ASSET_LINK (ASSET_ID,POSITION_ID) values (300360,300361);
Insert into ASSET_LINK (ASSET_ID,POSITION_ID) values (300362,300363);
Insert into ASSET_LINK (ASSET_ID,POSITION_ID) values (300362,300364);
Insert into ASSET_LINK (ASSET_ID,POSITION_ID) values (300362,300365);
Insert into ASSET_LINK (ASSET_ID,POSITION_ID) values (300366,300367);
Insert into ASSET_LINK (ASSET_ID,POSITION_ID) values (300368,300369);
Insert into ASSET_LINK (ASSET_ID,POSITION_ID) values (300370,300371);
Insert into ASSET_LINK (ASSET_ID,POSITION_ID) values (300370,300372);
Insert into ASSET_LINK (ASSET_ID,POSITION_ID) values (300370,300373);
Insert into ASSET_LINK (ASSET_ID,POSITION_ID) values (300374,300375);
Insert into ASSET_LINK (ASSET_ID,POSITION_ID) values (300374,300376);
Insert into ASSET_LINK (ASSET_ID,POSITION_ID) values (300374,300377);
Insert into ASSET_LINK (ASSET_ID,POSITION_ID) values (300374,300378);
Insert into ASSET_LINK (ASSET_ID,POSITION_ID) values (300374,300379);
Insert into ASSET_LINK (ASSET_ID,POSITION_ID) values (300374,300380);
Insert into ASSET_LINK (ASSET_ID,POSITION_ID) values (300374,300381);
Insert into ASSET_LINK (ASSET_ID,POSITION_ID) values (300382,300383);
Insert into ASSET_LINK (ASSET_ID,POSITION_ID) values (300382,300384);
Insert into ASSET_LINK (ASSET_ID,POSITION_ID) values (300385,300386);
Insert into ASSET_LINK (ASSET_ID,POSITION_ID) values (300387,300388);
Insert into ASSET_LINK (ASSET_ID,POSITION_ID) values (300387,300389);
Insert into ASSET_LINK (ASSET_ID,POSITION_ID) values (300390,300391);
Insert into ASSET_LINK (ASSET_ID,POSITION_ID) values (300392,300393);
Insert into ASSET_LINK (ASSET_ID,POSITION_ID) values (300394,300395);
Insert into ASSET_LINK (ASSET_ID,POSITION_ID) values (300394,300396);
Insert into ASSET_LINK (ASSET_ID,POSITION_ID) values (300394,300397);
Insert into ASSET_LINK (ASSET_ID,POSITION_ID) values (300394,300398);
Insert into ASSET_LINK (ASSET_ID,POSITION_ID) values (300394,300399);
Insert into ASSET_LINK (ASSET_ID,POSITION_ID) values (300394,300400);
Insert into ASSET_LINK (ASSET_ID,POSITION_ID) values (300394,300401);
Insert into ASSET_LINK (ASSET_ID,POSITION_ID) values (300394,300402);
Insert into ASSET_LINK (ASSET_ID,POSITION_ID) values (300394,300403);
Insert into ASSET_LINK (ASSET_ID,POSITION_ID) values (300394,300404);
Insert into ASSET_LINK (ASSET_ID,POSITION_ID) values (300405,300406);
Insert into ASSET_LINK (ASSET_ID,POSITION_ID) values (300407,300408);
Insert into ASSET_LINK (ASSET_ID,POSITION_ID) values (300409,300410);
Insert into ASSET_LINK (ASSET_ID,POSITION_ID) values (300411,300412);
Insert into ASSET_LINK (ASSET_ID,POSITION_ID) values (300413,300414);
Insert into ASSET_LINK (ASSET_ID,POSITION_ID) values (300415,300416);
Insert into ASSET_LINK (ASSET_ID,POSITION_ID) values (300417,300418);
Insert into ASSET_LINK (ASSET_ID,POSITION_ID) values (300419,300420);
Insert into ASSET_LINK (ASSET_ID,POSITION_ID) values (300419,300421);
Insert into ASSET_LINK (ASSET_ID,POSITION_ID) values (300422,300423);
Insert into ASSET_LINK (ASSET_ID,POSITION_ID) values (300422,300424);
Insert into ASSET_LINK (ASSET_ID,POSITION_ID) values (300422,300425);
Insert into ASSET_LINK (ASSET_ID,POSITION_ID) values (300422,300426);
Insert into ASSET_LINK (ASSET_ID,POSITION_ID) values (300422,300427);
Insert into ASSET_LINK (ASSET_ID,POSITION_ID) values (300422,300428);
Insert into ASSET_LINK (ASSET_ID,POSITION_ID) values (300422,300429);
Insert into ASSET_LINK (ASSET_ID,POSITION_ID) values (300430,300431);
Insert into ASSET_LINK (ASSET_ID,POSITION_ID) values (300432,300433);
Insert into ASSET_LINK (ASSET_ID,POSITION_ID) values (300434,300435);
Insert into ASSET_LINK (ASSET_ID,POSITION_ID) values (300434,300436);
Insert into ASSET_LINK (ASSET_ID,POSITION_ID) values (300437,300438);
Insert into ASSET_LINK (ASSET_ID,POSITION_ID) values (300437,300439);
Insert into ASSET_LINK (ASSET_ID,POSITION_ID) values (300437,300440);
Insert into ASSET_LINK (ASSET_ID,POSITION_ID) values (300437,300441);
Insert into ASSET_LINK (ASSET_ID,POSITION_ID) values (300437,300442);
Insert into ASSET_LINK (ASSET_ID,POSITION_ID) values (300437,300443);
Insert into ASSET_LINK (ASSET_ID,POSITION_ID) values (300437,300444);
Insert into ASSET_LINK (ASSET_ID,POSITION_ID) values (300437,300445);
Insert into ASSET_LINK (ASSET_ID,POSITION_ID) values (300437,300446);
Insert into ASSET_LINK (ASSET_ID,POSITION_ID) values (300437,300447);
Insert into ASSET_LINK (ASSET_ID,POSITION_ID) values (300437,300448);
Insert into ASSET_LINK (ASSET_ID,POSITION_ID) values (300449,300450);
Insert into ASSET_LINK (ASSET_ID,POSITION_ID) values (300451,300452);
Insert into ASSET_LINK (ASSET_ID,POSITION_ID) values (300453,300454);
Insert into ASSET_LINK (ASSET_ID,POSITION_ID) values (300453,300455);
Insert into ASSET_LINK (ASSET_ID,POSITION_ID) values (300456,300457);
Insert into ASSET_LINK (ASSET_ID,POSITION_ID) values (300456,300458);
Insert into ASSET_LINK (ASSET_ID,POSITION_ID) values (300459,300460);
Insert into ASSET_LINK (ASSET_ID,POSITION_ID) values (300459,300461);
Insert into ASSET_LINK (ASSET_ID,POSITION_ID) values (300462,300463);
Insert into ASSET_LINK (ASSET_ID,POSITION_ID) values (300464,300465);
Insert into ASSET_LINK (ASSET_ID,POSITION_ID) values (300466,300467);
Insert into ASSET_LINK (ASSET_ID,POSITION_ID) values (300466,300468);
Insert into ASSET_LINK (ASSET_ID,POSITION_ID) values (300469,300470);
Insert into ASSET_LINK (ASSET_ID,POSITION_ID) values (300471,300472);
Insert into ASSET_LINK (ASSET_ID,POSITION_ID) values (300473,300474);
Insert into ASSET_LINK (ASSET_ID,POSITION_ID) values (300473,300475);
Insert into ASSET_LINK (ASSET_ID,POSITION_ID) values (300476,300477);
Insert into ASSET_LINK (ASSET_ID,POSITION_ID) values (300476,300478);
Insert into ASSET_LINK (ASSET_ID,POSITION_ID) values (300476,300479);
Insert into ASSET_LINK (ASSET_ID,POSITION_ID) values (300476,300480);
Insert into ASSET_LINK (ASSET_ID,POSITION_ID) values (300481,300482);
Insert into ASSET_LINK (ASSET_ID,POSITION_ID) values (300483,300484);
Insert into ASSET_LINK (ASSET_ID,POSITION_ID) values (300483,300485);
Insert into ASSET_LINK (ASSET_ID,POSITION_ID) values (300486,300487);
Insert into ASSET_LINK (ASSET_ID,POSITION_ID) values (300488,300489);
Insert into ASSET_LINK (ASSET_ID,POSITION_ID) values (300490,300491);
Insert into ASSET_LINK (ASSET_ID,POSITION_ID) values (300490,300492);
Insert into ASSET_LINK (ASSET_ID,POSITION_ID) values (300490,300493);
Insert into ASSET_LINK (ASSET_ID,POSITION_ID) values (300494,300495);
Insert into ASSET_LINK (ASSET_ID,POSITION_ID) values (300494,300496);
Insert into ASSET_LINK (ASSET_ID,POSITION_ID) values (300494,300497);
Insert into ASSET_LINK (ASSET_ID,POSITION_ID) values (300494,300498);
Insert into ASSET_LINK (ASSET_ID,POSITION_ID) values (300494,300499);
Insert into ASSET_LINK (ASSET_ID,POSITION_ID) values (300494,300500);
Insert into ASSET_LINK (ASSET_ID,POSITION_ID) values (300494,300501);
Insert into ASSET_LINK (ASSET_ID,POSITION_ID) values (300494,300502);
Insert into ASSET_LINK (ASSET_ID,POSITION_ID) values (300494,300503);
Insert into ASSET_LINK (ASSET_ID,POSITION_ID) values (300494,300504);
Insert into ASSET_LINK (ASSET_ID,POSITION_ID) values (300505,300506);
Insert into ASSET_LINK (ASSET_ID,POSITION_ID) values (300507,300508);
Insert into ASSET_LINK (ASSET_ID,POSITION_ID) values (300509,300510);
Insert into ASSET_LINK (ASSET_ID,POSITION_ID) values (300509,300511);
Insert into ASSET_LINK (ASSET_ID,POSITION_ID) values (300509,300512);
Insert into ASSET_LINK (ASSET_ID,POSITION_ID) values (300509,300513);
Insert into ASSET_LINK (ASSET_ID,POSITION_ID) values (300514,300515);
Insert into ASSET_LINK (ASSET_ID,POSITION_ID) values (300516,300517);
Insert into ASSET_LINK (ASSET_ID,POSITION_ID) values (300516,300518);
Insert into ASSET_LINK (ASSET_ID,POSITION_ID) values (300519,300520);
Insert into ASSET_LINK (ASSET_ID,POSITION_ID) values (300519,300521);
Insert into ASSET_LINK (ASSET_ID,POSITION_ID) values (300519,300522);
Insert into ASSET_LINK (ASSET_ID,POSITION_ID) values (300523,300524);
Insert into ASSET_LINK (ASSET_ID,POSITION_ID) values (300525,300526);
Insert into ASSET_LINK (ASSET_ID,POSITION_ID) values (300527,300528);
Insert into ASSET_LINK (ASSET_ID,POSITION_ID) values (300529,300530);
Insert into ASSET_LINK (ASSET_ID,POSITION_ID) values (300531,300532);
Insert into ASSET_LINK (ASSET_ID,POSITION_ID) values (300533,300534);
Insert into ASSET_LINK (ASSET_ID,POSITION_ID) values (300535,300536);
Insert into ASSET_LINK (ASSET_ID,POSITION_ID) values (300537,300538);
Insert into ASSET_LINK (ASSET_ID,POSITION_ID) values (300537,300539);
Insert into ASSET_LINK (ASSET_ID,POSITION_ID) values (300540,300541);
Insert into ASSET_LINK (ASSET_ID,POSITION_ID) values (300540,300542);
Insert into ASSET_LINK (ASSET_ID,POSITION_ID) values (300543,300544);
Insert into ASSET_LINK (ASSET_ID,POSITION_ID) values (300545,300546);
Insert into ASSET_LINK (ASSET_ID,POSITION_ID) values (300547,300548);
Insert into ASSET_LINK (ASSET_ID,POSITION_ID) values (300547,300549);
Insert into ASSET_LINK (ASSET_ID,POSITION_ID) values (300550,300551);
Insert into ASSET_LINK (ASSET_ID,POSITION_ID) values (300552,300553);
Insert into ASSET_LINK (ASSET_ID,POSITION_ID) values (300554,300555);
Insert into ASSET_LINK (ASSET_ID,POSITION_ID) values (300556,300557);
Insert into ASSET_LINK (ASSET_ID,POSITION_ID) values (300558,300559);
Insert into ASSET_LINK (ASSET_ID,POSITION_ID) values (300560,300561);
Insert into ASSET_LINK (ASSET_ID,POSITION_ID) values (300562,300563);
Insert into ASSET_LINK (ASSET_ID,POSITION_ID) values (300564,300565);
Insert into ASSET_LINK (ASSET_ID,POSITION_ID) values (300566,300567);
Insert into ASSET_LINK (ASSET_ID,POSITION_ID) values (300568,300569);
Insert into ASSET_LINK (ASSET_ID,POSITION_ID) values (300568,300570);
Insert into ASSET_LINK (ASSET_ID,POSITION_ID) values (300568,300571);
Insert into ASSET_LINK (ASSET_ID,POSITION_ID) values (300568,300572);
Insert into ASSET_LINK (ASSET_ID,POSITION_ID) values (300568,300573);
Insert into ASSET_LINK (ASSET_ID,POSITION_ID) values (300568,300574);
Insert into ASSET_LINK (ASSET_ID,POSITION_ID) values (300568,300575);
Insert into ASSET_LINK (ASSET_ID,POSITION_ID) values (300568,300576);
Insert into ASSET_LINK (ASSET_ID,POSITION_ID) values (300568,300577);
Insert into ASSET_LINK (ASSET_ID,POSITION_ID) values (300578,300579);
Insert into ASSET_LINK (ASSET_ID,POSITION_ID) values (300580,300581);
Insert into ASSET_LINK (ASSET_ID,POSITION_ID) values (300582,300583);
Insert into ASSET_LINK (ASSET_ID,POSITION_ID) values (300584,300585);
Insert into ASSET_LINK (ASSET_ID,POSITION_ID) values (300666,300667);
Insert into ASSET_LINK (ASSET_ID,POSITION_ID) values (300666,300668);
Insert into ASSET_LINK (ASSET_ID,POSITION_ID) values (300669,300670);
Insert into ASSET_LINK (ASSET_ID,POSITION_ID) values (300669,300671);
Insert into ASSET_LINK (ASSET_ID,POSITION_ID) values (300669,300672);
Insert into ASSET_LINK (ASSET_ID,POSITION_ID) values (300673,300674);
Insert into ASSET_LINK (ASSET_ID,POSITION_ID) values (300804,300805);
Insert into ASSET_LINK (ASSET_ID,POSITION_ID) values (300806,300807);
Insert into ASSET_LINK (ASSET_ID,POSITION_ID) values (300808,300809);
Insert into ASSET_LINK (ASSET_ID,POSITION_ID) values (300810,300811);
Insert into ASSET_LINK (ASSET_ID,POSITION_ID) values (300812,300813);
Insert into ASSET_LINK (ASSET_ID,POSITION_ID) values (300814,300815);
Insert into ASSET_LINK (ASSET_ID,POSITION_ID) values (300816,300817);
Insert into ASSET_LINK (ASSET_ID,POSITION_ID) values (300818,300819);
Insert into ASSET_LINK (ASSET_ID,POSITION_ID) values (300818,300820);
Insert into ASSET_LINK (ASSET_ID,POSITION_ID) values (300821,300823);
Insert into ASSET_LINK (ASSET_ID,POSITION_ID) values (300821,300825);
Insert into ASSET_LINK (ASSET_ID,POSITION_ID) values (300821,300827);
Insert into ASSET_LINK (ASSET_ID,POSITION_ID) values (300829,300830);
Insert into ASSET_LINK (ASSET_ID,POSITION_ID) values (300831,300832);
Insert into ASSET_LINK (ASSET_ID,POSITION_ID) values (300833,300834);
Insert into ASSET_LINK (ASSET_ID,POSITION_ID) values (300835,300836);
Insert into ASSET_LINK (ASSET_ID,POSITION_ID) values (300837,300838);
Insert into ASSET_LINK (ASSET_ID,POSITION_ID) values (300837,300839);
Insert into ASSET_LINK (ASSET_ID,POSITION_ID) values (300586,300587);
Insert into ASSET_LINK (ASSET_ID,POSITION_ID) values (300675,300676);
Insert into ASSET_LINK (ASSET_ID,POSITION_ID) values (300695,300696);
Insert into ASSET_LINK (ASSET_ID,POSITION_ID) values (300698,300700);
Insert into ASSET_LINK (ASSET_ID,POSITION_ID) values (300702,300704);
Insert into ASSET_LINK (ASSET_ID,POSITION_ID) values (300764,300765);

Insert into SINGLE_CHOICE_VALUE (ASSET_ID,ENUMERATED_VALUE_ID,PROPERTY_ID) values (300096,300070,300066);
Insert into SINGLE_CHOICE_VALUE (ASSET_ID,ENUMERATED_VALUE_ID,PROPERTY_ID) values (300098,300068,300066);
Insert into SINGLE_CHOICE_VALUE (ASSET_ID,ENUMERATED_VALUE_ID,PROPERTY_ID) values (300100,300068,300066);
Insert into SINGLE_CHOICE_VALUE (ASSET_ID,ENUMERATED_VALUE_ID,PROPERTY_ID) values (300102,300068,300066);
Insert into SINGLE_CHOICE_VALUE (ASSET_ID,ENUMERATED_VALUE_ID,PROPERTY_ID) values (300104,300069,300066);
Insert into SINGLE_CHOICE_VALUE (ASSET_ID,ENUMERATED_VALUE_ID,PROPERTY_ID) values (300112,300069,300066);
Insert into SINGLE_CHOICE_VALUE (ASSET_ID,ENUMERATED_VALUE_ID,PROPERTY_ID) values (300117,300068,300066);
Insert into SINGLE_CHOICE_VALUE (ASSET_ID,ENUMERATED_VALUE_ID,PROPERTY_ID) values (300120,300068,300066);
Insert into SINGLE_CHOICE_VALUE (ASSET_ID,ENUMERATED_VALUE_ID,PROPERTY_ID) values (300124,300069,300066);
Insert into SINGLE_CHOICE_VALUE (ASSET_ID,ENUMERATED_VALUE_ID,PROPERTY_ID) values (300106,300068,300066);
Insert into SINGLE_CHOICE_VALUE (ASSET_ID,ENUMERATED_VALUE_ID,PROPERTY_ID) values (300111,300068,300066);
Insert into SINGLE_CHOICE_VALUE (ASSET_ID,ENUMERATED_VALUE_ID,PROPERTY_ID) values (300114,300068,300066);
Insert into SINGLE_CHOICE_VALUE (ASSET_ID,ENUMERATED_VALUE_ID,PROPERTY_ID) values (300118,300068,300066);
Insert into SINGLE_CHOICE_VALUE (ASSET_ID,ENUMERATED_VALUE_ID,PROPERTY_ID) values (300123,300069,300066);
Insert into SINGLE_CHOICE_VALUE (ASSET_ID,ENUMERATED_VALUE_ID,PROPERTY_ID) values (300126,300068,300066);
Insert into SINGLE_CHOICE_VALUE (ASSET_ID,ENUMERATED_VALUE_ID,PROPERTY_ID) values (300130,300068,300066);
Insert into SINGLE_CHOICE_VALUE (ASSET_ID,ENUMERATED_VALUE_ID,PROPERTY_ID) values (300132,300068,300066);
Insert into SINGLE_CHOICE_VALUE (ASSET_ID,ENUMERATED_VALUE_ID,PROPERTY_ID) values (300134,300068,300066);
Insert into SINGLE_CHOICE_VALUE (ASSET_ID,ENUMERATED_VALUE_ID,PROPERTY_ID) values (300335,300068,300066);
Insert into SINGLE_CHOICE_VALUE (ASSET_ID,ENUMERATED_VALUE_ID,PROPERTY_ID) values (300341,300068,300066);
Insert into SINGLE_CHOICE_VALUE (ASSET_ID,ENUMERATED_VALUE_ID,PROPERTY_ID) values (300345,300068,300066);
Insert into SINGLE_CHOICE_VALUE (ASSET_ID,ENUMERATED_VALUE_ID,PROPERTY_ID) values (300349,300068,300066);
Insert into SINGLE_CHOICE_VALUE (ASSET_ID,ENUMERATED_VALUE_ID,PROPERTY_ID) values (300649,300068,300066);
Insert into SINGLE_CHOICE_VALUE (ASSET_ID,ENUMERATED_VALUE_ID,PROPERTY_ID) values (300653,300068,300066);
Insert into SINGLE_CHOICE_VALUE (ASSET_ID,ENUMERATED_VALUE_ID,PROPERTY_ID) values (300655,300069,300066);
Insert into SINGLE_CHOICE_VALUE (ASSET_ID,ENUMERATED_VALUE_ID,PROPERTY_ID) values (300658,300068,300066);
Insert into SINGLE_CHOICE_VALUE (ASSET_ID,ENUMERATED_VALUE_ID,PROPERTY_ID) values (300660,300068,300066);
Insert into SINGLE_CHOICE_VALUE (ASSET_ID,ENUMERATED_VALUE_ID,PROPERTY_ID) values (300662,300068,300066);
Insert into SINGLE_CHOICE_VALUE (ASSET_ID,ENUMERATED_VALUE_ID,PROPERTY_ID) values (300664,300068,300066);
Insert into SINGLE_CHOICE_VALUE (ASSET_ID,ENUMERATED_VALUE_ID,PROPERTY_ID) values (300677,300068,300066);
Insert into SINGLE_CHOICE_VALUE (ASSET_ID,ENUMERATED_VALUE_ID,PROPERTY_ID) values (300679,300068,300066);
Insert into SINGLE_CHOICE_VALUE (ASSET_ID,ENUMERATED_VALUE_ID,PROPERTY_ID) values (300681,300068,300066);
Insert into SINGLE_CHOICE_VALUE (ASSET_ID,ENUMERATED_VALUE_ID,PROPERTY_ID) values (300683,300068,300066);
Insert into SINGLE_CHOICE_VALUE (ASSET_ID,ENUMERATED_VALUE_ID,PROPERTY_ID) values (300707,300068,300066);
Insert into SINGLE_CHOICE_VALUE (ASSET_ID,ENUMERATED_VALUE_ID,PROPERTY_ID) values (300716,300068,300066);
Insert into SINGLE_CHOICE_VALUE (ASSET_ID,ENUMERATED_VALUE_ID,PROPERTY_ID) values (300720,300069,300066);
Insert into SINGLE_CHOICE_VALUE (ASSET_ID,ENUMERATED_VALUE_ID,PROPERTY_ID) values (300722,300069,300066);
Insert into SINGLE_CHOICE_VALUE (ASSET_ID,ENUMERATED_VALUE_ID,PROPERTY_ID) values (300724,300069,300066);
Insert into SINGLE_CHOICE_VALUE (ASSET_ID,ENUMERATED_VALUE_ID,PROPERTY_ID) values (300726,300068,300066);
Insert into SINGLE_CHOICE_VALUE (ASSET_ID,ENUMERATED_VALUE_ID,PROPERTY_ID) values (300728,300068,300066);
Insert into SINGLE_CHOICE_VALUE (ASSET_ID,ENUMERATED_VALUE_ID,PROPERTY_ID) values (300730,300068,300066);
Insert into SINGLE_CHOICE_VALUE (ASSET_ID,ENUMERATED_VALUE_ID,PROPERTY_ID) values (300732,300068,300066);
Insert into SINGLE_CHOICE_VALUE (ASSET_ID,ENUMERATED_VALUE_ID,PROPERTY_ID) values (300734,300070,300066);
Insert into SINGLE_CHOICE_VALUE (ASSET_ID,ENUMERATED_VALUE_ID,PROPERTY_ID) values (300736,300068,300066);
Insert into SINGLE_CHOICE_VALUE (ASSET_ID,ENUMERATED_VALUE_ID,PROPERTY_ID) values (300738,300068,300066);
Insert into SINGLE_CHOICE_VALUE (ASSET_ID,ENUMERATED_VALUE_ID,PROPERTY_ID) values (300752,300069,300066);
Insert into SINGLE_CHOICE_VALUE (ASSET_ID,ENUMERATED_VALUE_ID,PROPERTY_ID) values (300754,300069,300066);
Insert into SINGLE_CHOICE_VALUE (ASSET_ID,ENUMERATED_VALUE_ID,PROPERTY_ID) values (300822,300068,300066);
Insert into SINGLE_CHOICE_VALUE (ASSET_ID,ENUMERATED_VALUE_ID,PROPERTY_ID) values (300826,300068,300066);
Insert into SINGLE_CHOICE_VALUE (ASSET_ID,ENUMERATED_VALUE_ID,PROPERTY_ID) values (300845,300069,300066);
Insert into SINGLE_CHOICE_VALUE (ASSET_ID,ENUMERATED_VALUE_ID,PROPERTY_ID) values (300847,300069,300066);
Insert into SINGLE_CHOICE_VALUE (ASSET_ID,ENUMERATED_VALUE_ID,PROPERTY_ID) values (300851,300068,300066);
Insert into SINGLE_CHOICE_VALUE (ASSET_ID,ENUMERATED_VALUE_ID,PROPERTY_ID) values (300855,300068,300066);
Insert into SINGLE_CHOICE_VALUE (ASSET_ID,ENUMERATED_VALUE_ID,PROPERTY_ID) values (300858,300068,300066);
Insert into SINGLE_CHOICE_VALUE (ASSET_ID,ENUMERATED_VALUE_ID,PROPERTY_ID) values (300860,300068,300066);
Insert into SINGLE_CHOICE_VALUE (ASSET_ID,ENUMERATED_VALUE_ID,PROPERTY_ID) values (300862,300068,300066);
Insert into SINGLE_CHOICE_VALUE (ASSET_ID,ENUMERATED_VALUE_ID,PROPERTY_ID) values (300864,300068,300066);
Insert into SINGLE_CHOICE_VALUE (ASSET_ID,ENUMERATED_VALUE_ID,PROPERTY_ID) values (300866,300068,300066);
Insert into SINGLE_CHOICE_VALUE (ASSET_ID,ENUMERATED_VALUE_ID,PROPERTY_ID) values (300868,300068,300066);
Insert into SINGLE_CHOICE_VALUE (ASSET_ID,ENUMERATED_VALUE_ID,PROPERTY_ID) values (300870,300068,300066);
Insert into SINGLE_CHOICE_VALUE (ASSET_ID,ENUMERATED_VALUE_ID,PROPERTY_ID) values (300872,300069,300066);
Insert into SINGLE_CHOICE_VALUE (ASSET_ID,ENUMERATED_VALUE_ID,PROPERTY_ID) values (300878,300069,300066);
Insert into SINGLE_CHOICE_VALUE (ASSET_ID,ENUMERATED_VALUE_ID,PROPERTY_ID) values (300889,300074,300066);
Insert into SINGLE_CHOICE_VALUE (ASSET_ID,ENUMERATED_VALUE_ID,PROPERTY_ID) values (300891,300074,300066);
Insert into SINGLE_CHOICE_VALUE (ASSET_ID,ENUMERATED_VALUE_ID,PROPERTY_ID) values (300896,300074,300066);
Insert into SINGLE_CHOICE_VALUE (ASSET_ID,ENUMERATED_VALUE_ID,PROPERTY_ID) values (300898,300074,300066);
Insert into SINGLE_CHOICE_VALUE (ASSET_ID,ENUMERATED_VALUE_ID,PROPERTY_ID) values (300901,300071,300066);
Insert into SINGLE_CHOICE_VALUE (ASSET_ID,ENUMERATED_VALUE_ID,PROPERTY_ID) values (300903,300071,300066);
Insert into SINGLE_CHOICE_VALUE (ASSET_ID,ENUMERATED_VALUE_ID,PROPERTY_ID) values (300913,300069,300066);
Insert into SINGLE_CHOICE_VALUE (ASSET_ID,ENUMERATED_VALUE_ID,PROPERTY_ID) values (300915,300069,300066);
Insert into SINGLE_CHOICE_VALUE (ASSET_ID,ENUMERATED_VALUE_ID,PROPERTY_ID) values (300092,300069,300066);
Insert into SINGLE_CHOICE_VALUE (ASSET_ID,ENUMERATED_VALUE_ID,PROPERTY_ID) values (300094,300068,300066);
Insert into SINGLE_CHOICE_VALUE (ASSET_ID,ENUMERATED_VALUE_ID,PROPERTY_ID) values (300221,300069,300066);
Insert into SINGLE_CHOICE_VALUE (ASSET_ID,ENUMERATED_VALUE_ID,PROPERTY_ID) values (300231,300069,300066);
Insert into SINGLE_CHOICE_VALUE (ASSET_ID,ENUMERATED_VALUE_ID,PROPERTY_ID) values (300238,300069,300066);
Insert into SINGLE_CHOICE_VALUE (ASSET_ID,ENUMERATED_VALUE_ID,PROPERTY_ID) values (300588,300068,300066);
Insert into SINGLE_CHOICE_VALUE (ASSET_ID,ENUMERATED_VALUE_ID,PROPERTY_ID) values (300590,300068,300066);
Insert into SINGLE_CHOICE_VALUE (ASSET_ID,ENUMERATED_VALUE_ID,PROPERTY_ID) values (300594,300069,300066);
Insert into SINGLE_CHOICE_VALUE (ASSET_ID,ENUMERATED_VALUE_ID,PROPERTY_ID) values (300597,300069,300066);
Insert into SINGLE_CHOICE_VALUE (ASSET_ID,ENUMERATED_VALUE_ID,PROPERTY_ID) values (300600,300069,300066);
Insert into SINGLE_CHOICE_VALUE (ASSET_ID,ENUMERATED_VALUE_ID,PROPERTY_ID) values (300603,300069,300066);
Insert into SINGLE_CHOICE_VALUE (ASSET_ID,ENUMERATED_VALUE_ID,PROPERTY_ID) values (300624,300069,300066);
Insert into SINGLE_CHOICE_VALUE (ASSET_ID,ENUMERATED_VALUE_ID,PROPERTY_ID) values (300626,300069,300066);
Insert into SINGLE_CHOICE_VALUE (ASSET_ID,ENUMERATED_VALUE_ID,PROPERTY_ID) values (300628,300069,300066);
Insert into SINGLE_CHOICE_VALUE (ASSET_ID,ENUMERATED_VALUE_ID,PROPERTY_ID) values (300636,300069,300066);
Insert into SINGLE_CHOICE_VALUE (ASSET_ID,ENUMERATED_VALUE_ID,PROPERTY_ID) values (300638,300069,300066);
Insert into SINGLE_CHOICE_VALUE (ASSET_ID,ENUMERATED_VALUE_ID,PROPERTY_ID) values (300640,300069,300066);
Insert into SINGLE_CHOICE_VALUE (ASSET_ID,ENUMERATED_VALUE_ID,PROPERTY_ID) values (300642,300069,300066);
Insert into SINGLE_CHOICE_VALUE (ASSET_ID,ENUMERATED_VALUE_ID,PROPERTY_ID) values (300685,300068,300066);
Insert into SINGLE_CHOICE_VALUE (ASSET_ID,ENUMERATED_VALUE_ID,PROPERTY_ID) values (300687,300068,300066);
Insert into SINGLE_CHOICE_VALUE (ASSET_ID,ENUMERATED_VALUE_ID,PROPERTY_ID) values (300689,300069,300066);
Insert into SINGLE_CHOICE_VALUE (ASSET_ID,ENUMERATED_VALUE_ID,PROPERTY_ID) values (300691,300069,300066);
Insert into SINGLE_CHOICE_VALUE (ASSET_ID,ENUMERATED_VALUE_ID,PROPERTY_ID) values (300697,300069,300066);
Insert into SINGLE_CHOICE_VALUE (ASSET_ID,ENUMERATED_VALUE_ID,PROPERTY_ID) values (300701,300068,300066);
Insert into SINGLE_CHOICE_VALUE (ASSET_ID,ENUMERATED_VALUE_ID,PROPERTY_ID) values (300705,300068,300066);
Insert into SINGLE_CHOICE_VALUE (ASSET_ID,ENUMERATED_VALUE_ID,PROPERTY_ID) values (300756,300068,300066);
Insert into SINGLE_CHOICE_VALUE (ASSET_ID,ENUMERATED_VALUE_ID,PROPERTY_ID) values (300758,300068,300066);
Insert into SINGLE_CHOICE_VALUE (ASSET_ID,ENUMERATED_VALUE_ID,PROPERTY_ID) values (300760,300068,300066);
Insert into SINGLE_CHOICE_VALUE (ASSET_ID,ENUMERATED_VALUE_ID,PROPERTY_ID) values (300762,300068,300066);
Insert into SINGLE_CHOICE_VALUE (ASSET_ID,ENUMERATED_VALUE_ID,PROPERTY_ID) values (300772,300069,300066);
Insert into SINGLE_CHOICE_VALUE (ASSET_ID,ENUMERATED_VALUE_ID,PROPERTY_ID) values (300766,300069,300066);
Insert into SINGLE_CHOICE_VALUE (ASSET_ID,ENUMERATED_VALUE_ID,PROPERTY_ID) values (300770,300069,300066);
Insert into SINGLE_CHOICE_VALUE (ASSET_ID,ENUMERATED_VALUE_ID,PROPERTY_ID) values (300773,300069,300066);
Insert into SINGLE_CHOICE_VALUE (ASSET_ID,ENUMERATED_VALUE_ID,PROPERTY_ID) values (300777,300069,300066);
Insert into SINGLE_CHOICE_VALUE (ASSET_ID,ENUMERATED_VALUE_ID,PROPERTY_ID) values (300780,300069,300066);
Insert into SINGLE_CHOICE_VALUE (ASSET_ID,ENUMERATED_VALUE_ID,PROPERTY_ID) values (300782,300069,300066);
Insert into SINGLE_CHOICE_VALUE (ASSET_ID,ENUMERATED_VALUE_ID,PROPERTY_ID) values (300786,300069,300066);
Insert into SINGLE_CHOICE_VALUE (ASSET_ID,ENUMERATED_VALUE_ID,PROPERTY_ID) values (300789,300069,300066);
Insert into SINGLE_CHOICE_VALUE (ASSET_ID,ENUMERATED_VALUE_ID,PROPERTY_ID) values (300791,300069,300066);
Insert into SINGLE_CHOICE_VALUE (ASSET_ID,ENUMERATED_VALUE_ID,PROPERTY_ID) values (300793,300069,300066);
Insert into SINGLE_CHOICE_VALUE (ASSET_ID,ENUMERATED_VALUE_ID,PROPERTY_ID) values (300795,300068,300066);
Insert into SINGLE_CHOICE_VALUE (ASSET_ID,ENUMERATED_VALUE_ID,PROPERTY_ID) values (300797,300068,300066);
Insert into SINGLE_CHOICE_VALUE (ASSET_ID,ENUMERATED_VALUE_ID,PROPERTY_ID) values (300799,300068,300066);
Insert into SINGLE_CHOICE_VALUE (ASSET_ID,ENUMERATED_VALUE_ID,PROPERTY_ID) values (300802,300068,300066);
Insert into SINGLE_CHOICE_VALUE (ASSET_ID,ENUMERATED_VALUE_ID,PROPERTY_ID) values (300840,300068,300066);
Insert into SINGLE_CHOICE_VALUE (ASSET_ID,ENUMERATED_VALUE_ID,PROPERTY_ID) values (300842,300068,300066);
Insert into SINGLE_CHOICE_VALUE (ASSET_ID,ENUMERATED_VALUE_ID,PROPERTY_ID) values (300881,300071,300066);
Insert into SINGLE_CHOICE_VALUE (ASSET_ID,ENUMERATED_VALUE_ID,PROPERTY_ID) values (300883,300071,300066);
Insert into SINGLE_CHOICE_VALUE (ASSET_ID,ENUMERATED_VALUE_ID,PROPERTY_ID) values (300885,300071,300066);
Insert into SINGLE_CHOICE_VALUE (ASSET_ID,ENUMERATED_VALUE_ID,PROPERTY_ID) values (300887,300071,300066);
Insert into SINGLE_CHOICE_VALUE (ASSET_ID,ENUMERATED_VALUE_ID,PROPERTY_ID) values (300905,300070,300066);
Insert into SINGLE_CHOICE_VALUE (ASSET_ID,ENUMERATED_VALUE_ID,PROPERTY_ID) values (300907,300070,300066);
Insert into SINGLE_CHOICE_VALUE (ASSET_ID,ENUMERATED_VALUE_ID,PROPERTY_ID) values (300909,300070,300066);
Insert into SINGLE_CHOICE_VALUE (ASSET_ID,ENUMERATED_VALUE_ID,PROPERTY_ID) values (300911,300070,300066);
Insert into SINGLE_CHOICE_VALUE (ASSET_ID,ENUMERATED_VALUE_ID,PROPERTY_ID) values (300136,300069,300066);
Insert into SINGLE_CHOICE_VALUE (ASSET_ID,ENUMERATED_VALUE_ID,PROPERTY_ID) values (300138,300070,300066);
Insert into SINGLE_CHOICE_VALUE (ASSET_ID,ENUMERATED_VALUE_ID,PROPERTY_ID) values (300140,300068,300066);
Insert into SINGLE_CHOICE_VALUE (ASSET_ID,ENUMERATED_VALUE_ID,PROPERTY_ID) values (300142,300068,300066);
Insert into SINGLE_CHOICE_VALUE (ASSET_ID,ENUMERATED_VALUE_ID,PROPERTY_ID) values (300144,300068,300066);
Insert into SINGLE_CHOICE_VALUE (ASSET_ID,ENUMERATED_VALUE_ID,PROPERTY_ID) values (300147,300069,300066);
Insert into SINGLE_CHOICE_VALUE (ASSET_ID,ENUMERATED_VALUE_ID,PROPERTY_ID) values (300149,300070,300066);
Insert into SINGLE_CHOICE_VALUE (ASSET_ID,ENUMERATED_VALUE_ID,PROPERTY_ID) values (300151,300068,300066);
Insert into SINGLE_CHOICE_VALUE (ASSET_ID,ENUMERATED_VALUE_ID,PROPERTY_ID) values (300153,300068,300066);
Insert into SINGLE_CHOICE_VALUE (ASSET_ID,ENUMERATED_VALUE_ID,PROPERTY_ID) values (300156,300068,300066);
Insert into SINGLE_CHOICE_VALUE (ASSET_ID,ENUMERATED_VALUE_ID,PROPERTY_ID) values (300158,300068,300066);
Insert into SINGLE_CHOICE_VALUE (ASSET_ID,ENUMERATED_VALUE_ID,PROPERTY_ID) values (300160,300068,300066);
Insert into SINGLE_CHOICE_VALUE (ASSET_ID,ENUMERATED_VALUE_ID,PROPERTY_ID) values (300164,300068,300066);
Insert into SINGLE_CHOICE_VALUE (ASSET_ID,ENUMERATED_VALUE_ID,PROPERTY_ID) values (300166,300068,300066);
Insert into SINGLE_CHOICE_VALUE (ASSET_ID,ENUMERATED_VALUE_ID,PROPERTY_ID) values (300168,300068,300066);
Insert into SINGLE_CHOICE_VALUE (ASSET_ID,ENUMERATED_VALUE_ID,PROPERTY_ID) values (300170,300068,300066);
Insert into SINGLE_CHOICE_VALUE (ASSET_ID,ENUMERATED_VALUE_ID,PROPERTY_ID) values (300173,300069,300066);
Insert into SINGLE_CHOICE_VALUE (ASSET_ID,ENUMERATED_VALUE_ID,PROPERTY_ID) values (300175,300069,300066);
Insert into SINGLE_CHOICE_VALUE (ASSET_ID,ENUMERATED_VALUE_ID,PROPERTY_ID) values (300177,300068,300066);
Insert into SINGLE_CHOICE_VALUE (ASSET_ID,ENUMERATED_VALUE_ID,PROPERTY_ID) values (300179,300068,300066);
Insert into SINGLE_CHOICE_VALUE (ASSET_ID,ENUMERATED_VALUE_ID,PROPERTY_ID) values (300181,300068,300066);
Insert into SINGLE_CHOICE_VALUE (ASSET_ID,ENUMERATED_VALUE_ID,PROPERTY_ID) values (300183,300068,300066);
Insert into SINGLE_CHOICE_VALUE (ASSET_ID,ENUMERATED_VALUE_ID,PROPERTY_ID) values (300185,300068,300066);
Insert into SINGLE_CHOICE_VALUE (ASSET_ID,ENUMERATED_VALUE_ID,PROPERTY_ID) values (300187,300069,300066);
Insert into SINGLE_CHOICE_VALUE (ASSET_ID,ENUMERATED_VALUE_ID,PROPERTY_ID) values (300189,300068,300066);
Insert into SINGLE_CHOICE_VALUE (ASSET_ID,ENUMERATED_VALUE_ID,PROPERTY_ID) values (300191,300068,300066);
Insert into SINGLE_CHOICE_VALUE (ASSET_ID,ENUMERATED_VALUE_ID,PROPERTY_ID) values (300193,300070,300066);
Insert into SINGLE_CHOICE_VALUE (ASSET_ID,ENUMERATED_VALUE_ID,PROPERTY_ID) values (300195,300068,300066);
Insert into SINGLE_CHOICE_VALUE (ASSET_ID,ENUMERATED_VALUE_ID,PROPERTY_ID) values (300197,300068,300066);
Insert into SINGLE_CHOICE_VALUE (ASSET_ID,ENUMERATED_VALUE_ID,PROPERTY_ID) values (300199,300069,300066);
Insert into SINGLE_CHOICE_VALUE (ASSET_ID,ENUMERATED_VALUE_ID,PROPERTY_ID) values (300201,300068,300066);
Insert into SINGLE_CHOICE_VALUE (ASSET_ID,ENUMERATED_VALUE_ID,PROPERTY_ID) values (300203,300068,300066);
Insert into SINGLE_CHOICE_VALUE (ASSET_ID,ENUMERATED_VALUE_ID,PROPERTY_ID) values (300205,300068,300066);
Insert into SINGLE_CHOICE_VALUE (ASSET_ID,ENUMERATED_VALUE_ID,PROPERTY_ID) values (300207,300068,300066);
Insert into SINGLE_CHOICE_VALUE (ASSET_ID,ENUMERATED_VALUE_ID,PROPERTY_ID) values (300209,300068,300066);
Insert into SINGLE_CHOICE_VALUE (ASSET_ID,ENUMERATED_VALUE_ID,PROPERTY_ID) values (300211,300068,300066);
Insert into SINGLE_CHOICE_VALUE (ASSET_ID,ENUMERATED_VALUE_ID,PROPERTY_ID) values (300213,300068,300066);
Insert into SINGLE_CHOICE_VALUE (ASSET_ID,ENUMERATED_VALUE_ID,PROPERTY_ID) values (300215,300068,300066);
Insert into SINGLE_CHOICE_VALUE (ASSET_ID,ENUMERATED_VALUE_ID,PROPERTY_ID) values (300218,300068,300066);
Insert into SINGLE_CHOICE_VALUE (ASSET_ID,ENUMERATED_VALUE_ID,PROPERTY_ID) values (300220,300068,300066);
Insert into SINGLE_CHOICE_VALUE (ASSET_ID,ENUMERATED_VALUE_ID,PROPERTY_ID) values (300224,300069,300066);
Insert into SINGLE_CHOICE_VALUE (ASSET_ID,ENUMERATED_VALUE_ID,PROPERTY_ID) values (300228,300068,300066);
Insert into SINGLE_CHOICE_VALUE (ASSET_ID,ENUMERATED_VALUE_ID,PROPERTY_ID) values (300232,300070,300066);
Insert into SINGLE_CHOICE_VALUE (ASSET_ID,ENUMERATED_VALUE_ID,PROPERTY_ID) values (300235,300068,300066);
Insert into SINGLE_CHOICE_VALUE (ASSET_ID,ENUMERATED_VALUE_ID,PROPERTY_ID) values (300241,300068,300066);
Insert into SINGLE_CHOICE_VALUE (ASSET_ID,ENUMERATED_VALUE_ID,PROPERTY_ID) values (300244,300068,300066);
Insert into SINGLE_CHOICE_VALUE (ASSET_ID,ENUMERATED_VALUE_ID,PROPERTY_ID) values (300247,300068,300066);
Insert into SINGLE_CHOICE_VALUE (ASSET_ID,ENUMERATED_VALUE_ID,PROPERTY_ID) values (300249,300068,300066);
Insert into SINGLE_CHOICE_VALUE (ASSET_ID,ENUMERATED_VALUE_ID,PROPERTY_ID) values (300251,300068,300066);
Insert into SINGLE_CHOICE_VALUE (ASSET_ID,ENUMERATED_VALUE_ID,PROPERTY_ID) values (300255,300068,300066);
Insert into SINGLE_CHOICE_VALUE (ASSET_ID,ENUMERATED_VALUE_ID,PROPERTY_ID) values (300257,300068,300066);
Insert into SINGLE_CHOICE_VALUE (ASSET_ID,ENUMERATED_VALUE_ID,PROPERTY_ID) values (300260,300068,300066);
Insert into SINGLE_CHOICE_VALUE (ASSET_ID,ENUMERATED_VALUE_ID,PROPERTY_ID) values (300263,300070,300066);
Insert into SINGLE_CHOICE_VALUE (ASSET_ID,ENUMERATED_VALUE_ID,PROPERTY_ID) values (300265,300068,300066);
Insert into SINGLE_CHOICE_VALUE (ASSET_ID,ENUMERATED_VALUE_ID,PROPERTY_ID) values (300267,300068,300066);
Insert into SINGLE_CHOICE_VALUE (ASSET_ID,ENUMERATED_VALUE_ID,PROPERTY_ID) values (300270,300068,300066);
Insert into SINGLE_CHOICE_VALUE (ASSET_ID,ENUMERATED_VALUE_ID,PROPERTY_ID) values (300272,300068,300066);
Insert into SINGLE_CHOICE_VALUE (ASSET_ID,ENUMERATED_VALUE_ID,PROPERTY_ID) values (300277,300068,300066);
Insert into SINGLE_CHOICE_VALUE (ASSET_ID,ENUMERATED_VALUE_ID,PROPERTY_ID) values (300279,300068,300066);
Insert into SINGLE_CHOICE_VALUE (ASSET_ID,ENUMERATED_VALUE_ID,PROPERTY_ID) values (300281,300068,300066);
Insert into SINGLE_CHOICE_VALUE (ASSET_ID,ENUMERATED_VALUE_ID,PROPERTY_ID) values (300286,300068,300066);
Insert into SINGLE_CHOICE_VALUE (ASSET_ID,ENUMERATED_VALUE_ID,PROPERTY_ID) values (300288,300068,300066);
Insert into SINGLE_CHOICE_VALUE (ASSET_ID,ENUMERATED_VALUE_ID,PROPERTY_ID) values (300290,300068,300066);
Insert into SINGLE_CHOICE_VALUE (ASSET_ID,ENUMERATED_VALUE_ID,PROPERTY_ID) values (300294,300069,300066);
Insert into SINGLE_CHOICE_VALUE (ASSET_ID,ENUMERATED_VALUE_ID,PROPERTY_ID) values (300296,300068,300066);
Insert into SINGLE_CHOICE_VALUE (ASSET_ID,ENUMERATED_VALUE_ID,PROPERTY_ID) values (300301,300068,300066);
Insert into SINGLE_CHOICE_VALUE (ASSET_ID,ENUMERATED_VALUE_ID,PROPERTY_ID) values (300303,300069,300066);
Insert into SINGLE_CHOICE_VALUE (ASSET_ID,ENUMERATED_VALUE_ID,PROPERTY_ID) values (300305,300069,300066);
Insert into SINGLE_CHOICE_VALUE (ASSET_ID,ENUMERATED_VALUE_ID,PROPERTY_ID) values (300309,300068,300066);
Insert into SINGLE_CHOICE_VALUE (ASSET_ID,ENUMERATED_VALUE_ID,PROPERTY_ID) values (300312,300068,300066);
Insert into SINGLE_CHOICE_VALUE (ASSET_ID,ENUMERATED_VALUE_ID,PROPERTY_ID) values (300317,300068,300066);
Insert into SINGLE_CHOICE_VALUE (ASSET_ID,ENUMERATED_VALUE_ID,PROPERTY_ID) values (300319,300069,300066);
Insert into SINGLE_CHOICE_VALUE (ASSET_ID,ENUMERATED_VALUE_ID,PROPERTY_ID) values (300321,300068,300066);
Insert into SINGLE_CHOICE_VALUE (ASSET_ID,ENUMERATED_VALUE_ID,PROPERTY_ID) values (300323,300068,300066);
Insert into SINGLE_CHOICE_VALUE (ASSET_ID,ENUMERATED_VALUE_ID,PROPERTY_ID) values (300329,300068,300066);
Insert into SINGLE_CHOICE_VALUE (ASSET_ID,ENUMERATED_VALUE_ID,PROPERTY_ID) values (300331,300068,300066);
Insert into SINGLE_CHOICE_VALUE (ASSET_ID,ENUMERATED_VALUE_ID,PROPERTY_ID) values (300342,300068,300066);
Insert into SINGLE_CHOICE_VALUE (ASSET_ID,ENUMERATED_VALUE_ID,PROPERTY_ID) values (300354,300068,300066);
Insert into SINGLE_CHOICE_VALUE (ASSET_ID,ENUMERATED_VALUE_ID,PROPERTY_ID) values (300356,300068,300066);
Insert into SINGLE_CHOICE_VALUE (ASSET_ID,ENUMERATED_VALUE_ID,PROPERTY_ID) values (300358,300069,300066);
Insert into SINGLE_CHOICE_VALUE (ASSET_ID,ENUMERATED_VALUE_ID,PROPERTY_ID) values (300360,300070,300066);
Insert into SINGLE_CHOICE_VALUE (ASSET_ID,ENUMERATED_VALUE_ID,PROPERTY_ID) values (300362,300068,300066);
Insert into SINGLE_CHOICE_VALUE (ASSET_ID,ENUMERATED_VALUE_ID,PROPERTY_ID) values (300366,300069,300066);
Insert into SINGLE_CHOICE_VALUE (ASSET_ID,ENUMERATED_VALUE_ID,PROPERTY_ID) values (300368,300069,300066);
Insert into SINGLE_CHOICE_VALUE (ASSET_ID,ENUMERATED_VALUE_ID,PROPERTY_ID) values (300370,300068,300066);
Insert into SINGLE_CHOICE_VALUE (ASSET_ID,ENUMERATED_VALUE_ID,PROPERTY_ID) values (300374,300068,300066);
Insert into SINGLE_CHOICE_VALUE (ASSET_ID,ENUMERATED_VALUE_ID,PROPERTY_ID) values (300382,300068,300066);
Insert into SINGLE_CHOICE_VALUE (ASSET_ID,ENUMERATED_VALUE_ID,PROPERTY_ID) values (300385,300068,300066);
Insert into SINGLE_CHOICE_VALUE (ASSET_ID,ENUMERATED_VALUE_ID,PROPERTY_ID) values (300387,300069,300066);
Insert into SINGLE_CHOICE_VALUE (ASSET_ID,ENUMERATED_VALUE_ID,PROPERTY_ID) values (300390,300070,300066);
Insert into SINGLE_CHOICE_VALUE (ASSET_ID,ENUMERATED_VALUE_ID,PROPERTY_ID) values (300392,300070,300066);
Insert into SINGLE_CHOICE_VALUE (ASSET_ID,ENUMERATED_VALUE_ID,PROPERTY_ID) values (300394,300068,300066);
Insert into SINGLE_CHOICE_VALUE (ASSET_ID,ENUMERATED_VALUE_ID,PROPERTY_ID) values (300405,300068,300066);
Insert into SINGLE_CHOICE_VALUE (ASSET_ID,ENUMERATED_VALUE_ID,PROPERTY_ID) values (300407,300068,300066);
Insert into SINGLE_CHOICE_VALUE (ASSET_ID,ENUMERATED_VALUE_ID,PROPERTY_ID) values (300409,300068,300066);
Insert into SINGLE_CHOICE_VALUE (ASSET_ID,ENUMERATED_VALUE_ID,PROPERTY_ID) values (300411,300068,300066);
Insert into SINGLE_CHOICE_VALUE (ASSET_ID,ENUMERATED_VALUE_ID,PROPERTY_ID) values (300413,300068,300066);
Insert into SINGLE_CHOICE_VALUE (ASSET_ID,ENUMERATED_VALUE_ID,PROPERTY_ID) values (300415,300070,300066);
Insert into SINGLE_CHOICE_VALUE (ASSET_ID,ENUMERATED_VALUE_ID,PROPERTY_ID) values (300417,300069,300066);
Insert into SINGLE_CHOICE_VALUE (ASSET_ID,ENUMERATED_VALUE_ID,PROPERTY_ID) values (300419,300068,300066);
Insert into SINGLE_CHOICE_VALUE (ASSET_ID,ENUMERATED_VALUE_ID,PROPERTY_ID) values (300422,300069,300066);
Insert into SINGLE_CHOICE_VALUE (ASSET_ID,ENUMERATED_VALUE_ID,PROPERTY_ID) values (300430,300070,300066);
Insert into SINGLE_CHOICE_VALUE (ASSET_ID,ENUMERATED_VALUE_ID,PROPERTY_ID) values (300432,300068,300066);
Insert into SINGLE_CHOICE_VALUE (ASSET_ID,ENUMERATED_VALUE_ID,PROPERTY_ID) values (300434,300068,300066);
Insert into SINGLE_CHOICE_VALUE (ASSET_ID,ENUMERATED_VALUE_ID,PROPERTY_ID) values (300437,300069,300066);
Insert into SINGLE_CHOICE_VALUE (ASSET_ID,ENUMERATED_VALUE_ID,PROPERTY_ID) values (300449,300068,300066);
Insert into SINGLE_CHOICE_VALUE (ASSET_ID,ENUMERATED_VALUE_ID,PROPERTY_ID) values (300451,300069,300066);
Insert into SINGLE_CHOICE_VALUE (ASSET_ID,ENUMERATED_VALUE_ID,PROPERTY_ID) values (300453,300069,300066);
Insert into SINGLE_CHOICE_VALUE (ASSET_ID,ENUMERATED_VALUE_ID,PROPERTY_ID) values (300456,300068,300066);
Insert into SINGLE_CHOICE_VALUE (ASSET_ID,ENUMERATED_VALUE_ID,PROPERTY_ID) values (300459,300068,300066);
Insert into SINGLE_CHOICE_VALUE (ASSET_ID,ENUMERATED_VALUE_ID,PROPERTY_ID) values (300462,300068,300066);
Insert into SINGLE_CHOICE_VALUE (ASSET_ID,ENUMERATED_VALUE_ID,PROPERTY_ID) values (300464,300068,300066);
Insert into SINGLE_CHOICE_VALUE (ASSET_ID,ENUMERATED_VALUE_ID,PROPERTY_ID) values (300466,300068,300066);
Insert into SINGLE_CHOICE_VALUE (ASSET_ID,ENUMERATED_VALUE_ID,PROPERTY_ID) values (300469,300068,300066);
Insert into SINGLE_CHOICE_VALUE (ASSET_ID,ENUMERATED_VALUE_ID,PROPERTY_ID) values (300471,300068,300066);
Insert into SINGLE_CHOICE_VALUE (ASSET_ID,ENUMERATED_VALUE_ID,PROPERTY_ID) values (300473,300068,300066);
Insert into SINGLE_CHOICE_VALUE (ASSET_ID,ENUMERATED_VALUE_ID,PROPERTY_ID) values (300476,300068,300066);
Insert into SINGLE_CHOICE_VALUE (ASSET_ID,ENUMERATED_VALUE_ID,PROPERTY_ID) values (300481,300069,300066);
Insert into SINGLE_CHOICE_VALUE (ASSET_ID,ENUMERATED_VALUE_ID,PROPERTY_ID) values (300483,300068,300066);
Insert into SINGLE_CHOICE_VALUE (ASSET_ID,ENUMERATED_VALUE_ID,PROPERTY_ID) values (300486,300068,300066);
Insert into SINGLE_CHOICE_VALUE (ASSET_ID,ENUMERATED_VALUE_ID,PROPERTY_ID) values (300488,300068,300066);
Insert into SINGLE_CHOICE_VALUE (ASSET_ID,ENUMERATED_VALUE_ID,PROPERTY_ID) values (300490,300068,300066);
Insert into SINGLE_CHOICE_VALUE (ASSET_ID,ENUMERATED_VALUE_ID,PROPERTY_ID) values (300494,300069,300066);
Insert into SINGLE_CHOICE_VALUE (ASSET_ID,ENUMERATED_VALUE_ID,PROPERTY_ID) values (300505,300069,300066);
Insert into SINGLE_CHOICE_VALUE (ASSET_ID,ENUMERATED_VALUE_ID,PROPERTY_ID) values (300507,300070,300066);
Insert into SINGLE_CHOICE_VALUE (ASSET_ID,ENUMERATED_VALUE_ID,PROPERTY_ID) values (300509,300068,300066);
Insert into SINGLE_CHOICE_VALUE (ASSET_ID,ENUMERATED_VALUE_ID,PROPERTY_ID) values (300514,300070,300066);
Insert into SINGLE_CHOICE_VALUE (ASSET_ID,ENUMERATED_VALUE_ID,PROPERTY_ID) values (300516,300068,300066);
Insert into SINGLE_CHOICE_VALUE (ASSET_ID,ENUMERATED_VALUE_ID,PROPERTY_ID) values (300519,300068,300066);
Insert into SINGLE_CHOICE_VALUE (ASSET_ID,ENUMERATED_VALUE_ID,PROPERTY_ID) values (300523,300068,300066);
Insert into SINGLE_CHOICE_VALUE (ASSET_ID,ENUMERATED_VALUE_ID,PROPERTY_ID) values (300525,300068,300066);
Insert into SINGLE_CHOICE_VALUE (ASSET_ID,ENUMERATED_VALUE_ID,PROPERTY_ID) values (300527,300069,300066);
Insert into SINGLE_CHOICE_VALUE (ASSET_ID,ENUMERATED_VALUE_ID,PROPERTY_ID) values (300529,300069,300066);
Insert into SINGLE_CHOICE_VALUE (ASSET_ID,ENUMERATED_VALUE_ID,PROPERTY_ID) values (300531,300070,300066);
Insert into SINGLE_CHOICE_VALUE (ASSET_ID,ENUMERATED_VALUE_ID,PROPERTY_ID) values (300533,300070,300066);
Insert into SINGLE_CHOICE_VALUE (ASSET_ID,ENUMERATED_VALUE_ID,PROPERTY_ID) values (300535,300068,300066);
Insert into SINGLE_CHOICE_VALUE (ASSET_ID,ENUMERATED_VALUE_ID,PROPERTY_ID) values (300537,300068,300066);
Insert into SINGLE_CHOICE_VALUE (ASSET_ID,ENUMERATED_VALUE_ID,PROPERTY_ID) values (300540,300069,300066);
Insert into SINGLE_CHOICE_VALUE (ASSET_ID,ENUMERATED_VALUE_ID,PROPERTY_ID) values (300543,300069,300066);
Insert into SINGLE_CHOICE_VALUE (ASSET_ID,ENUMERATED_VALUE_ID,PROPERTY_ID) values (300545,300068,300066);
Insert into SINGLE_CHOICE_VALUE (ASSET_ID,ENUMERATED_VALUE_ID,PROPERTY_ID) values (300547,300068,300066);
Insert into SINGLE_CHOICE_VALUE (ASSET_ID,ENUMERATED_VALUE_ID,PROPERTY_ID) values (300550,300068,300066);
Insert into SINGLE_CHOICE_VALUE (ASSET_ID,ENUMERATED_VALUE_ID,PROPERTY_ID) values (300552,300068,300066);
Insert into SINGLE_CHOICE_VALUE (ASSET_ID,ENUMERATED_VALUE_ID,PROPERTY_ID) values (300554,300068,300066);
Insert into SINGLE_CHOICE_VALUE (ASSET_ID,ENUMERATED_VALUE_ID,PROPERTY_ID) values (300556,300068,300066);
Insert into SINGLE_CHOICE_VALUE (ASSET_ID,ENUMERATED_VALUE_ID,PROPERTY_ID) values (300558,300068,300066);
Insert into SINGLE_CHOICE_VALUE (ASSET_ID,ENUMERATED_VALUE_ID,PROPERTY_ID) values (300560,300068,300066);
Insert into SINGLE_CHOICE_VALUE (ASSET_ID,ENUMERATED_VALUE_ID,PROPERTY_ID) values (300562,300068,300066);
Insert into SINGLE_CHOICE_VALUE (ASSET_ID,ENUMERATED_VALUE_ID,PROPERTY_ID) values (300564,300068,300066);
Insert into SINGLE_CHOICE_VALUE (ASSET_ID,ENUMERATED_VALUE_ID,PROPERTY_ID) values (300566,300068,300066);
Insert into SINGLE_CHOICE_VALUE (ASSET_ID,ENUMERATED_VALUE_ID,PROPERTY_ID) values (300568,300068,300066);
Insert into SINGLE_CHOICE_VALUE (ASSET_ID,ENUMERATED_VALUE_ID,PROPERTY_ID) values (300578,300069,300066);
Insert into SINGLE_CHOICE_VALUE (ASSET_ID,ENUMERATED_VALUE_ID,PROPERTY_ID) values (300580,300069,300066);
Insert into SINGLE_CHOICE_VALUE (ASSET_ID,ENUMERATED_VALUE_ID,PROPERTY_ID) values (300582,300070,300066);
Insert into SINGLE_CHOICE_VALUE (ASSET_ID,ENUMERATED_VALUE_ID,PROPERTY_ID) values (300584,300070,300066);
Insert into SINGLE_CHOICE_VALUE (ASSET_ID,ENUMERATED_VALUE_ID,PROPERTY_ID) values (300666,300068,300066);
Insert into SINGLE_CHOICE_VALUE (ASSET_ID,ENUMERATED_VALUE_ID,PROPERTY_ID) values (300669,300068,300066);
Insert into SINGLE_CHOICE_VALUE (ASSET_ID,ENUMERATED_VALUE_ID,PROPERTY_ID) values (300673,300068,300066);
Insert into SINGLE_CHOICE_VALUE (ASSET_ID,ENUMERATED_VALUE_ID,PROPERTY_ID) values (300804,300069,300066);
Insert into SINGLE_CHOICE_VALUE (ASSET_ID,ENUMERATED_VALUE_ID,PROPERTY_ID) values (300806,300069,300066);
Insert into SINGLE_CHOICE_VALUE (ASSET_ID,ENUMERATED_VALUE_ID,PROPERTY_ID) values (300808,300069,300066);
Insert into SINGLE_CHOICE_VALUE (ASSET_ID,ENUMERATED_VALUE_ID,PROPERTY_ID) values (300810,300069,300066);
Insert into SINGLE_CHOICE_VALUE (ASSET_ID,ENUMERATED_VALUE_ID,PROPERTY_ID) values (300812,300069,300066);
Insert into SINGLE_CHOICE_VALUE (ASSET_ID,ENUMERATED_VALUE_ID,PROPERTY_ID) values (300814,300069,300066);
Insert into SINGLE_CHOICE_VALUE (ASSET_ID,ENUMERATED_VALUE_ID,PROPERTY_ID) values (300816,300068,300066);
Insert into SINGLE_CHOICE_VALUE (ASSET_ID,ENUMERATED_VALUE_ID,PROPERTY_ID) values (300818,300068,300066);
Insert into SINGLE_CHOICE_VALUE (ASSET_ID,ENUMERATED_VALUE_ID,PROPERTY_ID) values (300821,300068,300066);
Insert into SINGLE_CHOICE_VALUE (ASSET_ID,ENUMERATED_VALUE_ID,PROPERTY_ID) values (300829,300068,300066);
Insert into SINGLE_CHOICE_VALUE (ASSET_ID,ENUMERATED_VALUE_ID,PROPERTY_ID) values (300586,300068,300066);
Insert into SINGLE_CHOICE_VALUE (ASSET_ID,ENUMERATED_VALUE_ID,PROPERTY_ID) values (300675,300068,300066);
Insert into SINGLE_CHOICE_VALUE (ASSET_ID,ENUMERATED_VALUE_ID,PROPERTY_ID) values (300695,300068,300066);
Insert into SINGLE_CHOICE_VALUE (ASSET_ID,ENUMERATED_VALUE_ID,PROPERTY_ID) values (300698,300068,300066);
Insert into SINGLE_CHOICE_VALUE (ASSET_ID,ENUMERATED_VALUE_ID,PROPERTY_ID) values (300702,300068,300066);
Insert into SINGLE_CHOICE_VALUE (ASSET_ID,ENUMERATED_VALUE_ID,PROPERTY_ID) values (300764,300069,300066);
Insert into SINGLE_CHOICE_VALUE (ASSET_ID,ENUMERATED_VALUE_ID,PROPERTY_ID) values (300831,300070,300066);
Insert into SINGLE_CHOICE_VALUE (ASSET_ID,ENUMERATED_VALUE_ID,PROPERTY_ID) values (300833,300068,300066);
Insert into SINGLE_CHOICE_VALUE (ASSET_ID,ENUMERATED_VALUE_ID,PROPERTY_ID) values (300835,300069,300066);
Insert into SINGLE_CHOICE_VALUE (ASSET_ID,ENUMERATED_VALUE_ID,PROPERTY_ID) values (300837,300068,300066);
