Insert into MANOEUVRE (ID,TYPE,ADDITIONAL_INFO,MODIFIED_DATE,MODIFIED_BY) values (97666,2,'Yksityisalue!',to_timestamp('24-FEB-15','DD-MON-RR'),'dr1_conversion');
Insert into MANOEUVRE (ID,TYPE,ADDITIONAL_INFO,MODIFIED_DATE,MODIFIED_BY) values (97665,2,'Kielletään kaikki!',to_timestamp('24-FEB-15','DD-MON-RR'),'dr1_conversion');
Insert into MANOEUVRE (ID,TYPE,ADDITIONAL_INFO,MODIFIED_DATE,MODIFIED_BY) values (39560,2,null,to_timestamp('24-FEB-15','DD-MON-RR'),'dr1_conversion');
Insert into MANOEUVRE (ID,TYPE,ADDITIONAL_INFO,MODIFIED_DATE,MODIFIED_BY) values (39559,2,null,to_timestamp('24-FEB-15','DD-MON-RR'),'dr1_conversion');
Insert into MANOEUVRE (ID,TYPE,ADDITIONAL_INFO,MODIFIED_DATE,MODIFIED_BY) values (39564,2,'Ei mitään asiaa tänne!',to_timestamp('24-FEB-15','DD-MON-RR'),'dr1_conversion');
Insert into MANOEUVRE (ID,TYPE,ADDITIONAL_INFO,MODIFIED_DATE,MODIFIED_BY) values (39561,2,'Täällä ei ole mitään nähtävää',to_timestamp('24-FEB-15','DD-MON-RR'),'dr1_conversion');
Insert into MANOEUVRE (ID,TYPE,ADDITIONAL_INFO,MODIFIED_DATE,MODIFIED_BY) values (39558,2,null,to_timestamp('24-FEB-15','DD-MON-RR'),'dr1_conversion');
Insert into MANOEUVRE (ID,TYPE,ADDITIONAL_INFO,MODIFIED_DATE,MODIFIED_BY) values (39563,2,'Seis!',to_timestamp('24-FEB-15','DD-MON-RR'),'dr1_conversion');
Insert into MANOEUVRE (ID,TYPE,ADDITIONAL_INFO,MODIFIED_DATE,MODIFIED_BY) values (39562,2,'This is a local road for local people',to_timestamp('24-FEB-15','DD-MON-RR'),'dr1_conversion');

Insert into MANOEUVRE_ELEMENT (MANOEUVRE_ID,ROAD_LINK_ID,ELEMENT_TYPE, MML_ID) values (97666,6586,3, 388569418);
Insert into MANOEUVRE_ELEMENT (MANOEUVRE_ID,ROAD_LINK_ID,ELEMENT_TYPE, MML_ID) values (97665,6683,3, 388570174);
Insert into MANOEUVRE_ELEMENT (MANOEUVRE_ID,ROAD_LINK_ID,ELEMENT_TYPE, MML_ID) values (97666,6674,1, 388569430);
Insert into MANOEUVRE_ELEMENT (MANOEUVRE_ID,ROAD_LINK_ID,ELEMENT_TYPE, MML_ID) values (97665,6674,1, 388569430);
Insert into MANOEUVRE_ELEMENT (MANOEUVRE_ID,ROAD_LINK_ID,ELEMENT_TYPE, MML_ID) values (39560,6948,1, 388569400);
Insert into MANOEUVRE_ELEMENT (MANOEUVRE_ID,ROAD_LINK_ID,ELEMENT_TYPE, MML_ID) values (39559,6868,3, 388562354);
Insert into MANOEUVRE_ELEMENT (MANOEUVRE_ID,ROAD_LINK_ID,ELEMENT_TYPE, MML_ID) values (39564,7292,1, 388569436);
Insert into MANOEUVRE_ELEMENT (MANOEUVRE_ID,ROAD_LINK_ID,ELEMENT_TYPE, MML_ID) values (39561,6725,3, 388569406);
Insert into MANOEUVRE_ELEMENT (MANOEUVRE_ID,ROAD_LINK_ID,ELEMENT_TYPE, MML_ID) values (39558,7377,1, 388562348);
Insert into MANOEUVRE_ELEMENT (MANOEUVRE_ID,ROAD_LINK_ID,ELEMENT_TYPE, MML_ID) values (39559,6585,1, 388569442);
Insert into MANOEUVRE_ELEMENT (MANOEUVRE_ID,ROAD_LINK_ID,ELEMENT_TYPE, MML_ID) values (39560,6605,3, 391203450);
Insert into MANOEUVRE_ELEMENT (MANOEUVRE_ID,ROAD_LINK_ID,ELEMENT_TYPE, MML_ID) values (39563,6907,1, 388569412);
Insert into MANOEUVRE_ELEMENT (MANOEUVRE_ID,ROAD_LINK_ID,ELEMENT_TYPE, MML_ID) values (39558,7292,3, 388569436);
Insert into MANOEUVRE_ELEMENT (MANOEUVRE_ID,ROAD_LINK_ID,ELEMENT_TYPE, MML_ID) values (39561,6846,1, 388562342);
Insert into MANOEUVRE_ELEMENT (MANOEUVRE_ID,ROAD_LINK_ID,ELEMENT_TYPE, MML_ID) values (39562,6683,1, 388570174);
Insert into MANOEUVRE_ELEMENT (MANOEUVRE_ID,ROAD_LINK_ID,ELEMENT_TYPE, MML_ID) values (39562,7389,3, 388569394);
Insert into MANOEUVRE_ELEMENT (MANOEUVRE_ID,ROAD_LINK_ID,ELEMENT_TYPE, MML_ID) values (39564,6804,3, 388569424);
Insert into MANOEUVRE_ELEMENT (MANOEUVRE_ID,ROAD_LINK_ID,ELEMENT_TYPE, MML_ID) values (39563,6804,3, 388569424);

-- Ajoneuvo sallittu poikkeussännöt:
-- 4 Kuorma-auto
-- 5 Linja-auto
-- 6 Pakettiauto
-- 7 Henkilöauto
-- 8 Taksi
-- 13 Ajoneuvoyhdistelmä
-- 14 Traktori tai maatalousajoneuvo
-- 15 Matkailuajoneuvo
-- 16 Jakeluauto
-- 18 Kimppakyytiajoneuvo
-- 19 Sotilasajoneuvo
-- 20 Vaarallista lastia kuljettava ajoneuvo
-- 21 Huoltoajo
-- 22 Tontille ajo

Insert into MANOEUVRE_EXCEPTIONS (MANOEUVRE_ID, EXCEPTION_TYPE) values (97666, 4);
Insert into MANOEUVRE_EXCEPTIONS (MANOEUVRE_ID, EXCEPTION_TYPE) values (97666, 5);
Insert into MANOEUVRE_EXCEPTIONS (MANOEUVRE_ID, EXCEPTION_TYPE) values (97665, 8);
Insert into MANOEUVRE_EXCEPTIONS (MANOEUVRE_ID, EXCEPTION_TYPE) values (97665, 16);
Insert into MANOEUVRE_EXCEPTIONS (MANOEUVRE_ID, EXCEPTION_TYPE) values (97665, 18);
Insert into MANOEUVRE_EXCEPTIONS (MANOEUVRE_ID, EXCEPTION_TYPE) values (97665, 19);
Insert into MANOEUVRE_EXCEPTIONS (MANOEUVRE_ID, EXCEPTION_TYPE) values (39558, 21);
Insert into MANOEUVRE_EXCEPTIONS (MANOEUVRE_ID, EXCEPTION_TYPE) values (39559, 21);
Insert into MANOEUVRE_EXCEPTIONS (MANOEUVRE_ID, EXCEPTION_TYPE) values (39560, 21);
Insert into MANOEUVRE_EXCEPTIONS (MANOEUVRE_ID, EXCEPTION_TYPE) values (39561, 19);
Insert into MANOEUVRE_EXCEPTIONS (MANOEUVRE_ID, EXCEPTION_TYPE) values (39561, 21);
Insert into MANOEUVRE_EXCEPTIONS (MANOEUVRE_ID, EXCEPTION_TYPE) values (39561, 22);

insert into MANOEUVRE_VALIDITY_PERIOD (id, manoeuvre_id, type, START_HOUR, END_HOUR) values (600034, 97666, 1, 12, 16);
insert into MANOEUVRE_VALIDITY_PERIOD (id, manoeuvre_id, type, START_HOUR, END_HOUR) values (600035, 97666, 2, 12, 16);
insert into MANOEUVRE_VALIDITY_PERIOD (id, manoeuvre_id, type, START_HOUR, END_HOUR) values (600036, 97666, 3, 12, 16);
insert into MANOEUVRE_VALIDITY_PERIOD (id, manoeuvre_id, type, START_HOUR, END_HOUR) values (600037, 97665, 1, 14, 20);
insert into MANOEUVRE_VALIDITY_PERIOD (id, manoeuvre_id, type, START_HOUR, END_HOUR) values (600038, 39564, 1, 10, 16);
insert into MANOEUVRE_VALIDITY_PERIOD (id, manoeuvre_id, type, START_HOUR, END_HOUR) values (600039, 39561, 3, 22, 8);

