Insert into MANOEUVRE (ID,TYPE,ADDITIONAL_INFO,MODIFIED_DATE,MODIFIED_BY) values (97666,2,'Yksityisalue!',to_timestamp('24-FEB-15','DD-MON-RR'),'dr1_conversion');
Insert into MANOEUVRE (ID,TYPE,ADDITIONAL_INFO,MODIFIED_DATE,MODIFIED_BY) values (97665,2,'Kielletään kaikki!',to_timestamp('24-FEB-15','DD-MON-RR'),'dr1_conversion');
Insert into MANOEUVRE (ID,TYPE,ADDITIONAL_INFO,MODIFIED_DATE,MODIFIED_BY) values (39560,2,null,to_timestamp('24-FEB-15','DD-MON-RR'),'dr1_conversion');
Insert into MANOEUVRE (ID,TYPE,ADDITIONAL_INFO,MODIFIED_DATE,MODIFIED_BY) values (39559,2,null,to_timestamp('24-FEB-15','DD-MON-RR'),'dr1_conversion');
Insert into MANOEUVRE (ID,TYPE,ADDITIONAL_INFO,MODIFIED_DATE,MODIFIED_BY) values (39564,2,'Ei mitään asiaa tänne!',to_timestamp('24-FEB-15','DD-MON-RR'),'dr1_conversion');
Insert into MANOEUVRE (ID,TYPE,ADDITIONAL_INFO,MODIFIED_DATE,MODIFIED_BY) values (39561,2,'Täällä ei ole mitään nähtävää',to_timestamp('24-FEB-15','DD-MON-RR'),'dr1_conversion');
Insert into MANOEUVRE (ID,TYPE,ADDITIONAL_INFO,MODIFIED_DATE,MODIFIED_BY) values (39558,2,null,to_timestamp('24-FEB-15','DD-MON-RR'),'dr1_conversion');
Insert into MANOEUVRE (ID,TYPE,ADDITIONAL_INFO,MODIFIED_DATE,MODIFIED_BY) values (39563,2,'Seis!',to_timestamp('24-FEB-15','DD-MON-RR'),'dr1_conversion');
Insert into MANOEUVRE (ID,TYPE,ADDITIONAL_INFO,MODIFIED_DATE,MODIFIED_BY) values (39562,2,'This is a local road for local people',to_timestamp('24-FEB-15','DD-MON-RR'),'dr1_conversion');

Insert into MANOEUVRE_ELEMENT (MANOEUVRE_ID,ELEMENT_TYPE,MML_ID,LINK_ID) values (97666,3,388569418,1611410);
Insert into MANOEUVRE_ELEMENT (MANOEUVRE_ID,ELEMENT_TYPE,MML_ID,LINK_ID) values (97665,3,388570174,1611411);
Insert into MANOEUVRE_ELEMENT (MANOEUVRE_ID,ELEMENT_TYPE,MML_ID,LINK_ID) values (97666,1,388569430,1611412);
Insert into MANOEUVRE_ELEMENT (MANOEUVRE_ID,ELEMENT_TYPE,MML_ID,LINK_ID) values (97665,1,388569430,1611412);
Insert into MANOEUVRE_ELEMENT (MANOEUVRE_ID,ELEMENT_TYPE,MML_ID,LINK_ID) values (39560,1,388569400,1611428);
Insert into MANOEUVRE_ELEMENT (MANOEUVRE_ID,ELEMENT_TYPE,MML_ID,LINK_ID) values (39559,3,388562354,1611425);
Insert into MANOEUVRE_ELEMENT (MANOEUVRE_ID,ELEMENT_TYPE,MML_ID,LINK_ID) values (39564,1,388569436,1611421);
Insert into MANOEUVRE_ELEMENT (MANOEUVRE_ID,ELEMENT_TYPE,MML_ID,LINK_ID) values (39561,3,388569406,1611420);
Insert into MANOEUVRE_ELEMENT (MANOEUVRE_ID,ELEMENT_TYPE,MML_ID,LINK_ID) values (39558,1,388562348,1611423);
Insert into MANOEUVRE_ELEMENT (MANOEUVRE_ID,ELEMENT_TYPE,MML_ID,LINK_ID) values (39559,1,388569442,1611424);
Insert into MANOEUVRE_ELEMENT (MANOEUVRE_ID,ELEMENT_TYPE,MML_ID,LINK_ID) values (39560,3,391203450,1611427);
Insert into MANOEUVRE_ELEMENT (MANOEUVRE_ID,ELEMENT_TYPE,MML_ID,LINK_ID) values (39563,1,388569412,1611418);
Insert into MANOEUVRE_ELEMENT (MANOEUVRE_ID,ELEMENT_TYPE,MML_ID,LINK_ID) values (39558,3,388569436,1611421);
Insert into MANOEUVRE_ELEMENT (MANOEUVRE_ID,ELEMENT_TYPE,MML_ID,LINK_ID) values (39561,1,388562342,1611419);
Insert into MANOEUVRE_ELEMENT (MANOEUVRE_ID,ELEMENT_TYPE,MML_ID,LINK_ID) values (39562,1,388570174,1611411);
Insert into MANOEUVRE_ELEMENT (MANOEUVRE_ID,ELEMENT_TYPE,MML_ID,LINK_ID) values (39562,3,388569394,1611426);
Insert into MANOEUVRE_ELEMENT (MANOEUVRE_ID,ELEMENT_TYPE,MML_ID,LINK_ID) values (39564,3,388569424,1611417);
Insert into MANOEUVRE_ELEMENT (MANOEUVRE_ID,ELEMENT_TYPE,MML_ID,LINK_ID) values (39563,3,388569424,1611417);

-- Ajoneuvo sallittu poikkeussännöt:
-- 4 Kuorma-auto
-- 5 Linja-auto
-- 6 Pakettiauto
-- 7 Henkilöauto
-- 8 Taksi
-- 13 Ajoneuvoyhdistelmä
-- 14 Traktori tai maatalousajoneuvo
-- 15 Matkailuajoneuvo
-- 16 Jakeluauto
-- 18 Kimppakyytiajoneuvo
-- 19 Sotilasajoneuvo
-- 20 Vaarallista lastia kuljettava ajoneuvo
-- 21 Huoltoajo
-- 22 Tontille ajo

Insert into MANOEUVRE_EXCEPTIONS (MANOEUVRE_ID, EXCEPTION_TYPE) values (97666, 4);
Insert into MANOEUVRE_EXCEPTIONS (MANOEUVRE_ID, EXCEPTION_TYPE) values (97666, 5);
Insert into MANOEUVRE_EXCEPTIONS (MANOEUVRE_ID, EXCEPTION_TYPE) values (97665, 8);
Insert into MANOEUVRE_EXCEPTIONS (MANOEUVRE_ID, EXCEPTION_TYPE) values (97665, 16);
Insert into MANOEUVRE_EXCEPTIONS (MANOEUVRE_ID, EXCEPTION_TYPE) values (97665, 18);
Insert into MANOEUVRE_EXCEPTIONS (MANOEUVRE_ID, EXCEPTION_TYPE) values (97665, 19);
Insert into MANOEUVRE_EXCEPTIONS (MANOEUVRE_ID, EXCEPTION_TYPE) values (39558, 21);
Insert into MANOEUVRE_EXCEPTIONS (MANOEUVRE_ID, EXCEPTION_TYPE) values (39559, 21);
Insert into MANOEUVRE_EXCEPTIONS (MANOEUVRE_ID, EXCEPTION_TYPE) values (39560, 21);
Insert into MANOEUVRE_EXCEPTIONS (MANOEUVRE_ID, EXCEPTION_TYPE) values (39561, 19);
Insert into MANOEUVRE_EXCEPTIONS (MANOEUVRE_ID, EXCEPTION_TYPE) values (39561, 21);
Insert into MANOEUVRE_EXCEPTIONS (MANOEUVRE_ID, EXCEPTION_TYPE) values (39564, 8);
Insert into MANOEUVRE_EXCEPTIONS (MANOEUVRE_ID, EXCEPTION_TYPE) values (39564, 21);
Insert into MANOEUVRE_EXCEPTIONS (MANOEUVRE_ID, EXCEPTION_TYPE) values (39564, 22);

insert into MANOEUVRE_VALIDITY_PERIOD (id, manoeuvre_id, type, START_HOUR, END_HOUR) values (600034, 97666, 1, 12, 16);
insert into MANOEUVRE_VALIDITY_PERIOD (id, manoeuvre_id, type, START_HOUR, END_HOUR) values (600035, 97666, 2, 12, 16);
insert into MANOEUVRE_VALIDITY_PERIOD (id, manoeuvre_id, type, START_HOUR, END_HOUR) values (600036, 97666, 3, 12, 16);
insert into MANOEUVRE_VALIDITY_PERIOD (id, manoeuvre_id, type, START_HOUR, END_HOUR) values (600037, 97665, 1, 14, 20);
insert into MANOEUVRE_VALIDITY_PERIOD (id, manoeuvre_id, type, START_HOUR, END_HOUR) values (600038, 39564, 1, 10, 16);
insert into MANOEUVRE_VALIDITY_PERIOD (id, manoeuvre_id, type, START_HOUR, END_HOUR) values (600039, 39564, 2, 10, 16);
insert into MANOEUVRE_VALIDITY_PERIOD (id, manoeuvre_id, type, START_HOUR, END_HOUR) values (600040, 39561, 3, 22, 8);

