-- Cases 5&6 (divided): OLD_ID: 5169516 --> NEW_ID: 6565223, NEW_ID: 6565226
  INSERT INTO ASSET (ID,ASSET_TYPE_ID,FLOATING,CREATED_BY) values (700001,20,0,'testfixture');
  INSERT INTO LRM_POSITION (ID, LINK_ID, MML_ID, START_MEASURE, END_MEASURE, SIDE_CODE) VALUES (50000020, 5169516, null, 0.000, 10.551, 1);
  INSERT INTO ASSET_LINK (ASSET_ID,POSITION_ID) values (700001,50000020);
  INSERT INTO SINGLE_CHOICE_VALUE (ASSET_ID,ENUMERATED_VALUE_ID,PROPERTY_ID) values (700001,(select id from enumerated_value where value = 40),(select id from property where public_id = 'rajoitus'));

--Cases 5&6 (divided INSERT INTO three): OLD_ID: 5169764 --> NEW_IDS: 6565284,  6565286, 6565287;
  INSERT INTO ASSET (ID,ASSET_TYPE_ID,FLOATING,CREATED_BY) values (700002,20,0,'testfixture');
  INSERT INTO LRM_POSITION (ID, LINK_ID, MML_ID, START_MEASURE, END_MEASURE, SIDE_CODE) VALUES (50000022, 5169764, null, 0.000, 380.551, 1);
  INSERT INTO ASSET_LINK (ASSET_ID,POSITION_ID) values (700002,50000022);
  INSERT INTO SINGLE_CHOICE_VALUE (ASSET_ID,ENUMERATED_VALUE_ID,PROPERTY_ID) values (700002,(select id from enumerated_value where value = 40),(select id from property where public_id = 'rajoitus'));

-- Cases 1&2 (3 old links combined):  OLD_ID: 2225999, OLD_ID: 2226035, OLD_ID: 2226036  --> NEW_ID: 6564314

  INSERT INTO ASSET (ID,ASSET_TYPE_ID,FLOATING,CREATED_BY) values (700003,20,0,'testfixture');
  INSERT INTO LRM_POSITION (ID, LINK_ID, MML_ID, START_MEASURE, END_MEASURE, SIDE_CODE) VALUES (50000024, 2225999, null, 0.000, 20.551, 1);
  INSERT INTO ASSET_LINK (ASSET_ID,POSITION_ID) values (700003,50000024);
  INSERT INTO SINGLE_CHOICE_VALUE (ASSET_ID,ENUMERATED_VALUE_ID,PROPERTY_ID) values (700003,(select id from enumerated_value where value = 40),(select id from property where public_id = 'rajoitus'));

  INSERT INTO ASSET (ID,ASSET_TYPE_ID,FLOATING,CREATED_BY) values (700004,20,0,'testfixture');
  INSERT INTO LRM_POSITION (ID, LINK_ID, MML_ID, START_MEASURE, END_MEASURE, SIDE_CODE) VALUES (50000026, 2226035, null, 0.000, 20.551, 1);
  INSERT INTO ASSET_LINK (ASSET_ID,POSITION_ID) values (700004,50000026);
  INSERT INTO SINGLE_CHOICE_VALUE (ASSET_ID,ENUMERATED_VALUE_ID,PROPERTY_ID) values (700004,(select id from enumerated_value where value = 40),(select id from property where public_id = 'rajoitus'));

  INSERT INTO ASSET (ID,ASSET_TYPE_ID,FLOATING,CREATED_BY) values (700005,20,0,'testfixture');
  INSERT INTO LRM_POSITION (ID, LINK_ID, MML_ID, START_MEASURE, END_MEASURE, SIDE_CODE) VALUES (50000028, 2226036, null, 0.000, 20.551, 1);
  INSERT INTO ASSET_LINK (ASSET_ID,POSITION_ID) values (700005,50000028);
  INSERT INTO SINGLE_CHOICE_VALUE (ASSET_ID,ENUMERATED_VALUE_ID,PROPERTY_ID) values (700005,(select id from enumerated_value where value = 40),(select id from property where public_id = 'rajoitus'));

-- Cases 3&4 (elongated road) 6470196 -> 6470196

  INSERT INTO ASSET (ID,ASSET_TYPE_ID,FLOATING,CREATED_BY) values (700006,20,0,'testfixture');
  INSERT INTO LRM_POSITION (ID, LINK_ID, MML_ID, START_MEASURE, END_MEASURE, SIDE_CODE) VALUES (50000030, 6470196, 321633591, 0.000, 153.57, 1);
  INSERT INTO ASSET_LINK (ASSET_ID,POSITION_ID) values (700006,50000030);
  INSERT INTO SINGLE_CHOICE_VALUE (ASSET_ID,ENUMERATED_VALUE_ID,PROPERTY_ID) values (700006,(select id from enumerated_value where value = 80),(select id from property where public_id = 'rajoitus'));
-- Cases 3&4 (lengthened): OLD_ ID: 2226334, NEW_ID: 2226334
-- Speed limit case 2 (separate)
  INSERT INTO ASSET (ID,ASSET_TYPE_ID,FLOATING) values (700100,20,0);
  INSERT INTO LRM_POSITION (ID, LINK_ID, MML_ID, START_MEASURE, END_MEASURE, SIDE_CODE) VALUES (50000050, 2226334, null, 0.000, 426.5, 2);
  INSERT INTO ASSET_LINK (ASSET_ID,POSITION_ID) values (700100,50000050);
  INSERT INTO SINGLE_CHOICE_VALUE (ASSET_ID,ENUMERATED_VALUE_ID,PROPERTY_ID) values (700100,(select id from enumerated_value where value = 80),(select id from property where public_id = 'rajoitus'));
  INSERT INTO ASSET (ID,ASSET_TYPE_ID,FLOATING) values (700102,20,0);
  INSERT INTO LRM_POSITION (ID, LINK_ID, MML_ID, START_MEASURE, END_MEASURE, SIDE_CODE) VALUES (50000052, 2226334, null, 0.000, 426.5, 3);
  INSERT INTO ASSET_LINK (ASSET_ID,POSITION_ID) values (700102,50000052);
  INSERT INTO SINGLE_CHOICE_VALUE (ASSET_ID,ENUMERATED_VALUE_ID,PROPERTY_ID) values (700102,(select id from enumerated_value where value = 60),(select id from property where public_id = 'rajoitus'));
-- Cases 7&8 (shortened): OLD_ID: 2226381, NEW_ID: 2226381
-- Speed limit case 3 (split)
  INSERT INTO ASSET (ID,ASSET_TYPE_ID,FLOATING) values (700101,20,0);
  INSERT INTO LRM_POSITION (ID, LINK_ID, MML_ID, START_MEASURE, END_MEASURE, SIDE_CODE) VALUES (50000051, 2226381, null, 0.000, 80, 1);
  INSERT INTO ASSET_LINK (ASSET_ID,POSITION_ID) values (700101,50000051);
  INSERT INTO SINGLE_CHOICE_VALUE (ASSET_ID,ENUMERATED_VALUE_ID,PROPERTY_ID) values (700101,(select id from enumerated_value where value = 80),(select id from property where public_id = 'rajoitus'));

  INSERT INTO ASSET (ID,ASSET_TYPE_ID,FLOATING) values (700103,20,0);
  INSERT INTO LRM_POSITION (ID, LINK_ID, MML_ID, START_MEASURE, END_MEASURE, SIDE_CODE) VALUES (50000053, 2226381, null, 80, 163.6, 1);
  INSERT INTO ASSET_LINK (ASSET_ID,POSITION_ID) values (700103,50000053);
  INSERT INTO SINGLE_CHOICE_VALUE (ASSET_ID,ENUMERATED_VALUE_ID,PROPERTY_ID) values (700103,(select id from enumerated_value where value = 60),(select id from property where public_id = 'rajoitus'));